Fitter report for ProjetoOAC
Mon Jun 29 22:16:25 2026
Quartus Prime Version 21.1.1 Build 850 06/23/2022 SJ Lite Edition


---------------------
; Table of Contents ;
---------------------
  1. Legal Notice
  2. Fitter Summary
  3. Fitter Settings
  4. Parallel Compilation
  5. Incremental Compilation Preservation Summary
  6. Incremental Compilation Partition Settings
  7. Incremental Compilation Placement Preservation
  8. Pin-Out File
  9. Fitter Resource Usage Summary
 10. Fitter Partition Statistics
 11. Input Pins
 12. Output Pins
 13. Dual Purpose and Dedicated Pins
 14. I/O Bank Usage
 15. All Package Pins
 16. I/O Assignment Warnings
 17. Fitter Resource Utilization by Entity
 18. Delay Chain Summary
 19. Pad To Core Delay Chain Fanout
 20. Control Signals
 21. Global & Other Fast Signals
 22. Non-Global High Fan-Out Signals
 23. Routing Usage Summary
 24. LAB Logic Elements
 25. LAB-wide Signals
 26. LAB Signals Sourced
 27. LAB Signals Sourced Out
 28. LAB Distinct Inputs
 29. I/O Rules Summary
 30. I/O Rules Details
 31. I/O Rules Matrix
 32. Fitter Device Options
 33. Operating Settings and Conditions
 34. Fitter Messages
 35. Fitter Suppressed Messages



----------------
; Legal Notice ;
----------------
Copyright (C) 2022  Intel Corporation. All rights reserved.
Your use of Intel Corporation's design tools, logic functions 
and other software and tools, and any partner logic 
functions, and any output files from any of the foregoing 
(including device programming or simulation files), and any 
associated documentation or information are expressly subject 
to the terms and conditions of the Intel Program License 
Subscription Agreement, the Intel Quartus Prime License Agreement,
the Intel FPGA IP License Agreement, or other applicable license
agreement, including, without limitation, that your use is for
the sole purpose of programming logic devices manufactured by
Intel and sold by Intel or its authorized distributors.  Please
refer to the applicable agreement for further details, at
https://fpgasoftware.intel.com/eula.



+----------------------------------------------------------------------------------+
; Fitter Summary                                                                   ;
+------------------------------------+---------------------------------------------+
; Fitter Status                      ; Successful - Mon Jun 29 22:16:25 2026       ;
; Quartus Prime Version              ; 21.1.1 Build 850 06/23/2022 SJ Lite Edition ;
; Revision Name                      ; ProjetoOAC                                  ;
; Top-level Entity Name              ; pl_top_no_pll                               ;
; Family                             ; Cyclone IV E                                ;
; Device                             ; EP4CE115F29C7                               ;
; Timing Models                      ; Final                                       ;
; Total logic elements               ; 13,924 / 114,480 ( 12 % )                   ;
;     Total combinational functions  ; 9,630 / 114,480 ( 8 % )                     ;
;     Dedicated logic registers      ; 9,723 / 114,480 ( 8 % )                     ;
; Total registers                    ; 9723                                        ;
; Total pins                         ; 52 / 529 ( 10 % )                           ;
; Total virtual pins                 ; 0                                           ;
; Total memory bits                  ; 0 / 3,981,312 ( 0 % )                       ;
; Embedded Multiplier 9-bit elements ; 0 / 532 ( 0 % )                             ;
; Total PLLs                         ; 0 / 4 ( 0 % )                               ;
+------------------------------------+---------------------------------------------+


+----------------------------------------------------------------------------------------------------------------------------------------------------+
; Fitter Settings                                                                                                                                    ;
+--------------------------------------------------------------------+---------------------------------------+---------------------------------------+
; Option                                                             ; Setting                               ; Default Value                         ;
+--------------------------------------------------------------------+---------------------------------------+---------------------------------------+
; Device                                                             ; EP4CE115F29C7                         ;                                       ;
; Nominal Core Supply Voltage                                        ; 1.2V                                  ;                                       ;
; Minimum Core Junction Temperature                                  ; 0                                     ;                                       ;
; Maximum Core Junction Temperature                                  ; 85                                    ;                                       ;
; Fit Attempts to Skip                                               ; 0                                     ; 0.0                                   ;
; Use smart compilation                                              ; Off                                   ; Off                                   ;
; Enable parallel Assembler and Timing Analyzer during compilation   ; On                                    ; On                                    ;
; Enable compact report table                                        ; Off                                   ; Off                                   ;
; Auto Merge PLLs                                                    ; On                                    ; On                                    ;
; Router Timing Optimization Level                                   ; Normal                                ; Normal                                ;
; Perform Clocking Topology Analysis During Routing                  ; Off                                   ; Off                                   ;
; Placement Effort Multiplier                                        ; 1.0                                   ; 1.0                                   ;
; Router Effort Multiplier                                           ; 1.0                                   ; 1.0                                   ;
; Optimize Hold Timing                                               ; All Paths                             ; All Paths                             ;
; Optimize Multi-Corner Timing                                       ; On                                    ; On                                    ;
; Power Optimization During Fitting                                  ; Normal compilation                    ; Normal compilation                    ;
; SSN Optimization                                                   ; Off                                   ; Off                                   ;
; Optimize Timing                                                    ; Normal compilation                    ; Normal compilation                    ;
; Optimize Timing for ECOs                                           ; Off                                   ; Off                                   ;
; Regenerate Full Fit Report During ECO Compiles                     ; Off                                   ; Off                                   ;
; Optimize IOC Register Placement for Timing                         ; Normal                                ; Normal                                ;
; Limit to One Fitting Attempt                                       ; Off                                   ; Off                                   ;
; Final Placement Optimizations                                      ; Automatically                         ; Automatically                         ;
; Fitter Aggressive Routability Optimizations                        ; Automatically                         ; Automatically                         ;
; Fitter Initial Placement Seed                                      ; 1                                     ; 1                                     ;
; Periphery to Core Placement and Routing Optimization               ; Off                                   ; Off                                   ;
; PCI I/O                                                            ; Off                                   ; Off                                   ;
; Weak Pull-Up Resistor                                              ; Off                                   ; Off                                   ;
; Enable Bus-Hold Circuitry                                          ; Off                                   ; Off                                   ;
; Auto Packed Registers                                              ; Auto                                  ; Auto                                  ;
; Auto Delay Chains                                                  ; On                                    ; On                                    ;
; Auto Delay Chains for High Fanout Input Pins                       ; Off                                   ; Off                                   ;
; Allow Single-ended Buffer for Differential-XSTL Input              ; Off                                   ; Off                                   ;
; Treat Bidirectional Pin as Output Pin                              ; Off                                   ; Off                                   ;
; Perform Physical Synthesis for Combinational Logic for Fitting     ; Off                                   ; Off                                   ;
; Perform Physical Synthesis for Combinational Logic for Performance ; Off                                   ; Off                                   ;
; Perform Register Duplication for Performance                       ; Off                                   ; Off                                   ;
; Perform Logic to Memory Mapping for Fitting                        ; Off                                   ; Off                                   ;
; Perform Register Retiming for Performance                          ; Off                                   ; Off                                   ;
; Perform Asynchronous Signal Pipelining                             ; Off                                   ; Off                                   ;
; Fitter Effort                                                      ; Auto Fit                              ; Auto Fit                              ;
; Physical Synthesis Effort Level                                    ; Normal                                ; Normal                                ;
; Logic Cell Insertion - Logic Duplication                           ; Auto                                  ; Auto                                  ;
; Auto Register Duplication                                          ; Auto                                  ; Auto                                  ;
; Auto Global Clock                                                  ; On                                    ; On                                    ;
; Auto Global Register Control Signals                               ; On                                    ; On                                    ;
; Reserve all unused pins                                            ; As input tri-stated with weak pull-up ; As input tri-stated with weak pull-up ;
; Synchronizer Identification                                        ; Auto                                  ; Auto                                  ;
; Enable Beneficial Skew Optimization                                ; On                                    ; On                                    ;
; Optimize Design for Metastability                                  ; On                                    ; On                                    ;
; Force Fitter to Avoid Periphery Placement Warnings                 ; Off                                   ; Off                                   ;
; Enable input tri-state on active configuration pins in user mode   ; Off                                   ; Off                                   ;
+--------------------------------------------------------------------+---------------------------------------+---------------------------------------+


+------------------------------------------+
; Parallel Compilation                     ;
+----------------------------+-------------+
; Processors                 ; Number      ;
+----------------------------+-------------+
; Number detected on machine ; 16          ;
; Maximum allowed            ; 16          ;
;                            ;             ;
; Average used               ; 1.32        ;
; Maximum used               ; 16          ;
;                            ;             ;
; Usage by Processor         ; % Time Used ;
;     Processor 1            ; 100.0%      ;
;     Processor 2            ;   2.5%      ;
;     Processor 3            ;   2.4%      ;
;     Processor 4            ;   2.4%      ;
;     Processor 5            ;   2.3%      ;
;     Processor 6            ;   2.3%      ;
;     Processor 7            ;   2.3%      ;
;     Processor 8            ;   2.2%      ;
;     Processors 9-16        ;   1.9%      ;
+----------------------------+-------------+


+----------------------------------------------------------------------------------------------------+
; Incremental Compilation Preservation Summary                                                       ;
+---------------------+----------------------+----------------------------+--------------------------+
; Type                ; Total [A + B]        ; From Design Partitions [A] ; From Rapid Recompile [B] ;
+---------------------+----------------------+----------------------------+--------------------------+
; Placement (by node) ;                      ;                            ;                          ;
;     -- Requested    ; 0.00 % ( 0 / 19469 ) ; 0.00 % ( 0 / 19469 )       ; 0.00 % ( 0 / 19469 )     ;
;     -- Achieved     ; 0.00 % ( 0 / 19469 ) ; 0.00 % ( 0 / 19469 )       ; 0.00 % ( 0 / 19469 )     ;
;                     ;                      ;                            ;                          ;
; Routing (by net)    ;                      ;                            ;                          ;
;     -- Requested    ; 0.00 % ( 0 / 0 )     ; 0.00 % ( 0 / 0 )           ; 0.00 % ( 0 / 0 )         ;
;     -- Achieved     ; 0.00 % ( 0 / 0 )     ; 0.00 % ( 0 / 0 )           ; 0.00 % ( 0 / 0 )         ;
+---------------------+----------------------+----------------------------+--------------------------+


+----------------------------------------------------------------------------------------------------------------------------------------------------------------------------------------+
; Incremental Compilation Partition Settings                                                                                                                                             ;
+--------------------------------+----------------+-------------------+-------------------------+------------------------+------------------------------+--------------------------------+
; Partition Name                 ; Partition Type ; Netlist Type Used ; Preservation Level Used ; Netlist Type Requested ; Preservation Level Requested ; Contents                       ;
+--------------------------------+----------------+-------------------+-------------------------+------------------------+------------------------------+--------------------------------+
; Top                            ; User-created   ; Source File       ; N/A                     ; Source File            ; N/A                          ;                                ;
; hard_block:auto_generated_inst ; Auto-generated ; Source File       ; N/A                     ; Source File            ; N/A                          ; hard_block:auto_generated_inst ;
+--------------------------------+----------------+-------------------+-------------------------+------------------------+------------------------------+--------------------------------+


+------------------------------------------------------------------------------------------------------------------------------------+
; Incremental Compilation Placement Preservation                                                                                     ;
+--------------------------------+-----------------------+-------------------------+-------------------+---------------------+-------+
; Partition Name                 ; Preservation Achieved ; Preservation Level Used ; Netlist Type Used ; Preservation Method ; Notes ;
+--------------------------------+-----------------------+-------------------------+-------------------+---------------------+-------+
; Top                            ; 0.00 % ( 0 / 19459 )  ; N/A                     ; Source File       ; N/A                 ;       ;
; hard_block:auto_generated_inst ; 0.00 % ( 0 / 10 )     ; N/A                     ; Source File       ; N/A                 ;       ;
+--------------------------------+-----------------------+-------------------------+-------------------+---------------------+-------+


+--------------+
; Pin-Out File ;
+--------------+
The pin-out file can be found in C:/Users/gvca/Documents/ProjetoOAC/Alterado/quartus/output_files/ProjetoOAC.pin.


+-------------------------------------------------------------------------+
; Fitter Resource Usage Summary                                           ;
+---------------------------------------------+---------------------------+
; Resource                                    ; Usage                     ;
+---------------------------------------------+---------------------------+
; Total logic elements                        ; 13,924 / 114,480 ( 12 % ) ;
;     -- Combinational with no register       ; 4201                      ;
;     -- Register only                        ; 4294                      ;
;     -- Combinational with a register        ; 5429                      ;
;                                             ;                           ;
; Logic element usage by number of LUT inputs ;                           ;
;     -- 4 input functions                    ; 7811                      ;
;     -- 3 input functions                    ; 619                       ;
;     -- <=2 input functions                  ; 1200                      ;
;     -- Register only                        ; 4294                      ;
;                                             ;                           ;
; Logic elements by mode                      ;                           ;
;     -- normal mode                          ; 9429                      ;
;     -- arithmetic mode                      ; 201                       ;
;                                             ;                           ;
; Total registers*                            ; 9,723 / 117,053 ( 8 % )   ;
;     -- Dedicated logic registers            ; 9,723 / 114,480 ( 8 % )   ;
;     -- I/O registers                        ; 0 / 2,573 ( 0 % )         ;
;                                             ;                           ;
; Total LABs:  partially or completely used   ; 1,128 / 7,155 ( 16 % )    ;
; Virtual pins                                ; 0                         ;
; I/O pins                                    ; 52 / 529 ( 10 % )         ;
;     -- Clock pins                           ; 1 / 7 ( 14 % )            ;
;     -- Dedicated input pins                 ; 0 / 9 ( 0 % )             ;
;                                             ;                           ;
; M9Ks                                        ; 0 / 432 ( 0 % )           ;
; Total block memory bits                     ; 0 / 3,981,312 ( 0 % )     ;
; Total block memory implementation bits      ; 0 / 3,981,312 ( 0 % )     ;
; Embedded Multiplier 9-bit elements          ; 0 / 532 ( 0 % )           ;
; PLLs                                        ; 0 / 4 ( 0 % )             ;
; Global signals                              ; 1                         ;
;     -- Global clocks                        ; 1 / 20 ( 5 % )            ;
; JTAGs                                       ; 0 / 1 ( 0 % )             ;
; CRC blocks                                  ; 0 / 1 ( 0 % )             ;
; ASMI blocks                                 ; 0 / 1 ( 0 % )             ;
; Oscillator blocks                           ; 0 / 1 ( 0 % )             ;
; Impedance control blocks                    ; 0 / 4 ( 0 % )             ;
; Average interconnect usage (total/H/V)      ; 8.4% / 8.1% / 8.9%        ;
; Peak interconnect usage (total/H/V)         ; 53.5% / 51.1% / 58.3%     ;
; Maximum fan-out                             ; 9723                      ;
; Highest non-global fan-out                  ; 1057                      ;
; Total fan-out                               ; 66599                     ;
; Average fan-out                             ; 3.17                      ;
+---------------------------------------------+---------------------------+
*  Register count does not include registers inside RAM blocks or DSP blocks.



+--------------------------------------------------------------------------------------------------------+
; Fitter Partition Statistics                                                                            ;
+---------------------------------------------+-------------------------+--------------------------------+
; Statistic                                   ; Top                     ; hard_block:auto_generated_inst ;
+---------------------------------------------+-------------------------+--------------------------------+
; Difficulty Clustering Region                ; Low                     ; Low                            ;
;                                             ;                         ;                                ;
; Total logic elements                        ; 13924 / 114480 ( 12 % ) ; 0 / 114480 ( 0 % )             ;
;     -- Combinational with no register       ; 4201                    ; 0                              ;
;     -- Register only                        ; 4294                    ; 0                              ;
;     -- Combinational with a register        ; 5429                    ; 0                              ;
;                                             ;                         ;                                ;
; Logic element usage by number of LUT inputs ;                         ;                                ;
;     -- 4 input functions                    ; 7811                    ; 0                              ;
;     -- 3 input functions                    ; 619                     ; 0                              ;
;     -- <=2 input functions                  ; 1200                    ; 0                              ;
;     -- Register only                        ; 4294                    ; 0                              ;
;                                             ;                         ;                                ;
; Logic elements by mode                      ;                         ;                                ;
;     -- normal mode                          ; 9429                    ; 0                              ;
;     -- arithmetic mode                      ; 201                     ; 0                              ;
;                                             ;                         ;                                ;
; Total registers                             ; 9723                    ; 0                              ;
;     -- Dedicated logic registers            ; 9723 / 114480 ( 8 % )   ; 0 / 114480 ( 0 % )             ;
;     -- I/O registers                        ; 0                       ; 0                              ;
;                                             ;                         ;                                ;
; Total LABs:  partially or completely used   ; 1128 / 7155 ( 16 % )    ; 0 / 7155 ( 0 % )               ;
;                                             ;                         ;                                ;
; Virtual pins                                ; 0                       ; 0                              ;
; I/O pins                                    ; 52                      ; 0                              ;
; Embedded Multiplier 9-bit elements          ; 0 / 532 ( 0 % )         ; 0 / 532 ( 0 % )                ;
; Total memory bits                           ; 0                       ; 0                              ;
; Total RAM block bits                        ; 0                       ; 0                              ;
; Clock control block                         ; 1 / 24 ( 4 % )          ; 0 / 24 ( 0 % )                 ;
;                                             ;                         ;                                ;
; Connections                                 ;                         ;                                ;
;     -- Input Connections                    ; 0                       ; 0                              ;
;     -- Registered Input Connections         ; 0                       ; 0                              ;
;     -- Output Connections                   ; 0                       ; 0                              ;
;     -- Registered Output Connections        ; 0                       ; 0                              ;
;                                             ;                         ;                                ;
; Internal Connections                        ;                         ;                                ;
;     -- Total Connections                    ; 66594                   ; 5                              ;
;     -- Registered Connections               ; 30858                   ; 0                              ;
;                                             ;                         ;                                ;
; External Connections                        ;                         ;                                ;
;     -- Top                                  ; 0                       ; 0                              ;
;     -- hard_block:auto_generated_inst       ; 0                       ; 0                              ;
;                                             ;                         ;                                ;
; Partition Interface                         ;                         ;                                ;
;     -- Input Ports                          ; 24                      ; 0                              ;
;     -- Output Ports                         ; 28                      ; 0                              ;
;     -- Bidir Ports                          ; 0                       ; 0                              ;
;                                             ;                         ;                                ;
; Registered Ports                            ;                         ;                                ;
;     -- Registered Input Ports               ; 0                       ; 0                              ;
;     -- Registered Output Ports              ; 0                       ; 0                              ;
;                                             ;                         ;                                ;
; Port Connectivity                           ;                         ;                                ;
;     -- Input Ports driven by GND            ; 0                       ; 0                              ;
;     -- Output Ports driven by GND           ; 0                       ; 0                              ;
;     -- Input Ports driven by VCC            ; 0                       ; 0                              ;
;     -- Output Ports driven by VCC           ; 0                       ; 0                              ;
;     -- Input Ports with no Source           ; 0                       ; 0                              ;
;     -- Output Ports with no Source          ; 0                       ; 0                              ;
;     -- Input Ports with no Fanout           ; 0                       ; 0                              ;
;     -- Output Ports with no Fanout          ; 0                       ; 0                              ;
+---------------------------------------------+-------------------------+--------------------------------+


+-------------------------------------------------------------------------------------------------------------------------------------------------------------------------------------------------------------------------------------------------------------------------------------------+
; Input Pins                                                                                                                                                                                                                                                                                ;
+----------+-------+----------+--------------+--------------+--------------+-----------------------+--------------------+--------+----------------+---------------+-----------------+----------+--------------+--------------+---------------------------+----------------------+-----------+
; Name     ; Pin # ; I/O Bank ; X coordinate ; Y coordinate ; Z coordinate ; Combinational Fan-Out ; Registered Fan-Out ; Global ; Input Register ; Power Up High ; PCI I/O Enabled ; Bus Hold ; Weak Pull Up ; I/O Standard ; Termination Control Block ; Location assigned by ; Slew Rate ;
+----------+-------+----------+--------------+--------------+--------------+-----------------------+--------------------+--------+----------------+---------------+-----------------+----------+--------------+--------------+---------------------------+----------------------+-----------+
; CLOCK_50 ; Y2    ; 2        ; 0            ; 36           ; 14           ; 9723                  ; 0                  ; yes    ; no             ; no            ; yes             ; no       ; Off          ; 2.5 V        ; --                        ; User                 ; no        ;
; KEY[0]   ; M23   ; 6        ; 115          ; 40           ; 7            ; 508                   ; 0                  ; no     ; no             ; no            ; yes             ; no       ; Off          ; 2.5 V        ; --                        ; User                 ; no        ;
; KEY[1]   ; M21   ; 6        ; 115          ; 53           ; 14           ; 1                     ; 0                  ; no     ; no             ; no            ; yes             ; no       ; Off          ; 2.5 V        ; --                        ; User                 ; no        ;
; KEY[2]   ; N21   ; 6        ; 115          ; 42           ; 14           ; 1                     ; 0                  ; no     ; no             ; no            ; yes             ; no       ; Off          ; 2.5 V        ; --                        ; User                 ; no        ;
; KEY[3]   ; R24   ; 5        ; 115          ; 35           ; 21           ; 1                     ; 0                  ; no     ; no             ; no            ; yes             ; no       ; Off          ; 2.5 V        ; --                        ; User                 ; no        ;
; SW[0]    ; AB28  ; 5        ; 115          ; 17           ; 0            ; 1                     ; 0                  ; no     ; no             ; no            ; yes             ; no       ; Off          ; 2.5 V        ; --                        ; User                 ; no        ;
; SW[10]   ; AC24  ; 5        ; 115          ; 4            ; 14           ; 1                     ; 0                  ; no     ; no             ; no            ; yes             ; no       ; Off          ; 2.5 V        ; --                        ; User                 ; no        ;
; SW[11]   ; AB24  ; 5        ; 115          ; 5            ; 14           ; 1                     ; 0                  ; no     ; no             ; no            ; yes             ; no       ; Off          ; 2.5 V        ; --                        ; User                 ; no        ;
; SW[12]   ; AB23  ; 5        ; 115          ; 7            ; 14           ; 1                     ; 0                  ; no     ; no             ; no            ; yes             ; no       ; Off          ; 2.5 V        ; --                        ; User                 ; no        ;
; SW[13]   ; AA24  ; 5        ; 115          ; 9            ; 21           ; 1                     ; 0                  ; no     ; no             ; no            ; yes             ; no       ; Off          ; 2.5 V        ; --                        ; User                 ; no        ;
; SW[14]   ; AA23  ; 5        ; 115          ; 10           ; 7            ; 1                     ; 0                  ; no     ; no             ; no            ; yes             ; no       ; Off          ; 2.5 V        ; --                        ; User                 ; no        ;
; SW[15]   ; AA22  ; 5        ; 115          ; 6            ; 14           ; 1                     ; 0                  ; no     ; no             ; no            ; yes             ; no       ; Off          ; 2.5 V        ; --                        ; User                 ; no        ;
; SW[16]   ; Y24   ; 5        ; 115          ; 13           ; 0            ; 1                     ; 0                  ; no     ; no             ; no            ; yes             ; no       ; Off          ; 2.5 V        ; --                        ; User                 ; no        ;
; SW[17]   ; Y23   ; 5        ; 115          ; 14           ; 7            ; 1                     ; 0                  ; no     ; no             ; no            ; yes             ; no       ; Off          ; 2.5 V        ; --                        ; User                 ; no        ;
; SW[1]    ; AC28  ; 5        ; 115          ; 14           ; 0            ; 1                     ; 0                  ; no     ; no             ; no            ; yes             ; no       ; Off          ; 2.5 V        ; --                        ; User                 ; no        ;
; SW[2]    ; AC27  ; 5        ; 115          ; 15           ; 7            ; 1                     ; 0                  ; no     ; no             ; no            ; yes             ; no       ; Off          ; 2.5 V        ; --                        ; User                 ; no        ;
; SW[3]    ; AD27  ; 5        ; 115          ; 13           ; 7            ; 1                     ; 0                  ; no     ; no             ; no            ; yes             ; no       ; Off          ; 2.5 V        ; --                        ; User                 ; no        ;
; SW[4]    ; AB27  ; 5        ; 115          ; 18           ; 7            ; 1                     ; 0                  ; no     ; no             ; no            ; yes             ; no       ; Off          ; 2.5 V        ; --                        ; User                 ; no        ;
; SW[5]    ; AC26  ; 5        ; 115          ; 11           ; 7            ; 1                     ; 0                  ; no     ; no             ; no            ; yes             ; no       ; Off          ; 2.5 V        ; --                        ; User                 ; no        ;
; SW[6]    ; AD26  ; 5        ; 115          ; 10           ; 0            ; 1                     ; 0                  ; no     ; no             ; no            ; yes             ; no       ; Off          ; 2.5 V        ; --                        ; User                 ; no        ;
; SW[7]    ; AB26  ; 5        ; 115          ; 15           ; 0            ; 1                     ; 0                  ; no     ; no             ; no            ; yes             ; no       ; Off          ; 2.5 V        ; --                        ; User                 ; no        ;
; SW[8]    ; AC25  ; 5        ; 115          ; 4            ; 21           ; 1                     ; 0                  ; no     ; no             ; no            ; yes             ; no       ; Off          ; 2.5 V        ; --                        ; User                 ; no        ;
; SW[9]    ; AB25  ; 5        ; 115          ; 16           ; 7            ; 1                     ; 0                  ; no     ; no             ; no            ; yes             ; no       ; Off          ; 2.5 V        ; --                        ; User                 ; no        ;
; UART_RXD ; G12   ; 8        ; 27           ; 73           ; 7            ; 1                     ; 0                  ; no     ; no             ; no            ; yes             ; no       ; Off          ; 2.5 V        ; --                        ; User                 ; no        ;
+----------+-------+----------+--------------+--------------+--------------+-----------------------+--------------------+--------+----------------+---------------+-----------------+----------+--------------+--------------+---------------------------+----------------------+-----------+


+-----------------------------------------------------------------------------------------------------------------------------------------------------------------------------------------------------------------------------------------------------------------------------------------------------------------------------------------------------------------------------------------------------------------------------------------------------------+
; Output Pins                                                                                                                                                                                                                                                                                                                                                                                                                                               ;
+----------+-------+----------+--------------+--------------+--------------+-----------------+------------------------+---------------+-----------+-----------------+------------+---------------+----------+--------------+--------------+------------------+-----------------------------------+---------------------------+----------------------------+-----------------------------+----------------------+----------------------+---------------------+
; Name     ; Pin # ; I/O Bank ; X coordinate ; Y coordinate ; Z coordinate ; Output Register ; Output Enable Register ; Power Up High ; Slew Rate ; PCI I/O Enabled ; Open Drain ; TRI Primitive ; Bus Hold ; Weak Pull Up ; I/O Standard ; Current Strength ; Termination                       ; Termination Control Block ; Output Buffer Pre-emphasis ; Voltage Output Differential ; Location assigned by ; Output Enable Source ; Output Enable Group ;
+----------+-------+----------+--------------+--------------+--------------+-----------------+------------------------+---------------+-----------+-----------------+------------+---------------+----------+--------------+--------------+------------------+-----------------------------------+---------------------------+----------------------------+-----------------------------+----------------------+----------------------+---------------------+
; LEDG[0]  ; E21   ; 7        ; 107          ; 73           ; 7            ; no              ; no                     ; no            ; 2         ; no              ; no         ; no            ; no       ; Off          ; 2.5 V        ; Default          ; Series 50 Ohm without Calibration ; --                        ; no                         ; no                          ; User                 ; -                    ; -                   ;
; LEDG[1]  ; E22   ; 7        ; 111          ; 73           ; 7            ; no              ; no                     ; no            ; 2         ; no              ; no         ; no            ; no       ; Off          ; 2.5 V        ; Default          ; Series 50 Ohm without Calibration ; --                        ; no                         ; no                          ; User                 ; -                    ; -                   ;
; LEDG[2]  ; E25   ; 7        ; 83           ; 73           ; 0            ; no              ; no                     ; no            ; 2         ; no              ; no         ; no            ; no       ; Off          ; 2.5 V        ; Default          ; Series 50 Ohm without Calibration ; --                        ; no                         ; no                          ; User                 ; -                    ; -                   ;
; LEDG[3]  ; E24   ; 7        ; 85           ; 73           ; 21           ; no              ; no                     ; no            ; 2         ; no              ; no         ; no            ; no       ; Off          ; 2.5 V        ; Default          ; Series 50 Ohm without Calibration ; --                        ; no                         ; no                          ; User                 ; -                    ; -                   ;
; LEDG[4]  ; H21   ; 7        ; 72           ; 73           ; 14           ; no              ; no                     ; no            ; 2         ; no              ; no         ; no            ; no       ; Off          ; 2.5 V        ; Default          ; Series 50 Ohm without Calibration ; --                        ; no                         ; no                          ; User                 ; -                    ; -                   ;
; LEDG[5]  ; G20   ; 7        ; 74           ; 73           ; 14           ; no              ; no                     ; no            ; 2         ; no              ; no         ; no            ; no       ; Off          ; 2.5 V        ; Default          ; Series 50 Ohm without Calibration ; --                        ; no                         ; no                          ; User                 ; -                    ; -                   ;
; LEDG[6]  ; G22   ; 7        ; 72           ; 73           ; 21           ; no              ; no                     ; no            ; 2         ; no              ; no         ; no            ; no       ; Off          ; 2.5 V        ; Default          ; Series 50 Ohm without Calibration ; --                        ; no                         ; no                          ; User                 ; -                    ; -                   ;
; LEDG[7]  ; G21   ; 7        ; 74           ; 73           ; 21           ; no              ; no                     ; no            ; 2         ; no              ; no         ; no            ; no       ; Off          ; 2.5 V        ; Default          ; Series 50 Ohm without Calibration ; --                        ; no                         ; no                          ; User                 ; -                    ; -                   ;
; LEDG[8]  ; F17   ; 7        ; 67           ; 73           ; 14           ; no              ; no                     ; no            ; 2         ; no              ; no         ; no            ; no       ; Off          ; 2.5 V        ; Default          ; Series 50 Ohm without Calibration ; --                        ; no                         ; no                          ; User                 ; -                    ; -                   ;
; LEDR[0]  ; G19   ; 7        ; 69           ; 73           ; 14           ; no              ; no                     ; no            ; 2         ; no              ; no         ; no            ; no       ; Off          ; 2.5 V        ; Default          ; Series 50 Ohm without Calibration ; --                        ; no                         ; no                          ; User                 ; -                    ; -                   ;
; LEDR[10] ; J15   ; 7        ; 60           ; 73           ; 21           ; no              ; no                     ; no            ; 2         ; no              ; no         ; no            ; no       ; Off          ; 2.5 V        ; Default          ; Series 50 Ohm without Calibration ; --                        ; no                         ; no                          ; User                 ; -                    ; -                   ;
; LEDR[11] ; H16   ; 7        ; 65           ; 73           ; 21           ; no              ; no                     ; no            ; 2         ; no              ; no         ; no            ; no       ; Off          ; 2.5 V        ; Default          ; Series 50 Ohm without Calibration ; --                        ; no                         ; no                          ; User                 ; -                    ; -                   ;
; LEDR[12] ; J16   ; 7        ; 65           ; 73           ; 14           ; no              ; no                     ; no            ; 2         ; no              ; no         ; no            ; no       ; Off          ; 2.5 V        ; Default          ; Series 50 Ohm without Calibration ; --                        ; no                         ; no                          ; User                 ; -                    ; -                   ;
; LEDR[13] ; H17   ; 7        ; 67           ; 73           ; 7            ; no              ; no                     ; no            ; 2         ; no              ; no         ; no            ; no       ; Off          ; 2.5 V        ; Default          ; Series 50 Ohm without Calibration ; --                        ; no                         ; no                          ; User                 ; -                    ; -                   ;
; LEDR[14] ; F15   ; 7        ; 58           ; 73           ; 0            ; no              ; no                     ; no            ; 2         ; no              ; no         ; no            ; no       ; Off          ; 2.5 V        ; Default          ; Series 50 Ohm without Calibration ; --                        ; no                         ; no                          ; User                 ; -                    ; -                   ;
; LEDR[15] ; G15   ; 7        ; 65           ; 73           ; 7            ; no              ; no                     ; no            ; 2         ; no              ; no         ; no            ; no       ; Off          ; 2.5 V        ; Default          ; Series 50 Ohm without Calibration ; --                        ; no                         ; no                          ; User                 ; -                    ; -                   ;
; LEDR[16] ; G16   ; 7        ; 67           ; 73           ; 0            ; no              ; no                     ; no            ; 2         ; no              ; no         ; no            ; no       ; Off          ; 2.5 V        ; Default          ; Series 50 Ohm without Calibration ; --                        ; no                         ; no                          ; User                 ; -                    ; -                   ;
; LEDR[17] ; H15   ; 7        ; 60           ; 73           ; 14           ; no              ; no                     ; no            ; 2         ; no              ; no         ; no            ; no       ; Off          ; 2.5 V        ; Default          ; Series 50 Ohm without Calibration ; --                        ; no                         ; no                          ; User                 ; -                    ; -                   ;
; LEDR[1]  ; F19   ; 7        ; 94           ; 73           ; 0            ; no              ; no                     ; no            ; 2         ; no              ; no         ; no            ; no       ; Off          ; 2.5 V        ; Default          ; Series 50 Ohm without Calibration ; --                        ; no                         ; no                          ; User                 ; -                    ; -                   ;
; LEDR[2]  ; E19   ; 7        ; 94           ; 73           ; 7            ; no              ; no                     ; no            ; 2         ; no              ; no         ; no            ; no       ; Off          ; 2.5 V        ; Default          ; Series 50 Ohm without Calibration ; --                        ; no                         ; no                          ; User                 ; -                    ; -                   ;
; LEDR[3]  ; F21   ; 7        ; 107          ; 73           ; 14           ; no              ; no                     ; no            ; 2         ; no              ; no         ; no            ; no       ; Off          ; 2.5 V        ; Default          ; Series 50 Ohm without Calibration ; --                        ; no                         ; no                          ; User                 ; -                    ; -                   ;
; LEDR[4]  ; F18   ; 7        ; 87           ; 73           ; 14           ; no              ; no                     ; no            ; 2         ; no              ; no         ; no            ; no       ; Off          ; 2.5 V        ; Default          ; Series 50 Ohm without Calibration ; --                        ; no                         ; no                          ; User                 ; -                    ; -                   ;
; LEDR[5]  ; E18   ; 7        ; 87           ; 73           ; 7            ; no              ; no                     ; no            ; 2         ; no              ; no         ; no            ; no       ; Off          ; 2.5 V        ; Default          ; Series 50 Ohm without Calibration ; --                        ; no                         ; no                          ; User                 ; -                    ; -                   ;
; LEDR[6]  ; J19   ; 7        ; 72           ; 73           ; 7            ; no              ; no                     ; no            ; 2         ; no              ; no         ; no            ; no       ; Off          ; 2.5 V        ; Default          ; Series 50 Ohm without Calibration ; --                        ; no                         ; no                          ; User                 ; -                    ; -                   ;
; LEDR[7]  ; H19   ; 7        ; 72           ; 73           ; 0            ; no              ; no                     ; no            ; 2         ; no              ; no         ; no            ; no       ; Off          ; 2.5 V        ; Default          ; Series 50 Ohm without Calibration ; --                        ; no                         ; no                          ; User                 ; -                    ; -                   ;
; LEDR[8]  ; J17   ; 7        ; 69           ; 73           ; 0            ; no              ; no                     ; no            ; 2         ; no              ; no         ; no            ; no       ; Off          ; 2.5 V        ; Default          ; Series 50 Ohm without Calibration ; --                        ; no                         ; no                          ; User                 ; -                    ; -                   ;
; LEDR[9]  ; G17   ; 7        ; 83           ; 73           ; 21           ; no              ; no                     ; no            ; 2         ; no              ; no         ; no            ; no       ; Off          ; 2.5 V        ; Default          ; Series 50 Ohm without Calibration ; --                        ; no                         ; no                          ; User                 ; -                    ; -                   ;
; UART_TXD ; G9    ; 8        ; 13           ; 73           ; 21           ; no              ; no                     ; no            ; 2         ; no              ; no         ; no            ; no       ; Off          ; 2.5 V        ; Default          ; Series 50 Ohm without Calibration ; --                        ; no                         ; no                          ; User                 ; -                    ; -                   ;
+----------+-------+----------+--------------+--------------+--------------+-----------------+------------------------+---------------+-----------+-----------------+------------+---------------+----------+--------------+--------------+------------------+-----------------------------------+---------------------------+----------------------------+-----------------------------+----------------------+----------------------+---------------------+


+-------------------------------------------------------------------------------------------------------------------------+
; Dual Purpose and Dedicated Pins                                                                                         ;
+----------+-----------------------------+--------------------------+-------------------------+---------------------------+
; Location ; Pin Name                    ; Reserved As              ; User Signal Name        ; Pin Type                  ;
+----------+-----------------------------+--------------------------+-------------------------+---------------------------+
; F4       ; DIFFIO_L5n, DATA1, ASDO     ; As input tri-stated      ; ~ALTERA_ASDO_DATA1~     ; Dual Purpose Pin          ;
; E2       ; DIFFIO_L8p, FLASH_nCE, nCSO ; As input tri-stated      ; ~ALTERA_FLASH_nCE_nCSO~ ; Dual Purpose Pin          ;
; M6       ; nSTATUS                     ; -                        ; -                       ; Dedicated Programming Pin ;
; P3       ; DCLK                        ; As output driving ground ; ~ALTERA_DCLK~           ; Dual Purpose Pin          ;
; N7       ; DATA0                       ; As input tri-stated      ; ~ALTERA_DATA0~          ; Dual Purpose Pin          ;
; P4       ; nCONFIG                     ; -                        ; -                       ; Dedicated Programming Pin ;
; R8       ; nCE                         ; -                        ; -                       ; Dedicated Programming Pin ;
; P24      ; CONF_DONE                   ; -                        ; -                       ; Dedicated Programming Pin ;
; N22      ; MSEL0                       ; -                        ; -                       ; Dedicated Programming Pin ;
; P23      ; MSEL1                       ; -                        ; -                       ; Dedicated Programming Pin ;
; M22      ; MSEL2                       ; -                        ; -                       ; Dedicated Programming Pin ;
; P22      ; MSEL3                       ; -                        ; -                       ; Dedicated Programming Pin ;
; P28      ; DIFFIO_R23n, nCEO           ; Use as programming pin   ; ~ALTERA_nCEO~           ; Dual Purpose Pin          ;
+----------+-----------------------------+--------------------------+-------------------------+---------------------------+


+------------------------------------------------------------+
; I/O Bank Usage                                             ;
+----------+------------------+---------------+--------------+
; I/O Bank ; Usage            ; VCCIO Voltage ; VREF Voltage ;
+----------+------------------+---------------+--------------+
; 1        ; 4 / 56 ( 7 % )   ; 2.5V          ; --           ;
; 2        ; 1 / 63 ( 2 % )   ; 2.5V          ; --           ;
; 3        ; 0 / 73 ( 0 % )   ; 2.5V          ; --           ;
; 4        ; 0 / 71 ( 0 % )   ; 2.5V          ; --           ;
; 5        ; 19 / 65 ( 29 % ) ; 2.5V          ; --           ;
; 6        ; 4 / 58 ( 7 % )   ; 2.5V          ; --           ;
; 7        ; 27 / 72 ( 38 % ) ; 2.5V          ; --           ;
; 8        ; 2 / 71 ( 3 % )   ; 2.5V          ; --           ;
+----------+------------------+---------------+--------------+


+-----------------------------------------------------------------------------------------------------------------------------------------------------------------------------------------+
; All Package Pins                                                                                                                                                                        ;
+----------+------------+----------+-----------------------------------------------------------+--------+--------------+---------+------------+-----------------+----------+--------------+
; Location ; Pad Number ; I/O Bank ; Pin Name/Usage                                            ; Dir.   ; I/O Standard ; Voltage ; I/O Type   ; User Assignment ; Bus Hold ; Weak Pull Up ;
+----------+------------+----------+-----------------------------------------------------------+--------+--------------+---------+------------+-----------------+----------+--------------+
; A2       ;            ; 8        ; VCCIO8                                                    ; power  ;              ; 2.5V    ; --         ;                 ; --       ; --           ;
; A3       ; 535        ; 8        ; RESERVED_INPUT_WITH_WEAK_PULLUP                           ;        ;              ;         ; Column I/O ;                 ; no       ; On           ;
; A4       ; 532        ; 8        ; RESERVED_INPUT_WITH_WEAK_PULLUP                           ;        ;              ;         ; Column I/O ;                 ; no       ; On           ;
; A5       ;            ; 8        ; VCCIO8                                                    ; power  ;              ; 2.5V    ; --         ;                 ; --       ; --           ;
; A6       ; 504        ; 8        ; RESERVED_INPUT_WITH_WEAK_PULLUP                           ;        ;              ;         ; Column I/O ;                 ; no       ; On           ;
; A7       ; 501        ; 8        ; RESERVED_INPUT_WITH_WEAK_PULLUP                           ;        ;              ;         ; Column I/O ;                 ; no       ; On           ;
; A8       ; 517        ; 8        ; RESERVED_INPUT_WITH_WEAK_PULLUP                           ;        ;              ;         ; Column I/O ;                 ; no       ; On           ;
; A9       ;            ; 8        ; VCCIO8                                                    ; power  ;              ; 2.5V    ; --         ;                 ; --       ; --           ;
; A10      ; 491        ; 8        ; RESERVED_INPUT_WITH_WEAK_PULLUP                           ;        ;              ;         ; Column I/O ;                 ; no       ; On           ;
; A11      ; 487        ; 8        ; RESERVED_INPUT_WITH_WEAK_PULLUP                           ;        ;              ;         ; Column I/O ;                 ; no       ; On           ;
; A12      ; 482        ; 8        ; RESERVED_INPUT_WITH_WEAK_PULLUP                           ;        ;              ;         ; Column I/O ;                 ; no       ; On           ;
; A13      ;            ; 8        ; VCCIO8                                                    ; power  ;              ; 2.5V    ; --         ;                 ; --       ; --           ;
; A14      ; 472        ; 8        ; GND+                                                      ;        ;              ;         ; Column I/O ;                 ; --       ; --           ;
; A15      ; 470        ; 7        ; GND+                                                      ;        ;              ;         ; Column I/O ;                 ; --       ; --           ;
; A16      ;            ; 7        ; VCCIO7                                                    ; power  ;              ; 2.5V    ; --         ;                 ; --       ; --           ;
; A17      ; 462        ; 7        ; RESERVED_INPUT_WITH_WEAK_PULLUP                           ;        ;              ;         ; Column I/O ;                 ; no       ; On           ;
; A18      ; 442        ; 7        ; RESERVED_INPUT_WITH_WEAK_PULLUP                           ;        ;              ;         ; Column I/O ;                 ; no       ; On           ;
; A19      ; 440        ; 7        ; RESERVED_INPUT_WITH_WEAK_PULLUP                           ;        ;              ;         ; Column I/O ;                 ; no       ; On           ;
; A20      ;            ; 7        ; VCCIO7                                                    ; power  ;              ; 2.5V    ; --         ;                 ; --       ; --           ;
; A21      ; 425        ; 7        ; RESERVED_INPUT_WITH_WEAK_PULLUP                           ;        ;              ;         ; Column I/O ;                 ; no       ; On           ;
; A22      ; 423        ; 7        ; RESERVED_INPUT_WITH_WEAK_PULLUP                           ;        ;              ;         ; Column I/O ;                 ; no       ; On           ;
; A23      ; 412        ; 7        ; RESERVED_INPUT_WITH_WEAK_PULLUP                           ;        ;              ;         ; Column I/O ;                 ; no       ; On           ;
; A24      ;            ; 7        ; VCCIO7                                                    ; power  ;              ; 2.5V    ; --         ;                 ; --       ; --           ;
; A25      ; 405        ; 7        ; RESERVED_INPUT_WITH_WEAK_PULLUP                           ;        ;              ;         ; Column I/O ;                 ; no       ; On           ;
; A26      ; 404        ; 7        ; RESERVED_INPUT_WITH_WEAK_PULLUP                           ;        ;              ;         ; Column I/O ;                 ; no       ; On           ;
; A27      ;            ; 7        ; VCCIO7                                                    ; power  ;              ; 2.5V    ; --         ;                 ; --       ; --           ;
; AA1      ;            ; 2        ; VCCIO2                                                    ; power  ;              ; 2.5V    ; --         ;                 ; --       ; --           ;
; AA2      ;            ;          ; GND                                                       ; gnd    ;              ;         ; --         ;                 ; --       ; --           ;
; AA3      ; 102        ; 2        ; RESERVED_INPUT_WITH_WEAK_PULLUP                           ;        ;              ;         ; Row I/O    ;                 ; no       ; On           ;
; AA4      ; 101        ; 2        ; RESERVED_INPUT_WITH_WEAK_PULLUP                           ;        ;              ;         ; Row I/O    ;                 ; no       ; On           ;
; AA5      ; 119        ; 2        ; RESERVED_INPUT_WITH_WEAK_PULLUP                           ;        ;              ;         ; Row I/O    ;                 ; no       ; On           ;
; AA6      ; 118        ; 2        ; RESERVED_INPUT_WITH_WEAK_PULLUP                           ;        ;              ;         ; Row I/O    ;                 ; no       ; On           ;
; AA7      ; 120        ; 2        ; RESERVED_INPUT_WITH_WEAK_PULLUP                           ;        ;              ;         ; Row I/O    ;                 ; no       ; On           ;
; AA8      ; 154        ; 3        ; RESERVED_INPUT_WITH_WEAK_PULLUP                           ;        ;              ;         ; Column I/O ;                 ; no       ; On           ;
; AA9      ;            ;          ; GNDA1                                                     ; gnd    ;              ;         ; --         ;                 ; --       ; --           ;
; AA10     ; 155        ; 3        ; RESERVED_INPUT_WITH_WEAK_PULLUP                           ;        ;              ;         ; Column I/O ;                 ; no       ; On           ;
; AA11     ;            ; 3        ; VCCIO3                                                    ; power  ;              ; 2.5V    ; --         ;                 ; --       ; --           ;
; AA12     ; 188        ; 3        ; RESERVED_INPUT_WITH_WEAK_PULLUP                           ;        ;              ;         ; Column I/O ;                 ; no       ; On           ;
; AA13     ; 190        ; 3        ; RESERVED_INPUT_WITH_WEAK_PULLUP                           ;        ;              ;         ; Column I/O ;                 ; no       ; On           ;
; AA14     ; 191        ; 3        ; RESERVED_INPUT_WITH_WEAK_PULLUP                           ;        ;              ;         ; Column I/O ;                 ; no       ; On           ;
; AA15     ; 213        ; 4        ; RESERVED_INPUT_WITH_WEAK_PULLUP                           ;        ;              ;         ; Column I/O ;                 ; --       ; --           ;
; AA16     ; 211        ; 4        ; RESERVED_INPUT_WITH_WEAK_PULLUP                           ;        ;              ;         ; Column I/O ;                 ; no       ; On           ;
; AA17     ; 241        ; 4        ; RESERVED_INPUT_WITH_WEAK_PULLUP                           ;        ;              ;         ; Column I/O ;                 ; no       ; On           ;
; AA18     ;            ; 4        ; VCCIO4                                                    ; power  ;              ; 2.5V    ; --         ;                 ; --       ; --           ;
; AA19     ; 264        ; 4        ; RESERVED_INPUT_WITH_WEAK_PULLUP                           ;        ;              ;         ; Column I/O ;                 ; no       ; On           ;
; AA20     ;            ;          ; GNDA4                                                     ; gnd    ;              ;         ; --         ;                 ; --       ; --           ;
; AA21     ; 269        ; 4        ; RESERVED_INPUT_WITH_WEAK_PULLUP                           ;        ;              ;         ; Column I/O ;                 ; no       ; On           ;
; AA22     ; 275        ; 5        ; SW[15]                                                    ; input  ; 2.5 V        ;         ; Row I/O    ; Y               ; no       ; Off          ;
; AA23     ; 280        ; 5        ; SW[14]                                                    ; input  ; 2.5 V        ;         ; Row I/O    ; Y               ; no       ; Off          ;
; AA24     ; 279        ; 5        ; SW[13]                                                    ; input  ; 2.5 V        ;         ; Row I/O    ; Y               ; no       ; Off          ;
; AA25     ; 294        ; 5        ; RESERVED_INPUT_WITH_WEAK_PULLUP                           ;        ;              ;         ; Row I/O    ;                 ; no       ; On           ;
; AA26     ; 293        ; 5        ; RESERVED_INPUT_WITH_WEAK_PULLUP                           ;        ;              ;         ; Row I/O    ;                 ; no       ; On           ;
; AA27     ;            ;          ; GND                                                       ; gnd    ;              ;         ; --         ;                 ; --       ; --           ;
; AA28     ;            ; 5        ; VCCIO5                                                    ; power  ;              ; 2.5V    ; --         ;                 ; --       ; --           ;
; AB1      ; 86         ; 2        ; RESERVED_INPUT_WITH_WEAK_PULLUP                           ;        ;              ;         ; Row I/O    ;                 ; no       ; On           ;
; AB2      ; 85         ; 2        ; RESERVED_INPUT_WITH_WEAK_PULLUP                           ;        ;              ;         ; Row I/O    ;                 ; no       ; On           ;
; AB3      ; 99         ; 2        ; RESERVED_INPUT_WITH_WEAK_PULLUP                           ;        ;              ;         ; Row I/O    ;                 ; no       ; On           ;
; AB4      ; 121        ; 2        ; RESERVED_INPUT_WITH_WEAK_PULLUP                           ;        ;              ;         ; Row I/O    ;                 ; --       ; --           ;
; AB5      ; 127        ; 2        ; RESERVED_INPUT_WITH_WEAK_PULLUP                           ;        ;              ;         ; Row I/O    ;                 ; no       ; On           ;
; AB6      ; 126        ; 2        ; RESERVED_INPUT_WITH_WEAK_PULLUP                           ;        ;              ;         ; Row I/O    ;                 ; no       ; On           ;
; AB7      ; 152        ; 3        ; RESERVED_INPUT_WITH_WEAK_PULLUP                           ;        ;              ;         ; Column I/O ;                 ; no       ; On           ;
; AB8      ; 148        ; 3        ; RESERVED_INPUT_WITH_WEAK_PULLUP                           ;        ;              ;         ; Column I/O ;                 ; no       ; On           ;
; AB9      ; 147        ; 3        ; RESERVED_INPUT_WITH_WEAK_PULLUP                           ;        ;              ;         ; Column I/O ;                 ; no       ; On           ;
; AB10     ; 173        ; 3        ; RESERVED_INPUT_WITH_WEAK_PULLUP                           ;        ;              ;         ; Column I/O ;                 ; no       ; On           ;
; AB11     ; 164        ; 3        ; RESERVED_INPUT_WITH_WEAK_PULLUP                           ;        ;              ;         ; Column I/O ;                 ; --       ; --           ;
; AB12     ; 180        ; 3        ; RESERVED_INPUT_WITH_WEAK_PULLUP                           ;        ;              ;         ; Column I/O ;                 ; no       ; On           ;
; AB13     ; 181        ; 3        ; RESERVED_INPUT_WITH_WEAK_PULLUP                           ;        ;              ;         ; Column I/O ;                 ; --       ; --           ;
; AB14     ; 192        ; 3        ; RESERVED_INPUT_WITH_WEAK_PULLUP                           ;        ;              ;         ; Column I/O ;                 ; no       ; On           ;
; AB15     ; 214        ; 4        ; RESERVED_INPUT_WITH_WEAK_PULLUP                           ;        ;              ;         ; Column I/O ;                 ; no       ; On           ;
; AB16     ; 212        ; 4        ; RESERVED_INPUT_WITH_WEAK_PULLUP                           ;        ;              ;         ; Column I/O ;                 ; no       ; On           ;
; AB17     ; 242        ; 4        ; RESERVED_INPUT_WITH_WEAK_PULLUP                           ;        ;              ;         ; Column I/O ;                 ; no       ; On           ;
; AB18     ; 254        ; 4        ; RESERVED_INPUT_WITH_WEAK_PULLUP                           ;        ;              ;         ; Column I/O ;                 ; no       ; On           ;
; AB19     ; 253        ; 4        ; RESERVED_INPUT_WITH_WEAK_PULLUP                           ;        ;              ;         ; Column I/O ;                 ; no       ; On           ;
; AB20     ; 257        ; 4        ; RESERVED_INPUT_WITH_WEAK_PULLUP                           ;        ;              ;         ; Column I/O ;                 ; --       ; --           ;
; AB21     ; 266        ; 4        ; RESERVED_INPUT_WITH_WEAK_PULLUP                           ;        ;              ;         ; Column I/O ;                 ; no       ; On           ;
; AB22     ; 265        ; 4        ; RESERVED_INPUT_WITH_WEAK_PULLUP                           ;        ;              ;         ; Column I/O ;                 ; no       ; On           ;
; AB23     ; 276        ; 5        ; SW[12]                                                    ; input  ; 2.5 V        ;         ; Row I/O    ; Y               ; no       ; Off          ;
; AB24     ; 274        ; 5        ; SW[11]                                                    ; input  ; 2.5 V        ;         ; Row I/O    ; Y               ; no       ; Off          ;
; AB25     ; 292        ; 5        ; SW[9]                                                     ; input  ; 2.5 V        ;         ; Row I/O    ; Y               ; no       ; Off          ;
; AB26     ; 291        ; 5        ; SW[7]                                                     ; input  ; 2.5 V        ;         ; Row I/O    ; Y               ; no       ; Off          ;
; AB27     ; 296        ; 5        ; SW[4]                                                     ; input  ; 2.5 V        ;         ; Row I/O    ; Y               ; no       ; Off          ;
; AB28     ; 295        ; 5        ; SW[0]                                                     ; input  ; 2.5 V        ;         ; Row I/O    ; Y               ; no       ; Off          ;
; AC1      ; 94         ; 2        ; RESERVED_INPUT_WITH_WEAK_PULLUP                           ;        ;              ;         ; Row I/O    ;                 ; no       ; On           ;
; AC2      ; 93         ; 2        ; RESERVED_INPUT_WITH_WEAK_PULLUP                           ;        ;              ;         ; Row I/O    ;                 ; no       ; On           ;
; AC3      ; 95         ; 2        ; RESERVED_INPUT_WITH_WEAK_PULLUP                           ;        ;              ;         ; Row I/O    ;                 ; no       ; On           ;
; AC4      ; 125        ; 2        ; RESERVED_INPUT_WITH_WEAK_PULLUP                           ;        ;              ;         ; Row I/O    ;                 ; no       ; On           ;
; AC5      ; 124        ; 2        ; RESERVED_INPUT_WITH_WEAK_PULLUP                           ;        ;              ;         ; Row I/O    ;                 ; no       ; On           ;
; AC6      ;            ;          ; GND                                                       ; gnd    ;              ;         ; --         ;                 ; --       ; --           ;
; AC7      ; 144        ; 3        ; RESERVED_INPUT_WITH_WEAK_PULLUP                           ;        ;              ;         ; Column I/O ;                 ; no       ; On           ;
; AC8      ; 153        ; 3        ; RESERVED_INPUT_WITH_WEAK_PULLUP                           ;        ;              ;         ; Column I/O ;                 ; no       ; On           ;
; AC9      ;            ;          ; GND                                                       ; gnd    ;              ;         ; --         ;                 ; --       ; --           ;
; AC10     ; 174        ; 3        ; RESERVED_INPUT_WITH_WEAK_PULLUP                           ;        ;              ;         ; Column I/O ;                 ; no       ; On           ;
; AC11     ; 185        ; 3        ; RESERVED_INPUT_WITH_WEAK_PULLUP                           ;        ;              ;         ; Column I/O ;                 ; no       ; On           ;
; AC12     ; 179        ; 3        ; RESERVED_INPUT_WITH_WEAK_PULLUP                           ;        ;              ;         ; Column I/O ;                 ; no       ; On           ;
; AC13     ;            ;          ; GND                                                       ; gnd    ;              ;         ; --         ;                 ; --       ; --           ;
; AC14     ; 195        ; 3        ; RESERVED_INPUT_WITH_WEAK_PULLUP                           ;        ;              ;         ; Column I/O ;                 ; no       ; On           ;
; AC15     ; 203        ; 4        ; RESERVED_INPUT_WITH_WEAK_PULLUP                           ;        ;              ;         ; Column I/O ;                 ; no       ; On           ;
; AC16     ;            ;          ; GND                                                       ; gnd    ;              ;         ; --         ;                 ; --       ; --           ;
; AC17     ; 221        ; 4        ; RESERVED_INPUT_WITH_WEAK_PULLUP                           ;        ;              ;         ; Column I/O ;                 ; no       ; On           ;
; AC18     ; 240        ; 4        ; RESERVED_INPUT_WITH_WEAK_PULLUP                           ;        ;              ;         ; Column I/O ;                 ; --       ; --           ;
; AC19     ; 247        ; 4        ; RESERVED_INPUT_WITH_WEAK_PULLUP                           ;        ;              ;         ; Column I/O ;                 ; no       ; On           ;
; AC20     ;            ;          ; GND                                                       ; gnd    ;              ;         ; --         ;                 ; --       ; --           ;
; AC21     ; 258        ; 4        ; RESERVED_INPUT_WITH_WEAK_PULLUP                           ;        ;              ;         ; Column I/O ;                 ; no       ; On           ;
; AC22     ; 267        ; 4        ; RESERVED_INPUT_WITH_WEAK_PULLUP                           ;        ;              ;         ; Column I/O ;                 ; no       ; On           ;
; AC23     ;            ;          ; GND                                                       ; gnd    ;              ;         ; --         ;                 ; --       ; --           ;
; AC24     ; 273        ; 5        ; SW[10]                                                    ; input  ; 2.5 V        ;         ; Row I/O    ; Y               ; no       ; Off          ;
; AC25     ; 272        ; 5        ; SW[8]                                                     ; input  ; 2.5 V        ;         ; Row I/O    ; Y               ; no       ; Off          ;
; AC26     ; 282        ; 5        ; SW[5]                                                     ; input  ; 2.5 V        ;         ; Row I/O    ; Y               ; no       ; Off          ;
; AC27     ; 290        ; 5        ; SW[2]                                                     ; input  ; 2.5 V        ;         ; Row I/O    ; Y               ; no       ; Off          ;
; AC28     ; 289        ; 5        ; SW[1]                                                     ; input  ; 2.5 V        ;         ; Row I/O    ; Y               ; no       ; Off          ;
; AD1      ; 98         ; 2        ; RESERVED_INPUT_WITH_WEAK_PULLUP                           ;        ;              ;         ; Row I/O    ;                 ; no       ; On           ;
; AD2      ; 97         ; 2        ; RESERVED_INPUT_WITH_WEAK_PULLUP                           ;        ;              ;         ; Row I/O    ;                 ; no       ; On           ;
; AD3      ; 96         ; 2        ; RESERVED_INPUT_WITH_WEAK_PULLUP                           ;        ;              ;         ; Row I/O    ;                 ; no       ; On           ;
; AD4      ; 130        ; 3        ; RESERVED_INPUT_WITH_WEAK_PULLUP                           ;        ;              ;         ; Column I/O ;                 ; no       ; On           ;
; AD5      ; 128        ; 3        ; RESERVED_INPUT_WITH_WEAK_PULLUP                           ;        ;              ;         ; Column I/O ;                 ; no       ; On           ;
; AD6      ;            ; 3        ; VCCIO3                                                    ; power  ;              ; 2.5V    ; --         ;                 ; --       ; --           ;
; AD7      ; 134        ; 3        ; RESERVED_INPUT_WITH_WEAK_PULLUP                           ;        ;              ;         ; Column I/O ;                 ; no       ; On           ;
; AD8      ; 143        ; 3        ; RESERVED_INPUT_WITH_WEAK_PULLUP                           ;        ;              ;         ; Column I/O ;                 ; no       ; On           ;
; AD9      ;            ; 3        ; VCCIO3                                                    ; power  ;              ; 2.5V    ; --         ;                 ; --       ; --           ;
; AD10     ; 149        ; 3        ; RESERVED_INPUT_WITH_WEAK_PULLUP                           ;        ;              ;         ; Column I/O ;                 ; no       ; On           ;
; AD11     ; 186        ; 3        ; RESERVED_INPUT_WITH_WEAK_PULLUP                           ;        ;              ;         ; Column I/O ;                 ; no       ; On           ;
; AD12     ; 182        ; 3        ; RESERVED_INPUT_WITH_WEAK_PULLUP                           ;        ;              ;         ; Column I/O ;                 ; no       ; On           ;
; AD13     ;            ; 3        ; VCCIO3                                                    ; power  ;              ; 2.5V    ; --         ;                 ; --       ; --           ;
; AD14     ; 196        ; 3        ; RESERVED_INPUT_WITH_WEAK_PULLUP                           ;        ;              ;         ; Column I/O ;                 ; no       ; On           ;
; AD15     ; 204        ; 4        ; RESERVED_INPUT_WITH_WEAK_PULLUP                           ;        ;              ;         ; Column I/O ;                 ; no       ; On           ;
; AD16     ;            ; 4        ; VCCIO4                                                    ; power  ;              ; 2.5V    ; --         ;                 ; --       ; --           ;
; AD17     ; 222        ; 4        ; RESERVED_INPUT_WITH_WEAK_PULLUP                           ;        ;              ;         ; Column I/O ;                 ; no       ; On           ;
; AD18     ; 237        ; 4        ; RESERVED_INPUT_WITH_WEAK_PULLUP                           ;        ;              ;         ; Column I/O ;                 ; no       ; On           ;
; AD19     ; 248        ; 4        ; RESERVED_INPUT_WITH_WEAK_PULLUP                           ;        ;              ;         ; Column I/O ;                 ; no       ; On           ;
; AD20     ;            ; 4        ; VCCIO4                                                    ; power  ;              ; 2.5V    ; --         ;                 ; --       ; --           ;
; AD21     ; 259        ; 4        ; RESERVED_INPUT_WITH_WEAK_PULLUP                           ;        ;              ;         ; Column I/O ;                 ; no       ; On           ;
; AD22     ; 268        ; 4        ; RESERVED_INPUT_WITH_WEAK_PULLUP                           ;        ;              ;         ; Column I/O ;                 ; no       ; On           ;
; AD23     ;            ; 4        ; VCCIO4                                                    ; power  ;              ; 2.5V    ; --         ;                 ; --       ; --           ;
; AD24     ; 260        ; 4        ; RESERVED_INPUT_WITH_WEAK_PULLUP                           ;        ;              ;         ; Column I/O ;                 ; no       ; On           ;
; AD25     ; 255        ; 4        ; RESERVED_INPUT_WITH_WEAK_PULLUP                           ;        ;              ;         ; Column I/O ;                 ; no       ; On           ;
; AD26     ; 281        ; 5        ; SW[6]                                                     ; input  ; 2.5 V        ;         ; Row I/O    ; Y               ; no       ; Off          ;
; AD27     ; 286        ; 5        ; SW[3]                                                     ; input  ; 2.5 V        ;         ; Row I/O    ; Y               ; no       ; Off          ;
; AD28     ; 285        ; 5        ; RESERVED_INPUT_WITH_WEAK_PULLUP                           ;        ;              ;         ; Row I/O    ;                 ; no       ; On           ;
; AE1      ; 106        ; 2        ; RESERVED_INPUT_WITH_WEAK_PULLUP                           ;        ;              ;         ; Row I/O    ;                 ; no       ; On           ;
; AE2      ; 105        ; 2        ; RESERVED_INPUT_WITH_WEAK_PULLUP                           ;        ;              ;         ; Row I/O    ;                 ; no       ; On           ;
; AE3      ; 122        ; 2        ; RESERVED_INPUT_WITH_WEAK_PULLUP                           ;        ;              ;         ; Row I/O    ;                 ; no       ; On           ;
; AE4      ; 132        ; 3        ; RESERVED_INPUT_WITH_WEAK_PULLUP                           ;        ;              ;         ; Column I/O ;                 ; no       ; On           ;
; AE5      ; 135        ; 3        ; RESERVED_INPUT_WITH_WEAK_PULLUP                           ;        ;              ;         ; Column I/O ;                 ; no       ; On           ;
; AE6      ; 129        ; 3        ; RESERVED_INPUT_WITH_WEAK_PULLUP                           ;        ;              ;         ; Column I/O ;                 ; no       ; On           ;
; AE7      ; 158        ; 3        ; RESERVED_INPUT_WITH_WEAK_PULLUP                           ;        ;              ;         ; Column I/O ;                 ; no       ; On           ;
; AE8      ; 161        ; 3        ; RESERVED_INPUT_WITH_WEAK_PULLUP                           ;        ;              ;         ; Column I/O ;                 ; no       ; On           ;
; AE9      ; 163        ; 3        ; RESERVED_INPUT_WITH_WEAK_PULLUP                           ;        ;              ;         ; Column I/O ;                 ; no       ; On           ;
; AE10     ; 165        ; 3        ; RESERVED_INPUT_WITH_WEAK_PULLUP                           ;        ;              ;         ; Column I/O ;                 ; no       ; On           ;
; AE11     ; 171        ; 3        ; RESERVED_INPUT_WITH_WEAK_PULLUP                           ;        ;              ;         ; Column I/O ;                 ; no       ; On           ;
; AE12     ; 169        ; 3        ; RESERVED_INPUT_WITH_WEAK_PULLUP                           ;        ;              ;         ; Column I/O ;                 ; no       ; On           ;
; AE13     ; 177        ; 3        ; RESERVED_INPUT_WITH_WEAK_PULLUP                           ;        ;              ;         ; Column I/O ;                 ; no       ; On           ;
; AE14     ; 183        ; 3        ; RESERVED_INPUT_WITH_WEAK_PULLUP                           ;        ;              ;         ; Column I/O ;                 ; no       ; On           ;
; AE15     ; 205        ; 4        ; RESERVED_INPUT_WITH_WEAK_PULLUP                           ;        ;              ;         ; Column I/O ;                 ; no       ; On           ;
; AE16     ; 209        ; 4        ; RESERVED_INPUT_WITH_WEAK_PULLUP                           ;        ;              ;         ; Column I/O ;                 ; no       ; On           ;
; AE17     ; 215        ; 4        ; RESERVED_INPUT_WITH_WEAK_PULLUP                           ;        ;              ;         ; Column I/O ;                 ; no       ; On           ;
; AE18     ; 225        ; 4        ; RESERVED_INPUT_WITH_WEAK_PULLUP                           ;        ;              ;         ; Column I/O ;                 ; no       ; On           ;
; AE19     ; 231        ; 4        ; RESERVED_INPUT_WITH_WEAK_PULLUP                           ;        ;              ;         ; Column I/O ;                 ; no       ; On           ;
; AE20     ; 235        ; 4        ; RESERVED_INPUT_WITH_WEAK_PULLUP                           ;        ;              ;         ; Column I/O ;                 ; no       ; On           ;
; AE21     ; 238        ; 4        ; RESERVED_INPUT_WITH_WEAK_PULLUP                           ;        ;              ;         ; Column I/O ;                 ; no       ; On           ;
; AE22     ; 251        ; 4        ; RESERVED_INPUT_WITH_WEAK_PULLUP                           ;        ;              ;         ; Column I/O ;                 ; no       ; On           ;
; AE23     ; 261        ; 4        ; RESERVED_INPUT_WITH_WEAK_PULLUP                           ;        ;              ;         ; Column I/O ;                 ; no       ; On           ;
; AE24     ; 256        ; 4        ; RESERVED_INPUT_WITH_WEAK_PULLUP                           ;        ;              ;         ; Column I/O ;                 ; no       ; On           ;
; AE25     ; 243        ; 4        ; RESERVED_INPUT_WITH_WEAK_PULLUP                           ;        ;              ;         ; Column I/O ;                 ; no       ; On           ;
; AE26     ; 278        ; 5        ; RESERVED_INPUT_WITH_WEAK_PULLUP                           ;        ;              ;         ; Row I/O    ;                 ; no       ; On           ;
; AE27     ; 284        ; 5        ; RESERVED_INPUT_WITH_WEAK_PULLUP                           ;        ;              ;         ; Row I/O    ;                 ; no       ; On           ;
; AE28     ; 283        ; 5        ; RESERVED_INPUT_WITH_WEAK_PULLUP                           ;        ;              ;         ; Row I/O    ;                 ; no       ; On           ;
; AF1      ;            ;          ; GND                                                       ; gnd    ;              ;         ; --         ;                 ; --       ; --           ;
; AF2      ; 123        ; 2        ; RESERVED_INPUT_WITH_WEAK_PULLUP                           ;        ;              ;         ; Row I/O    ;                 ; no       ; On           ;
; AF3      ; 138        ; 3        ; RESERVED_INPUT_WITH_WEAK_PULLUP                           ;        ;              ;         ; Column I/O ;                 ; no       ; On           ;
; AF4      ; 131        ; 3        ; RESERVED_INPUT_WITH_WEAK_PULLUP                           ;        ;              ;         ; Column I/O ;                 ; no       ; On           ;
; AF5      ; 136        ; 3        ; RESERVED_INPUT_WITH_WEAK_PULLUP                           ;        ;              ;         ; Column I/O ;                 ; no       ; On           ;
; AF6      ; 139        ; 3        ; RESERVED_INPUT_WITH_WEAK_PULLUP                           ;        ;              ;         ; Column I/O ;                 ; no       ; On           ;
; AF7      ; 159        ; 3        ; RESERVED_INPUT_WITH_WEAK_PULLUP                           ;        ;              ;         ; Column I/O ;                 ; no       ; On           ;
; AF8      ; 162        ; 3        ; RESERVED_INPUT_WITH_WEAK_PULLUP                           ;        ;              ;         ; Column I/O ;                 ; no       ; On           ;
; AF9      ; 160        ; 3        ; RESERVED_INPUT_WITH_WEAK_PULLUP                           ;        ;              ;         ; Column I/O ;                 ; no       ; On           ;
; AF10     ; 166        ; 3        ; RESERVED_INPUT_WITH_WEAK_PULLUP                           ;        ;              ;         ; Column I/O ;                 ; no       ; On           ;
; AF11     ; 172        ; 3        ; RESERVED_INPUT_WITH_WEAK_PULLUP                           ;        ;              ;         ; Column I/O ;                 ; no       ; On           ;
; AF12     ; 170        ; 3        ; RESERVED_INPUT_WITH_WEAK_PULLUP                           ;        ;              ;         ; Column I/O ;                 ; no       ; On           ;
; AF13     ; 178        ; 3        ; RESERVED_INPUT_WITH_WEAK_PULLUP                           ;        ;              ;         ; Column I/O ;                 ; no       ; On           ;
; AF14     ; 184        ; 3        ; RESERVED_INPUT_WITH_WEAK_PULLUP                           ;        ;              ;         ; Column I/O ;                 ; no       ; On           ;
; AF15     ; 206        ; 4        ; RESERVED_INPUT_WITH_WEAK_PULLUP                           ;        ;              ;         ; Column I/O ;                 ; no       ; On           ;
; AF16     ; 210        ; 4        ; RESERVED_INPUT_WITH_WEAK_PULLUP                           ;        ;              ;         ; Column I/O ;                 ; no       ; On           ;
; AF17     ; 216        ; 4        ; RESERVED_INPUT_WITH_WEAK_PULLUP                           ;        ;              ;         ; Column I/O ;                 ; no       ; On           ;
; AF18     ; 226        ; 4        ; RESERVED_INPUT_WITH_WEAK_PULLUP                           ;        ;              ;         ; Column I/O ;                 ; no       ; On           ;
; AF19     ; 232        ; 4        ; RESERVED_INPUT_WITH_WEAK_PULLUP                           ;        ;              ;         ; Column I/O ;                 ; no       ; On           ;
; AF20     ; 236        ; 4        ; RESERVED_INPUT_WITH_WEAK_PULLUP                           ;        ;              ;         ; Column I/O ;                 ; no       ; On           ;
; AF21     ; 239        ; 4        ; RESERVED_INPUT_WITH_WEAK_PULLUP                           ;        ;              ;         ; Column I/O ;                 ; no       ; On           ;
; AF22     ; 252        ; 4        ; RESERVED_INPUT_WITH_WEAK_PULLUP                           ;        ;              ;         ; Column I/O ;                 ; no       ; On           ;
; AF23     ; 262        ; 4        ; RESERVED_INPUT_WITH_WEAK_PULLUP                           ;        ;              ;         ; Column I/O ;                 ; no       ; On           ;
; AF24     ; 233        ; 4        ; RESERVED_INPUT_WITH_WEAK_PULLUP                           ;        ;              ;         ; Column I/O ;                 ; no       ; On           ;
; AF25     ; 234        ; 4        ; RESERVED_INPUT_WITH_WEAK_PULLUP                           ;        ;              ;         ; Column I/O ;                 ; no       ; On           ;
; AF26     ; 244        ; 4        ; RESERVED_INPUT_WITH_WEAK_PULLUP                           ;        ;              ;         ; Column I/O ;                 ; no       ; On           ;
; AF27     ; 277        ; 5        ; RESERVED_INPUT_WITH_WEAK_PULLUP                           ;        ;              ;         ; Row I/O    ;                 ; no       ; On           ;
; AF28     ;            ;          ; GND                                                       ; gnd    ;              ;         ; --         ;                 ; --       ; --           ;
; AG1      ;            ; 2        ; VCCIO2                                                    ; power  ;              ; 2.5V    ; --         ;                 ; --       ; --           ;
; AG2      ;            ;          ; GND                                                       ; gnd    ;              ;         ; --         ;                 ; --       ; --           ;
; AG3      ; 133        ; 3        ; RESERVED_INPUT_WITH_WEAK_PULLUP                           ;        ;              ;         ; Column I/O ;                 ; no       ; On           ;
; AG4      ; 141        ; 3        ; RESERVED_INPUT_WITH_WEAK_PULLUP                           ;        ;              ;         ; Column I/O ;                 ; no       ; On           ;
; AG5      ;            ;          ; GND                                                       ; gnd    ;              ;         ; --         ;                 ; --       ; --           ;
; AG6      ; 145        ; 3        ; RESERVED_INPUT_WITH_WEAK_PULLUP                           ;        ;              ;         ; Column I/O ;                 ; no       ; On           ;
; AG7      ; 150        ; 3        ; RESERVED_INPUT_WITH_WEAK_PULLUP                           ;        ;              ;         ; Column I/O ;                 ; no       ; On           ;
; AG8      ; 156        ; 3        ; RESERVED_INPUT_WITH_WEAK_PULLUP                           ;        ;              ;         ; Column I/O ;                 ; no       ; On           ;
; AG9      ;            ;          ; GND                                                       ; gnd    ;              ;         ; --         ;                 ; --       ; --           ;
; AG10     ; 167        ; 3        ; RESERVED_INPUT_WITH_WEAK_PULLUP                           ;        ;              ;         ; Column I/O ;                 ; no       ; On           ;
; AG11     ; 175        ; 3        ; RESERVED_INPUT_WITH_WEAK_PULLUP                           ;        ;              ;         ; Column I/O ;                 ; no       ; On           ;
; AG12     ; 193        ; 3        ; RESERVED_INPUT_WITH_WEAK_PULLUP                           ;        ;              ;         ; Column I/O ;                 ; no       ; On           ;
; AG13     ;            ;          ; GND                                                       ; gnd    ;              ;         ; --         ;                 ; --       ; --           ;
; AG14     ; 199        ; 3        ; GND+                                                      ;        ;              ;         ; Column I/O ;                 ; --       ; --           ;
; AG15     ; 201        ; 4        ; GND+                                                      ;        ;              ;         ; Column I/O ;                 ; --       ; --           ;
; AG16     ;            ;          ; GND                                                       ; gnd    ;              ;         ; --         ;                 ; --       ; --           ;
; AG17     ; 207        ; 4        ; RESERVED_INPUT_WITH_WEAK_PULLUP                           ;        ;              ;         ; Column I/O ;                 ; no       ; On           ;
; AG18     ; 217        ; 4        ; RESERVED_INPUT_WITH_WEAK_PULLUP                           ;        ;              ;         ; Column I/O ;                 ; no       ; On           ;
; AG19     ; 219        ; 4        ; RESERVED_INPUT_WITH_WEAK_PULLUP                           ;        ;              ;         ; Column I/O ;                 ; no       ; On           ;
; AG20     ;            ;          ; GND                                                       ; gnd    ;              ;         ; --         ;                 ; --       ; --           ;
; AG21     ; 223        ; 4        ; RESERVED_INPUT_WITH_WEAK_PULLUP                           ;        ;              ;         ; Column I/O ;                 ; no       ; On           ;
; AG22     ; 227        ; 4        ; RESERVED_INPUT_WITH_WEAK_PULLUP                           ;        ;              ;         ; Column I/O ;                 ; no       ; On           ;
; AG23     ; 229        ; 4        ; RESERVED_INPUT_WITH_WEAK_PULLUP                           ;        ;              ;         ; Column I/O ;                 ; no       ; On           ;
; AG24     ;            ;          ; GND                                                       ; gnd    ;              ;         ; --         ;                 ; --       ; --           ;
; AG25     ; 245        ; 4        ; RESERVED_INPUT_WITH_WEAK_PULLUP                           ;        ;              ;         ; Column I/O ;                 ; no       ; On           ;
; AG26     ; 270        ; 4        ; RESERVED_INPUT_WITH_WEAK_PULLUP                           ;        ;              ;         ; Column I/O ;                 ; no       ; On           ;
; AG27     ;            ;          ; GND                                                       ; gnd    ;              ;         ; --         ;                 ; --       ; --           ;
; AG28     ;            ; 5        ; VCCIO5                                                    ; power  ;              ; 2.5V    ; --         ;                 ; --       ; --           ;
; AH2      ;            ; 3        ; VCCIO3                                                    ; power  ;              ; 2.5V    ; --         ;                 ; --       ; --           ;
; AH3      ; 137        ; 3        ; RESERVED_INPUT_WITH_WEAK_PULLUP                           ;        ;              ;         ; Column I/O ;                 ; no       ; On           ;
; AH4      ; 142        ; 3        ; RESERVED_INPUT_WITH_WEAK_PULLUP                           ;        ;              ;         ; Column I/O ;                 ; no       ; On           ;
; AH5      ;            ; 3        ; VCCIO3                                                    ; power  ;              ; 2.5V    ; --         ;                 ; --       ; --           ;
; AH6      ; 146        ; 3        ; RESERVED_INPUT_WITH_WEAK_PULLUP                           ;        ;              ;         ; Column I/O ;                 ; no       ; On           ;
; AH7      ; 151        ; 3        ; RESERVED_INPUT_WITH_WEAK_PULLUP                           ;        ;              ;         ; Column I/O ;                 ; no       ; On           ;
; AH8      ; 157        ; 3        ; RESERVED_INPUT_WITH_WEAK_PULLUP                           ;        ;              ;         ; Column I/O ;                 ; no       ; On           ;
; AH9      ;            ; 3        ; VCCIO3                                                    ; power  ;              ; 2.5V    ; --         ;                 ; --       ; --           ;
; AH10     ; 168        ; 3        ; RESERVED_INPUT_WITH_WEAK_PULLUP                           ;        ;              ;         ; Column I/O ;                 ; no       ; On           ;
; AH11     ; 176        ; 3        ; RESERVED_INPUT_WITH_WEAK_PULLUP                           ;        ;              ;         ; Column I/O ;                 ; no       ; On           ;
; AH12     ; 194        ; 3        ; RESERVED_INPUT_WITH_WEAK_PULLUP                           ;        ;              ;         ; Column I/O ;                 ; no       ; On           ;
; AH13     ;            ; 3        ; VCCIO3                                                    ; power  ;              ; 2.5V    ; --         ;                 ; --       ; --           ;
; AH14     ; 200        ; 3        ; GND+                                                      ;        ;              ;         ; Column I/O ;                 ; --       ; --           ;
; AH15     ; 202        ; 4        ; GND+                                                      ;        ;              ;         ; Column I/O ;                 ; --       ; --           ;
; AH16     ;            ; 4        ; VCCIO4                                                    ; power  ;              ; 2.5V    ; --         ;                 ; --       ; --           ;
; AH17     ; 208        ; 4        ; RESERVED_INPUT_WITH_WEAK_PULLUP                           ;        ;              ;         ; Column I/O ;                 ; no       ; On           ;
; AH18     ; 218        ; 4        ; RESERVED_INPUT_WITH_WEAK_PULLUP                           ;        ;              ;         ; Column I/O ;                 ; no       ; On           ;
; AH19     ; 220        ; 4        ; RESERVED_INPUT_WITH_WEAK_PULLUP                           ;        ;              ;         ; Column I/O ;                 ; no       ; On           ;
; AH20     ;            ; 4        ; VCCIO4                                                    ; power  ;              ; 2.5V    ; --         ;                 ; --       ; --           ;
; AH21     ; 224        ; 4        ; RESERVED_INPUT_WITH_WEAK_PULLUP                           ;        ;              ;         ; Column I/O ;                 ; no       ; On           ;
; AH22     ; 228        ; 4        ; RESERVED_INPUT_WITH_WEAK_PULLUP                           ;        ;              ;         ; Column I/O ;                 ; no       ; On           ;
; AH23     ; 230        ; 4        ; RESERVED_INPUT_WITH_WEAK_PULLUP                           ;        ;              ;         ; Column I/O ;                 ; no       ; On           ;
; AH24     ;            ; 4        ; VCCIO4                                                    ; power  ;              ; 2.5V    ; --         ;                 ; --       ; --           ;
; AH25     ; 246        ; 4        ; RESERVED_INPUT_WITH_WEAK_PULLUP                           ;        ;              ;         ; Column I/O ;                 ; no       ; On           ;
; AH26     ; 271        ; 4        ; RESERVED_INPUT_WITH_WEAK_PULLUP                           ;        ;              ;         ; Column I/O ;                 ; no       ; On           ;
; AH27     ;            ; 4        ; VCCIO4                                                    ; power  ;              ; 2.5V    ; --         ;                 ; --       ; --           ;
; B1       ;            ; 1        ; VCCIO1                                                    ; power  ;              ; 2.5V    ; --         ;                 ; --       ; --           ;
; B2       ;            ;          ; GND                                                       ; gnd    ;              ;         ; --         ;                 ; --       ; --           ;
; B3       ; 534        ; 8        ; RESERVED_INPUT_WITH_WEAK_PULLUP                           ;        ;              ;         ; Column I/O ;                 ; no       ; On           ;
; B4       ; 533        ; 8        ; RESERVED_INPUT_WITH_WEAK_PULLUP                           ;        ;              ;         ; Column I/O ;                 ; no       ; On           ;
; B5       ;            ;          ; GND                                                       ; gnd    ;              ;         ; --         ;                 ; --       ; --           ;
; B6       ; 505        ; 8        ; RESERVED_INPUT_WITH_WEAK_PULLUP                           ;        ;              ;         ; Column I/O ;                 ; no       ; On           ;
; B7       ; 502        ; 8        ; RESERVED_INPUT_WITH_WEAK_PULLUP                           ;        ;              ;         ; Column I/O ;                 ; no       ; On           ;
; B8       ; 518        ; 8        ; RESERVED_INPUT_WITH_WEAK_PULLUP                           ;        ;              ;         ; Column I/O ;                 ; no       ; On           ;
; B9       ;            ;          ; GND                                                       ; gnd    ;              ;         ; --         ;                 ; --       ; --           ;
; B10      ; 492        ; 8        ; RESERVED_INPUT_WITH_WEAK_PULLUP                           ;        ;              ;         ; Column I/O ;                 ; no       ; On           ;
; B11      ; 488        ; 8        ; RESERVED_INPUT_WITH_WEAK_PULLUP                           ;        ;              ;         ; Column I/O ;                 ; no       ; On           ;
; B12      ;            ;          ; GND                                                       ; gnd    ;              ;         ; --         ;                 ; --       ; --           ;
; B13      ;            ;          ; GND                                                       ; gnd    ;              ;         ; --         ;                 ; --       ; --           ;
; B14      ; 473        ; 8        ; GND+                                                      ;        ;              ;         ; Column I/O ;                 ; --       ; --           ;
; B15      ; 471        ; 7        ; GND+                                                      ;        ;              ;         ; Column I/O ;                 ; --       ; --           ;
; B16      ;            ;          ; GND                                                       ; gnd    ;              ;         ; --         ;                 ; --       ; --           ;
; B17      ; 463        ; 7        ; RESERVED_INPUT_WITH_WEAK_PULLUP                           ;        ;              ;         ; Column I/O ;                 ; no       ; On           ;
; B18      ; 443        ; 7        ; RESERVED_INPUT_WITH_WEAK_PULLUP                           ;        ;              ;         ; Column I/O ;                 ; no       ; On           ;
; B19      ; 441        ; 7        ; RESERVED_INPUT_WITH_WEAK_PULLUP                           ;        ;              ;         ; Column I/O ;                 ; no       ; On           ;
; B20      ;            ;          ; GND                                                       ; gnd    ;              ;         ; --         ;                 ; --       ; --           ;
; B21      ; 426        ; 7        ; RESERVED_INPUT_WITH_WEAK_PULLUP                           ;        ;              ;         ; Column I/O ;                 ; no       ; On           ;
; B22      ; 424        ; 7        ; RESERVED_INPUT_WITH_WEAK_PULLUP                           ;        ;              ;         ; Column I/O ;                 ; no       ; On           ;
; B23      ; 413        ; 7        ; RESERVED_INPUT_WITH_WEAK_PULLUP                           ;        ;              ;         ; Column I/O ;                 ; no       ; On           ;
; B24      ;            ;          ; GND                                                       ; gnd    ;              ;         ; --         ;                 ; --       ; --           ;
; B25      ; 406        ; 7        ; RESERVED_INPUT_WITH_WEAK_PULLUP                           ;        ;              ;         ; Column I/O ;                 ; no       ; On           ;
; B26      ; 401        ; 7        ; RESERVED_INPUT_WITH_WEAK_PULLUP                           ;        ;              ;         ; Column I/O ;                 ; no       ; On           ;
; B27      ;            ;          ; GND                                                       ; gnd    ;              ;         ; --         ;                 ; --       ; --           ;
; B28      ;            ; 6        ; VCCIO6                                                    ; power  ;              ; 2.5V    ; --         ;                 ; --       ; --           ;
; C1       ;            ;          ; GND                                                       ; gnd    ;              ;         ; --         ;                 ; --       ; --           ;
; C2       ; 1          ; 1        ; RESERVED_INPUT_WITH_WEAK_PULLUP                           ;        ;              ;         ; Row I/O    ;                 ; no       ; On           ;
; C3       ; 543        ; 8        ; RESERVED_INPUT_WITH_WEAK_PULLUP                           ;        ;              ;         ; Column I/O ;                 ; no       ; On           ;
; C4       ; 539        ; 8        ; RESERVED_INPUT_WITH_WEAK_PULLUP                           ;        ;              ;         ; Column I/O ;                 ; no       ; On           ;
; C5       ; 538        ; 8        ; RESERVED_INPUT_WITH_WEAK_PULLUP                           ;        ;              ;         ; Column I/O ;                 ; no       ; On           ;
; C6       ; 536        ; 8        ; RESERVED_INPUT_WITH_WEAK_PULLUP                           ;        ;              ;         ; Column I/O ;                 ; no       ; On           ;
; C7       ; 521        ; 8        ; RESERVED_INPUT_WITH_WEAK_PULLUP                           ;        ;              ;         ; Column I/O ;                 ; no       ; On           ;
; C8       ; 519        ; 8        ; RESERVED_INPUT_WITH_WEAK_PULLUP                           ;        ;              ;         ; Column I/O ;                 ; no       ; On           ;
; C9       ; 510        ; 8        ; RESERVED_INPUT_WITH_WEAK_PULLUP                           ;        ;              ;         ; Column I/O ;                 ; no       ; On           ;
; C10      ; 495        ; 8        ; RESERVED_INPUT_WITH_WEAK_PULLUP                           ;        ;              ;         ; Column I/O ;                 ; no       ; On           ;
; C11      ; 508        ; 8        ; RESERVED_INPUT_WITH_WEAK_PULLUP                           ;        ;              ;         ; Column I/O ;                 ; no       ; On           ;
; C12      ; 478        ; 8        ; RESERVED_INPUT_WITH_WEAK_PULLUP                           ;        ;              ;         ; Column I/O ;                 ; no       ; On           ;
; C13      ; 474        ; 8        ; RESERVED_INPUT_WITH_WEAK_PULLUP                           ;        ;              ;         ; Column I/O ;                 ; no       ; On           ;
; C14      ; 476        ; 8        ; RESERVED_INPUT_WITH_WEAK_PULLUP                           ;        ;              ;         ; Column I/O ;                 ; no       ; On           ;
; C15      ; 468        ; 7        ; RESERVED_INPUT_WITH_WEAK_PULLUP                           ;        ;              ;         ; Column I/O ;                 ; no       ; On           ;
; C16      ; 460        ; 7        ; RESERVED_INPUT_WITH_WEAK_PULLUP                           ;        ;              ;         ; Column I/O ;                 ; no       ; On           ;
; C17      ; 438        ; 7        ; RESERVED_INPUT_WITH_WEAK_PULLUP                           ;        ;              ;         ; Column I/O ;                 ; no       ; On           ;
; C18      ; 429        ; 7        ; RESERVED_INPUT_WITH_WEAK_PULLUP                           ;        ;              ;         ; Column I/O ;                 ; no       ; On           ;
; C19      ; 435        ; 7        ; RESERVED_INPUT_WITH_WEAK_PULLUP                           ;        ;              ;         ; Column I/O ;                 ; no       ; On           ;
; C20      ; 431        ; 7        ; RESERVED_INPUT_WITH_WEAK_PULLUP                           ;        ;              ;         ; Column I/O ;                 ; no       ; On           ;
; C21      ; 422        ; 7        ; RESERVED_INPUT_WITH_WEAK_PULLUP                           ;        ;              ;         ; Column I/O ;                 ; no       ; On           ;
; C22      ; 418        ; 7        ; RESERVED_INPUT_WITH_WEAK_PULLUP                           ;        ;              ;         ; Column I/O ;                 ; no       ; On           ;
; C23      ; 415        ; 7        ; RESERVED_INPUT_WITH_WEAK_PULLUP                           ;        ;              ;         ; Column I/O ;                 ; no       ; On           ;
; C24      ; 416        ; 7        ; RESERVED_INPUT_WITH_WEAK_PULLUP                           ;        ;              ;         ; Column I/O ;                 ; no       ; On           ;
; C25      ; 411        ; 7        ; RESERVED_INPUT_WITH_WEAK_PULLUP                           ;        ;              ;         ; Column I/O ;                 ; no       ; On           ;
; C26      ; 400        ; 7        ; RESERVED_INPUT_WITH_WEAK_PULLUP                           ;        ;              ;         ; Column I/O ;                 ; no       ; On           ;
; C27      ; 382        ; 6        ; RESERVED_INPUT_WITH_WEAK_PULLUP                           ;        ;              ;         ; Row I/O    ;                 ; no       ; On           ;
; C28      ;            ;          ; GND                                                       ; gnd    ;              ;         ; --         ;                 ; --       ; --           ;
; D1       ; 3          ; 1        ; RESERVED_INPUT_WITH_WEAK_PULLUP                           ;        ;              ;         ; Row I/O    ;                 ; no       ; On           ;
; D2       ; 2          ; 1        ; RESERVED_INPUT_WITH_WEAK_PULLUP                           ;        ;              ;         ; Row I/O    ;                 ; no       ; On           ;
; D3       ;            ;          ; GND                                                       ; gnd    ;              ;         ; --         ;                 ; --       ; --           ;
; D4       ; 540        ; 8        ; RESERVED_INPUT_WITH_WEAK_PULLUP                           ;        ;              ;         ; Column I/O ;                 ; no       ; On           ;
; D5       ; 537        ; 8        ; RESERVED_INPUT_WITH_WEAK_PULLUP                           ;        ;              ;         ; Column I/O ;                 ; no       ; On           ;
; D6       ; 524        ; 8        ; RESERVED_INPUT_WITH_WEAK_PULLUP                           ;        ;              ;         ; Column I/O ;                 ; no       ; On           ;
; D7       ; 522        ; 8        ; RESERVED_INPUT_WITH_WEAK_PULLUP                           ;        ;              ;         ; Column I/O ;                 ; no       ; On           ;
; D8       ; 520        ; 8        ; RESERVED_INPUT_WITH_WEAK_PULLUP                           ;        ;              ;         ; Column I/O ;                 ; no       ; On           ;
; D9       ; 511        ; 8        ; RESERVED_INPUT_WITH_WEAK_PULLUP                           ;        ;              ;         ; Column I/O ;                 ; no       ; On           ;
; D10      ; 496        ; 8        ; RESERVED_INPUT_WITH_WEAK_PULLUP                           ;        ;              ;         ; Column I/O ;                 ; no       ; On           ;
; D11      ; 509        ; 8        ; RESERVED_INPUT_WITH_WEAK_PULLUP                           ;        ;              ;         ; Column I/O ;                 ; no       ; On           ;
; D12      ; 479        ; 8        ; RESERVED_INPUT_WITH_WEAK_PULLUP                           ;        ;              ;         ; Column I/O ;                 ; no       ; On           ;
; D13      ; 475        ; 8        ; RESERVED_INPUT_WITH_WEAK_PULLUP                           ;        ;              ;         ; Column I/O ;                 ; no       ; On           ;
; D14      ; 477        ; 8        ; RESERVED_INPUT_WITH_WEAK_PULLUP                           ;        ;              ;         ; Column I/O ;                 ; no       ; On           ;
; D15      ; 469        ; 7        ; RESERVED_INPUT_WITH_WEAK_PULLUP                           ;        ;              ;         ; Column I/O ;                 ; no       ; On           ;
; D16      ; 461        ; 7        ; RESERVED_INPUT_WITH_WEAK_PULLUP                           ;        ;              ;         ; Column I/O ;                 ; no       ; On           ;
; D17      ; 439        ; 7        ; RESERVED_INPUT_WITH_WEAK_PULLUP                           ;        ;              ;         ; Column I/O ;                 ; no       ; On           ;
; D18      ; 430        ; 7        ; RESERVED_INPUT_WITH_WEAK_PULLUP                           ;        ;              ;         ; Column I/O ;                 ; no       ; On           ;
; D19      ; 436        ; 7        ; RESERVED_INPUT_WITH_WEAK_PULLUP                           ;        ;              ;         ; Column I/O ;                 ; no       ; On           ;
; D20      ; 432        ; 7        ; RESERVED_INPUT_WITH_WEAK_PULLUP                           ;        ;              ;         ; Column I/O ;                 ; no       ; On           ;
; D21      ; 419        ; 7        ; RESERVED_INPUT_WITH_WEAK_PULLUP                           ;        ;              ;         ; Column I/O ;                 ; no       ; On           ;
; D22      ; 402        ; 7        ; RESERVED_INPUT_WITH_WEAK_PULLUP                           ;        ;              ;         ; Column I/O ;                 ; no       ; On           ;
; D23      ; 414        ; 7        ; RESERVED_INPUT_WITH_WEAK_PULLUP                           ;        ;              ;         ; Column I/O ;                 ; no       ; On           ;
; D24      ; 417        ; 7        ; RESERVED_INPUT_WITH_WEAK_PULLUP                           ;        ;              ;         ; Column I/O ;                 ; no       ; On           ;
; D25      ; 410        ; 7        ; RESERVED_INPUT_WITH_WEAK_PULLUP                           ;        ;              ;         ; Column I/O ;                 ; no       ; On           ;
; D26      ; 383        ; 6        ; RESERVED_INPUT_WITH_WEAK_PULLUP                           ;        ;              ;         ; Row I/O    ;                 ; no       ; On           ;
; D27      ; 381        ; 6        ; RESERVED_INPUT_WITH_WEAK_PULLUP                           ;        ;              ;         ; Row I/O    ;                 ; no       ; On           ;
; D28      ; 380        ; 6        ; RESERVED_INPUT_WITH_WEAK_PULLUP                           ;        ;              ;         ; Row I/O    ;                 ; no       ; On           ;
; E1       ; 17         ; 1        ; RESERVED_INPUT_WITH_WEAK_PULLUP                           ;        ;              ;         ; Row I/O    ;                 ; no       ; On           ;
; E2       ; 16         ; 1        ; ~ALTERA_FLASH_nCE_nCSO~ / RESERVED_INPUT_WITH_WEAK_PULLUP ; input  ; 2.5 V        ;         ; Row I/O    ; N               ; no       ; On           ;
; E3       ; 7          ; 1        ; RESERVED_INPUT_WITH_WEAK_PULLUP                           ;        ;              ;         ; Row I/O    ;                 ; no       ; On           ;
; E4       ; 541        ; 8        ; RESERVED_INPUT_WITH_WEAK_PULLUP                           ;        ;              ;         ; Column I/O ;                 ; no       ; On           ;
; E5       ; 542        ; 8        ; RESERVED_INPUT_WITH_WEAK_PULLUP                           ;        ;              ;         ; Column I/O ;                 ; no       ; On           ;
; E6       ;            ; 8        ; VCCIO8                                                    ; power  ;              ; 2.5V    ; --         ;                 ; --       ; --           ;
; E7       ; 523        ; 8        ; RESERVED_INPUT_WITH_WEAK_PULLUP                           ;        ;              ;         ; Column I/O ;                 ; no       ; On           ;
; E8       ; 526        ; 8        ; RESERVED_INPUT_WITH_WEAK_PULLUP                           ;        ;              ;         ; Column I/O ;                 ; no       ; On           ;
; E9       ;            ; 8        ; VCCIO8                                                    ; power  ;              ; 2.5V    ; --         ;                 ; --       ; --           ;
; E10      ; 516        ; 8        ; RESERVED_INPUT_WITH_WEAK_PULLUP                           ;        ;              ;         ; Column I/O ;                 ; no       ; On           ;
; E11      ; 499        ; 8        ; RESERVED_INPUT_WITH_WEAK_PULLUP                           ;        ;              ;         ; Column I/O ;                 ; no       ; On           ;
; E12      ; 497        ; 8        ; RESERVED_INPUT_WITH_WEAK_PULLUP                           ;        ;              ;         ; Column I/O ;                 ; no       ; On           ;
; E13      ;            ; 8        ; VCCIO8                                                    ; power  ;              ; 2.5V    ; --         ;                 ; --       ; --           ;
; E14      ; 486        ; 8        ; RESERVED_INPUT_WITH_WEAK_PULLUP                           ;        ;              ;         ; Column I/O ;                 ; no       ; On           ;
; E15      ; 467        ; 7        ; RESERVED_INPUT_WITH_WEAK_PULLUP                           ;        ;              ;         ; Column I/O ;                 ; no       ; On           ;
; E16      ;            ; 7        ; VCCIO7                                                    ; power  ;              ; 2.5V    ; --         ;                 ; --       ; --           ;
; E17      ; 456        ; 7        ; RESERVED_INPUT_WITH_WEAK_PULLUP                           ;        ;              ;         ; Column I/O ;                 ; no       ; On           ;
; E18      ; 427        ; 7        ; LEDR[5]                                                   ; output ; 2.5 V        ;         ; Column I/O ; Y               ; no       ; Off          ;
; E19      ; 421        ; 7        ; LEDR[2]                                                   ; output ; 2.5 V        ;         ; Column I/O ; Y               ; no       ; Off          ;
; E20      ;            ; 7        ; VCCIO7                                                    ; power  ;              ; 2.5V    ; --         ;                 ; --       ; --           ;
; E21      ; 407        ; 7        ; LEDG[0]                                                   ; output ; 2.5 V        ;         ; Column I/O ; Y               ; no       ; Off          ;
; E22      ; 403        ; 7        ; LEDG[1]                                                   ; output ; 2.5 V        ;         ; Column I/O ; Y               ; no       ; Off          ;
; E23      ;            ; 7        ; VCCIO7                                                    ; power  ;              ; 2.5V    ; --         ;                 ; --       ; --           ;
; E24      ; 433        ; 7        ; LEDG[3]                                                   ; output ; 2.5 V        ;         ; Column I/O ; Y               ; no       ; Off          ;
; E25      ; 434        ; 7        ; LEDG[2]                                                   ; output ; 2.5 V        ;         ; Column I/O ; Y               ; no       ; Off          ;
; E26      ; 378        ; 6        ; RESERVED_INPUT_WITH_WEAK_PULLUP                           ;        ;              ;         ; Row I/O    ;                 ; no       ; On           ;
; E27      ; 375        ; 6        ; RESERVED_INPUT_WITH_WEAK_PULLUP                           ;        ;              ;         ; Row I/O    ;                 ; no       ; On           ;
; E28      ; 374        ; 6        ; RESERVED_INPUT_WITH_WEAK_PULLUP                           ;        ;              ;         ; Row I/O    ;                 ; no       ; On           ;
; F1       ; 19         ; 1        ; RESERVED_INPUT_WITH_WEAK_PULLUP                           ;        ;              ;         ; Row I/O    ;                 ; no       ; On           ;
; F2       ; 18         ; 1        ; RESERVED_INPUT_WITH_WEAK_PULLUP                           ;        ;              ;         ; Row I/O    ;                 ; no       ; On           ;
; F3       ; 8          ; 1        ; RESERVED_INPUT_WITH_WEAK_PULLUP                           ;        ;              ;         ; Row I/O    ;                 ; no       ; On           ;
; F4       ; 10         ; 1        ; ~ALTERA_ASDO_DATA1~ / RESERVED_INPUT_WITH_WEAK_PULLUP     ; input  ; 2.5 V        ;         ; Row I/O    ; N               ; no       ; On           ;
; F5       ; 9          ; 1        ; RESERVED_INPUT_WITH_WEAK_PULLUP                           ;        ;              ;         ; Row I/O    ;                 ; no       ; On           ;
; F6       ;            ;          ; GND                                                       ; gnd    ;              ;         ; --         ;                 ; --       ; --           ;
; F7       ; 531        ; 8        ; RESERVED_INPUT_WITH_WEAK_PULLUP                           ;        ;              ;         ; Column I/O ;                 ; no       ; On           ;
; F8       ; 527        ; 8        ; RESERVED_INPUT_WITH_WEAK_PULLUP                           ;        ;              ;         ; Column I/O ;                 ; no       ; On           ;
; F9       ;            ;          ; GND                                                       ; gnd    ;              ;         ; --         ;                 ; --       ; --           ;
; F10      ; 512        ; 8        ; RESERVED_INPUT_WITH_WEAK_PULLUP                           ;        ;              ;         ; Column I/O ;                 ; no       ; On           ;
; F11      ; 500        ; 8        ; RESERVED_INPUT_WITH_WEAK_PULLUP                           ;        ;              ;         ; Column I/O ;                 ; no       ; On           ;
; F12      ; 498        ; 8        ; RESERVED_INPUT_WITH_WEAK_PULLUP                           ;        ;              ;         ; Column I/O ;                 ; no       ; On           ;
; F13      ;            ;          ; GND                                                       ; gnd    ;              ;         ; --         ;                 ; --       ; --           ;
; F14      ; 485        ; 8        ; RESERVED_INPUT_WITH_WEAK_PULLUP                           ;        ;              ;         ; Column I/O ;                 ; no       ; On           ;
; F15      ; 466        ; 7        ; LEDR[14]                                                  ; output ; 2.5 V        ;         ; Column I/O ; Y               ; no       ; Off          ;
; F16      ;            ;          ; GND                                                       ; gnd    ;              ;         ; --         ;                 ; --       ; --           ;
; F17      ; 455        ; 7        ; LEDG[8]                                                   ; output ; 2.5 V        ;         ; Column I/O ; Y               ; no       ; Off          ;
; F18      ; 428        ; 7        ; LEDR[4]                                                   ; output ; 2.5 V        ;         ; Column I/O ; Y               ; no       ; Off          ;
; F19      ; 420        ; 7        ; LEDR[1]                                                   ; output ; 2.5 V        ;         ; Column I/O ; Y               ; no       ; Off          ;
; F20      ;            ;          ; GND                                                       ; gnd    ;              ;         ; --         ;                 ; --       ; --           ;
; F21      ; 408        ; 7        ; LEDR[3]                                                   ; output ; 2.5 V        ;         ; Column I/O ; Y               ; no       ; Off          ;
; F22      ; 409        ; 7        ; RESERVED_INPUT_WITH_WEAK_PULLUP                           ;        ;              ;         ; Column I/O ;                 ; --       ; --           ;
; F23      ;            ;          ; GND                                                       ; gnd    ;              ;         ; --         ;                 ; --       ; --           ;
; F24      ; 396        ; 6        ; RESERVED_INPUT_WITH_WEAK_PULLUP                           ;        ;              ;         ; Row I/O    ;                 ; no       ; On           ;
; F25      ; 395        ; 6        ; RESERVED_INPUT_WITH_WEAK_PULLUP                           ;        ;              ;         ; Row I/O    ;                 ; no       ; On           ;
; F26      ; 379        ; 6        ; RESERVED_INPUT_WITH_WEAK_PULLUP                           ;        ;              ;         ; Row I/O    ;                 ; no       ; On           ;
; F27      ; 373        ; 6        ; RESERVED_INPUT_WITH_WEAK_PULLUP                           ;        ;              ;         ; Row I/O    ;                 ; no       ; On           ;
; F28      ; 372        ; 6        ; RESERVED_INPUT_WITH_WEAK_PULLUP                           ;        ;              ;         ; Row I/O    ;                 ; no       ; On           ;
; G1       ; 26         ; 1        ; RESERVED_INPUT_WITH_WEAK_PULLUP                           ;        ;              ;         ; Row I/O    ;                 ; no       ; On           ;
; G2       ; 25         ; 1        ; RESERVED_INPUT_WITH_WEAK_PULLUP                           ;        ;              ;         ; Row I/O    ;                 ; no       ; On           ;
; G3       ; 13         ; 1        ; RESERVED_INPUT_WITH_WEAK_PULLUP                           ;        ;              ;         ; Row I/O    ;                 ; no       ; On           ;
; G4       ; 12         ; 1        ; RESERVED_INPUT_WITH_WEAK_PULLUP                           ;        ;              ;         ; Row I/O    ;                 ; no       ; On           ;
; G5       ; 6          ; 1        ; RESERVED_INPUT_WITH_WEAK_PULLUP                           ;        ;              ;         ; Row I/O    ;                 ; no       ; On           ;
; G6       ; 5          ; 1        ; RESERVED_INPUT_WITH_WEAK_PULLUP                           ;        ;              ;         ; Row I/O    ;                 ; no       ; On           ;
; G7       ; 530        ; 8        ; RESERVED_INPUT_WITH_WEAK_PULLUP                           ;        ;              ;         ; Column I/O ;                 ; no       ; On           ;
; G8       ; 528        ; 8        ; RESERVED_INPUT_WITH_WEAK_PULLUP                           ;        ;              ;         ; Column I/O ;                 ; no       ; On           ;
; G9       ; 525        ; 8        ; UART_TXD                                                  ; output ; 2.5 V        ;         ; Column I/O ; Y               ; no       ; Off          ;
; G10      ; 513        ; 8        ; RESERVED_INPUT_WITH_WEAK_PULLUP                           ;        ;              ;         ; Column I/O ;                 ; no       ; On           ;
; G11      ; 506        ; 8        ; RESERVED_INPUT_WITH_WEAK_PULLUP                           ;        ;              ;         ; Column I/O ;                 ; no       ; On           ;
; G12      ; 503        ; 8        ; UART_RXD                                                  ; input  ; 2.5 V        ;         ; Column I/O ; Y               ; no       ; Off          ;
; G13      ; 493        ; 8        ; RESERVED_INPUT_WITH_WEAK_PULLUP                           ;        ;              ;         ; Column I/O ;                 ; no       ; On           ;
; G14      ; 484        ; 8        ; RESERVED_INPUT_WITH_WEAK_PULLUP                           ;        ;              ;         ; Column I/O ;                 ; --       ; --           ;
; G15      ; 457        ; 7        ; LEDR[15]                                                  ; output ; 2.5 V        ;         ; Column I/O ; Y               ; no       ; Off          ;
; G16      ; 453        ; 7        ; LEDR[16]                                                  ; output ; 2.5 V        ;         ; Column I/O ; Y               ; no       ; Off          ;
; G17      ; 437        ; 7        ; LEDR[9]                                                   ; output ; 2.5 V        ;         ; Column I/O ; Y               ; no       ; Off          ;
; G18      ; 452        ; 7        ; RESERVED_INPUT_WITH_WEAK_PULLUP                           ;        ;              ;         ; Column I/O ;                 ; no       ; On           ;
; G19      ; 451        ; 7        ; LEDR[0]                                                   ; output ; 2.5 V        ;         ; Column I/O ; Y               ; no       ; Off          ;
; G20      ; 444        ; 7        ; LEDG[5]                                                   ; output ; 2.5 V        ;         ; Column I/O ; Y               ; no       ; Off          ;
; G21      ; 445        ; 7        ; LEDG[7]                                                   ; output ; 2.5 V        ;         ; Column I/O ; Y               ; no       ; Off          ;
; G22      ; 449        ; 7        ; LEDG[6]                                                   ; output ; 2.5 V        ;         ; Column I/O ; Y               ; no       ; Off          ;
; G23      ; 398        ; 6        ; RESERVED_INPUT_WITH_WEAK_PULLUP                           ;        ;              ;         ; Row I/O    ;                 ; no       ; On           ;
; G24      ; 397        ; 6        ; RESERVED_INPUT_WITH_WEAK_PULLUP                           ;        ;              ;         ; Row I/O    ;                 ; no       ; On           ;
; G25      ; 393        ; 6        ; RESERVED_INPUT_WITH_WEAK_PULLUP                           ;        ;              ;         ; Row I/O    ;                 ; no       ; On           ;
; G26      ; 392        ; 6        ; RESERVED_INPUT_WITH_WEAK_PULLUP                           ;        ;              ;         ; Row I/O    ;                 ; no       ; On           ;
; G27      ; 367        ; 6        ; RESERVED_INPUT_WITH_WEAK_PULLUP                           ;        ;              ;         ; Row I/O    ;                 ; no       ; On           ;
; G28      ; 366        ; 6        ; RESERVED_INPUT_WITH_WEAK_PULLUP                           ;        ;              ;         ; Row I/O    ;                 ; no       ; On           ;
; H1       ;            ; 1        ; VCCIO1                                                    ; power  ;              ; 2.5V    ; --         ;                 ; --       ; --           ;
; H2       ;            ;          ; GND                                                       ; gnd    ;              ;         ; --         ;                 ; --       ; --           ;
; H3       ; 15         ; 1        ; RESERVED_INPUT_WITH_WEAK_PULLUP                           ;        ;              ;         ; Row I/O    ;                 ; no       ; On           ;
; H4       ; 14         ; 1        ; RESERVED_INPUT_WITH_WEAK_PULLUP                           ;        ;              ;         ; Row I/O    ;                 ; no       ; On           ;
; H5       ; 20         ; 1        ; RESERVED_INPUT_WITH_WEAK_PULLUP                           ;        ;              ;         ; Row I/O    ;                 ; no       ; On           ;
; H6       ; 11         ; 1        ; RESERVED_INPUT_WITH_WEAK_PULLUP                           ;        ;              ;         ; Row I/O    ;                 ; no       ; On           ;
; H7       ; 4          ; 1        ; RESERVED_INPUT_WITH_WEAK_PULLUP                           ;        ;              ;         ; Row I/O    ;                 ; --       ; --           ;
; H8       ; 529        ; 8        ; RESERVED_INPUT_WITH_WEAK_PULLUP                           ;        ;              ;         ; Column I/O ;                 ; no       ; On           ;
; H9       ;            ;          ; GNDA3                                                     ; gnd    ;              ;         ; --         ;                 ; --       ; --           ;
; H10      ; 514        ; 8        ; RESERVED_INPUT_WITH_WEAK_PULLUP                           ;        ;              ;         ; Column I/O ;                 ; no       ; On           ;
; H11      ;            ; 8        ; VCCIO8                                                    ; power  ;              ; 2.5V    ; --         ;                 ; --       ; --           ;
; H12      ; 507        ; 8        ; RESERVED_INPUT_WITH_WEAK_PULLUP                           ;        ;              ;         ; Column I/O ;                 ; no       ; On           ;
; H13      ; 494        ; 8        ; RESERVED_INPUT_WITH_WEAK_PULLUP                           ;        ;              ;         ; Column I/O ;                 ; no       ; On           ;
; H14      ; 480        ; 8        ; RESERVED_INPUT_WITH_WEAK_PULLUP                           ;        ;              ;         ; Column I/O ;                 ; no       ; On           ;
; H15      ; 464        ; 7        ; LEDR[17]                                                  ; output ; 2.5 V        ;         ; Column I/O ; Y               ; no       ; Off          ;
; H16      ; 459        ; 7        ; LEDR[11]                                                  ; output ; 2.5 V        ;         ; Column I/O ; Y               ; no       ; Off          ;
; H17      ; 454        ; 7        ; LEDR[13]                                                  ; output ; 2.5 V        ;         ; Column I/O ; Y               ; no       ; Off          ;
; H18      ;            ; 7        ; VCCIO7                                                    ; power  ;              ; 2.5V    ; --         ;                 ; --       ; --           ;
; H19      ; 446        ; 7        ; LEDR[7]                                                   ; output ; 2.5 V        ;         ; Column I/O ; Y               ; no       ; Off          ;
; H20      ;            ;          ; GNDA2                                                     ; gnd    ;              ;         ; --         ;                 ; --       ; --           ;
; H21      ; 448        ; 7        ; LEDG[4]                                                   ; output ; 2.5 V        ;         ; Column I/O ; Y               ; no       ; Off          ;
; H22      ; 399        ; 6        ; RESERVED_INPUT_WITH_WEAK_PULLUP                           ;        ;              ;         ; Row I/O    ;                 ; no       ; On           ;
; H23      ; 391        ; 6        ; RESERVED_INPUT_WITH_WEAK_PULLUP                           ;        ;              ;         ; Row I/O    ;                 ; no       ; On           ;
; H24      ; 390        ; 6        ; RESERVED_INPUT_WITH_WEAK_PULLUP                           ;        ;              ;         ; Row I/O    ;                 ; no       ; On           ;
; H25      ; 377        ; 6        ; RESERVED_INPUT_WITH_WEAK_PULLUP                           ;        ;              ;         ; Row I/O    ;                 ; no       ; On           ;
; H26      ; 376        ; 6        ; RESERVED_INPUT_WITH_WEAK_PULLUP                           ;        ;              ;         ; Row I/O    ;                 ; no       ; On           ;
; H27      ;            ;          ; GND                                                       ; gnd    ;              ;         ; --         ;                 ; --       ; --           ;
; H28      ;            ; 6        ; VCCIO6                                                    ; power  ;              ; 2.5V    ; --         ;                 ; --       ; --           ;
; J1       ; 64         ; 1        ; GND+                                                      ;        ;              ;         ; Row I/O    ;                 ; --       ; --           ;
; J2       ;            ;          ; GND                                                       ; gnd    ;              ;         ; --         ;                 ; --       ; --           ;
; J3       ; 23         ; 1        ; RESERVED_INPUT_WITH_WEAK_PULLUP                           ;        ;              ;         ; Row I/O    ;                 ; no       ; On           ;
; J4       ; 22         ; 1        ; RESERVED_INPUT_WITH_WEAK_PULLUP                           ;        ;              ;         ; Row I/O    ;                 ; no       ; On           ;
; J5       ; 36         ; 1        ; RESERVED_INPUT_WITH_WEAK_PULLUP                           ;        ;              ;         ; Row I/O    ;                 ; no       ; On           ;
; J6       ; 35         ; 1        ; RESERVED_INPUT_WITH_WEAK_PULLUP                           ;        ;              ;         ; Row I/O    ;                 ; no       ; On           ;
; J7       ; 37         ; 1        ; RESERVED_INPUT_WITH_WEAK_PULLUP                           ;        ;              ;         ; Row I/O    ;                 ; no       ; On           ;
; J8       ;            ; --       ; VCCA3                                                     ; power  ;              ; 2.5V    ; --         ;                 ; --       ; --           ;
; J9       ;            ;          ; VCCD_PLL3                                                 ; power  ;              ; 1.2V    ; --         ;                 ; --       ; --           ;
; J10      ; 515        ; 8        ; RESERVED_INPUT_WITH_WEAK_PULLUP                           ;        ;              ;         ; Column I/O ;                 ; no       ; On           ;
; J11      ;            ;          ; GND                                                       ; gnd    ;              ;         ; --         ;                 ; --       ; --           ;
; J12      ; 490        ; 8        ; RESERVED_INPUT_WITH_WEAK_PULLUP                           ;        ;              ;         ; Column I/O ;                 ; no       ; On           ;
; J13      ; 489        ; 8        ; RESERVED_INPUT_WITH_WEAK_PULLUP                           ;        ;              ;         ; Column I/O ;                 ; no       ; On           ;
; J14      ; 481        ; 8        ; RESERVED_INPUT_WITH_WEAK_PULLUP                           ;        ;              ;         ; Column I/O ;                 ; no       ; On           ;
; J15      ; 465        ; 7        ; LEDR[10]                                                  ; output ; 2.5 V        ;         ; Column I/O ; Y               ; no       ; Off          ;
; J16      ; 458        ; 7        ; LEDR[12]                                                  ; output ; 2.5 V        ;         ; Column I/O ; Y               ; no       ; Off          ;
; J17      ; 450        ; 7        ; LEDR[8]                                                   ; output ; 2.5 V        ;         ; Column I/O ; Y               ; no       ; Off          ;
; J18      ;            ;          ; GND                                                       ; gnd    ;              ;         ; --         ;                 ; --       ; --           ;
; J19      ; 447        ; 7        ; LEDR[6]                                                   ; output ; 2.5 V        ;         ; Column I/O ; Y               ; no       ; Off          ;
; J20      ;            ;          ; VCCD_PLL2                                                 ; power  ;              ; 1.2V    ; --         ;                 ; --       ; --           ;
; J21      ;            ; --       ; VCCA2                                                     ; power  ;              ; 2.5V    ; --         ;                 ; --       ; --           ;
; J22      ; 394        ; 6        ; RESERVED_INPUT_WITH_WEAK_PULLUP                           ;        ;              ;         ; Row I/O    ;                 ; --       ; --           ;
; J23      ; 387        ; 6        ; RESERVED_INPUT_WITH_WEAK_PULLUP                           ;        ;              ;         ; Row I/O    ;                 ; no       ; On           ;
; J24      ; 386        ; 6        ; RESERVED_INPUT_WITH_WEAK_PULLUP                           ;        ;              ;         ; Row I/O    ;                 ; no       ; On           ;
; J25      ; 365        ; 6        ; RESERVED_INPUT_WITH_WEAK_PULLUP                           ;        ;              ;         ; Row I/O    ;                 ; no       ; On           ;
; J26      ; 364        ; 6        ; RESERVED_INPUT_WITH_WEAK_PULLUP                           ;        ;              ;         ; Row I/O    ;                 ; no       ; On           ;
; J27      ; 338        ; 6        ; GND+                                                      ;        ;              ;         ; Row I/O    ;                 ; --       ; --           ;
; J28      ; 337        ; 6        ; GND+                                                      ;        ;              ;         ; Row I/O    ;                 ; --       ; --           ;
; K1       ; 28         ; 1        ; RESERVED_INPUT_WITH_WEAK_PULLUP                           ;        ;              ;         ; Row I/O    ;                 ; no       ; On           ;
; K2       ; 27         ; 1        ; RESERVED_INPUT_WITH_WEAK_PULLUP                           ;        ;              ;         ; Row I/O    ;                 ; no       ; On           ;
; K3       ; 30         ; 1        ; RESERVED_INPUT_WITH_WEAK_PULLUP                           ;        ;              ;         ; Row I/O    ;                 ; no       ; On           ;
; K4       ; 29         ; 1        ; RESERVED_INPUT_WITH_WEAK_PULLUP                           ;        ;              ;         ; Row I/O    ;                 ; no       ; On           ;
; K5       ;            ; 1        ; VCCIO1                                                    ; power  ;              ; 2.5V    ; --         ;                 ; --       ; --           ;
; K6       ;            ;          ; GND                                                       ; gnd    ;              ;         ; --         ;                 ; --       ; --           ;
; K7       ; 38         ; 1        ; RESERVED_INPUT_WITH_WEAK_PULLUP                           ;        ;              ;         ; Row I/O    ;                 ; no       ; On           ;
; K8       ; 39         ; 1        ; RESERVED_INPUT_WITH_WEAK_PULLUP                           ;        ;              ;         ; Row I/O    ;                 ; no       ; On           ;
; K9       ;            ;          ; VCCINT                                                    ; power  ;              ; 1.2V    ; --         ;                 ; --       ; --           ;
; K10      ;            ;          ; GND                                                       ; gnd    ;              ;         ; --         ;                 ; --       ; --           ;
; K11      ;            ;          ; VCCINT                                                    ; power  ;              ; 1.2V    ; --         ;                 ; --       ; --           ;
; K12      ;            ;          ; GND                                                       ; gnd    ;              ;         ; --         ;                 ; --       ; --           ;
; K13      ;            ;          ; VCCINT                                                    ; power  ;              ; 1.2V    ; --         ;                 ; --       ; --           ;
; K14      ;            ;          ; GND                                                       ; gnd    ;              ;         ; --         ;                 ; --       ; --           ;
; K15      ;            ;          ; VCCINT                                                    ; power  ;              ; 1.2V    ; --         ;                 ; --       ; --           ;
; K16      ;            ;          ; GND                                                       ; gnd    ;              ;         ; --         ;                 ; --       ; --           ;
; K17      ;            ;          ; VCCINT                                                    ; power  ;              ; 1.2V    ; --         ;                 ; --       ; --           ;
; K18      ;            ;          ; GND                                                       ; gnd    ;              ;         ; --         ;                 ; --       ; --           ;
; K19      ;            ;          ; VCCINT                                                    ; power  ;              ; 1.2V    ; --         ;                 ; --       ; --           ;
; K20      ;            ;          ; GND                                                       ; gnd    ;              ;         ; --         ;                 ; --       ; --           ;
; K21      ; 389        ; 6        ; RESERVED_INPUT_WITH_WEAK_PULLUP                           ;        ;              ;         ; Row I/O    ;                 ; no       ; On           ;
; K22      ; 388        ; 6        ; RESERVED_INPUT_WITH_WEAK_PULLUP                           ;        ;              ;         ; Row I/O    ;                 ; no       ; On           ;
; K23      ;            ;          ; GND                                                       ; gnd    ;              ;         ; --         ;                 ; --       ; --           ;
; K24      ;            ; 6        ; VCCIO6                                                    ; power  ;              ; 2.5V    ; --         ;                 ; --       ; --           ;
; K25      ; 371        ; 6        ; RESERVED_INPUT_WITH_WEAK_PULLUP                           ;        ;              ;         ; Row I/O    ;                 ; no       ; On           ;
; K26      ; 370        ; 6        ; RESERVED_INPUT_WITH_WEAK_PULLUP                           ;        ;              ;         ; Row I/O    ;                 ; no       ; On           ;
; K27      ; 362        ; 6        ; RESERVED_INPUT_WITH_WEAK_PULLUP                           ;        ;              ;         ; Row I/O    ;                 ; no       ; On           ;
; K28      ; 361        ; 6        ; RESERVED_INPUT_WITH_WEAK_PULLUP                           ;        ;              ;         ; Row I/O    ;                 ; no       ; On           ;
; L1       ; 49         ; 1        ; RESERVED_INPUT_WITH_WEAK_PULLUP                           ;        ;              ;         ; Row I/O    ;                 ; no       ; On           ;
; L2       ; 48         ; 1        ; RESERVED_INPUT_WITH_WEAK_PULLUP                           ;        ;              ;         ; Row I/O    ;                 ; no       ; On           ;
; L3       ; 32         ; 1        ; RESERVED_INPUT_WITH_WEAK_PULLUP                           ;        ;              ;         ; Row I/O    ;                 ; no       ; On           ;
; L4       ; 31         ; 1        ; RESERVED_INPUT_WITH_WEAK_PULLUP                           ;        ;              ;         ; Row I/O    ;                 ; no       ; On           ;
; L5       ; 21         ; 1        ; RESERVED_INPUT_WITH_WEAK_PULLUP                           ;        ;              ;         ; Row I/O    ;                 ; --       ; --           ;
; L6       ; 43         ; 1        ; RESERVED_INPUT_WITH_WEAK_PULLUP                           ;        ;              ;         ; Row I/O    ;                 ; no       ; On           ;
; L7       ; 42         ; 1        ; RESERVED_INPUT_WITH_WEAK_PULLUP                           ;        ;              ;         ; Row I/O    ;                 ; no       ; On           ;
; L8       ; 40         ; 1        ; RESERVED_INPUT_WITH_WEAK_PULLUP                           ;        ;              ;         ; Row I/O    ;                 ; no       ; On           ;
; L9       ;            ;          ; GND                                                       ; gnd    ;              ;         ; --         ;                 ; --       ; --           ;
; L10      ;            ;          ; VCCINT                                                    ; power  ;              ; 1.2V    ; --         ;                 ; --       ; --           ;
; L11      ;            ;          ; GND                                                       ; gnd    ;              ;         ; --         ;                 ; --       ; --           ;
; L12      ;            ;          ; VCCINT                                                    ; power  ;              ; 1.2V    ; --         ;                 ; --       ; --           ;
; L13      ;            ;          ; GND                                                       ; gnd    ;              ;         ; --         ;                 ; --       ; --           ;
; L14      ;            ;          ; VCCINT                                                    ; power  ;              ; 1.2V    ; --         ;                 ; --       ; --           ;
; L15      ;            ;          ; GND                                                       ; gnd    ;              ;         ; --         ;                 ; --       ; --           ;
; L16      ;            ;          ; VCCINT                                                    ; power  ;              ; 1.2V    ; --         ;                 ; --       ; --           ;
; L17      ;            ;          ; GND                                                       ; gnd    ;              ;         ; --         ;                 ; --       ; --           ;
; L18      ;            ;          ; VCCINT                                                    ; power  ;              ; 1.2V    ; --         ;                 ; --       ; --           ;
; L19      ;            ;          ; GND                                                       ; gnd    ;              ;         ; --         ;                 ; --       ; --           ;
; L20      ;            ;          ; VCCINT                                                    ; power  ;              ; 1.2V    ; --         ;                 ; --       ; --           ;
; L21      ; 385        ; 6        ; RESERVED_INPUT_WITH_WEAK_PULLUP                           ;        ;              ;         ; Row I/O    ;                 ; no       ; On           ;
; L22      ; 384        ; 6        ; RESERVED_INPUT_WITH_WEAK_PULLUP                           ;        ;              ;         ; Row I/O    ;                 ; no       ; On           ;
; L23      ; 360        ; 6        ; RESERVED_INPUT_WITH_WEAK_PULLUP                           ;        ;              ;         ; Row I/O    ;                 ; no       ; On           ;
; L24      ; 359        ; 6        ; RESERVED_INPUT_WITH_WEAK_PULLUP                           ;        ;              ;         ; Row I/O    ;                 ; no       ; On           ;
; L25      ; 369        ; 6        ; RESERVED_INPUT_WITH_WEAK_PULLUP                           ;        ;              ;         ; Row I/O    ;                 ; no       ; On           ;
; L26      ; 363        ; 6        ; RESERVED_INPUT_WITH_WEAK_PULLUP                           ;        ;              ;         ; Row I/O    ;                 ; no       ; On           ;
; L27      ; 358        ; 6        ; RESERVED_INPUT_WITH_WEAK_PULLUP                           ;        ;              ;         ; Row I/O    ;                 ; no       ; On           ;
; L28      ; 357        ; 6        ; RESERVED_INPUT_WITH_WEAK_PULLUP                           ;        ;              ;         ; Row I/O    ;                 ; no       ; On           ;
; M1       ; 51         ; 1        ; RESERVED_INPUT_WITH_WEAK_PULLUP                           ;        ;              ;         ; Row I/O    ;                 ; no       ; On           ;
; M2       ; 50         ; 1        ; RESERVED_INPUT_WITH_WEAK_PULLUP                           ;        ;              ;         ; Row I/O    ;                 ; no       ; On           ;
; M3       ; 34         ; 1        ; RESERVED_INPUT_WITH_WEAK_PULLUP                           ;        ;              ;         ; Row I/O    ;                 ; no       ; On           ;
; M4       ; 33         ; 1        ; RESERVED_INPUT_WITH_WEAK_PULLUP                           ;        ;              ;         ; Row I/O    ;                 ; no       ; On           ;
; M5       ; 41         ; 1        ; RESERVED_INPUT_WITH_WEAK_PULLUP                           ;        ;              ;         ; Row I/O    ;                 ; --       ; --           ;
; M6       ; 24         ; 1        ; ^nSTATUS                                                  ;        ;              ;         ; --         ;                 ; --       ; --           ;
; M7       ; 47         ; 1        ; RESERVED_INPUT_WITH_WEAK_PULLUP                           ;        ;              ;         ; Row I/O    ;                 ; no       ; On           ;
; M8       ; 46         ; 1        ; RESERVED_INPUT_WITH_WEAK_PULLUP                           ;        ;              ;         ; Row I/O    ;                 ; no       ; On           ;
; M9       ;            ;          ; VCCINT                                                    ; power  ;              ; 1.2V    ; --         ;                 ; --       ; --           ;
; M10      ;            ;          ; GND                                                       ; gnd    ;              ;         ; --         ;                 ; --       ; --           ;
; M11      ;            ;          ; VCCINT                                                    ; power  ;              ; 1.2V    ; --         ;                 ; --       ; --           ;
; M12      ;            ;          ; GND                                                       ; gnd    ;              ;         ; --         ;                 ; --       ; --           ;
; M13      ;            ;          ; VCCINT                                                    ; power  ;              ; 1.2V    ; --         ;                 ; --       ; --           ;
; M14      ;            ;          ; GND                                                       ; gnd    ;              ;         ; --         ;                 ; --       ; --           ;
; M15      ;            ;          ; VCCINT                                                    ; power  ;              ; 1.2V    ; --         ;                 ; --       ; --           ;
; M16      ;            ;          ; GND                                                       ; gnd    ;              ;         ; --         ;                 ; --       ; --           ;
; M17      ;            ;          ; VCCINT                                                    ; power  ;              ; 1.2V    ; --         ;                 ; --       ; --           ;
; M18      ;            ;          ; GND                                                       ; gnd    ;              ;         ; --         ;                 ; --       ; --           ;
; M19      ;            ;          ; VCCINT                                                    ; power  ;              ; 1.2V    ; --         ;                 ; --       ; --           ;
; M20      ;            ;          ; GND                                                       ; gnd    ;              ;         ; --         ;                 ; --       ; --           ;
; M21      ; 368        ; 6        ; KEY[1]                                                    ; input  ; 2.5 V        ;         ; Row I/O    ; Y               ; no       ; Off          ;
; M22      ; 342        ; 6        ; ^MSEL2                                                    ;        ;              ;         ; --         ;                 ; --       ; --           ;
; M23      ; 344        ; 6        ; KEY[0]                                                    ; input  ; 2.5 V        ;         ; Row I/O    ; Y               ; no       ; Off          ;
; M24      ; 347        ; 6        ; RESERVED_INPUT_WITH_WEAK_PULLUP                           ;        ;              ;         ; Row I/O    ;                 ; no       ; On           ;
; M25      ; 356        ; 6        ; RESERVED_INPUT_WITH_WEAK_PULLUP                           ;        ;              ;         ; Row I/O    ;                 ; no       ; On           ;
; M26      ; 355        ; 6        ; RESERVED_INPUT_WITH_WEAK_PULLUP                           ;        ;              ;         ; Row I/O    ;                 ; no       ; On           ;
; M27      ; 354        ; 6        ; RESERVED_INPUT_WITH_WEAK_PULLUP                           ;        ;              ;         ; Row I/O    ;                 ; no       ; On           ;
; M28      ; 353        ; 6        ; RESERVED_INPUT_WITH_WEAK_PULLUP                           ;        ;              ;         ; Row I/O    ;                 ; no       ; On           ;
; N1       ;            ; 1        ; VCCIO1                                                    ; power  ;              ; 2.5V    ; --         ;                 ; --       ; --           ;
; N2       ;            ;          ; GND                                                       ; gnd    ;              ;         ; --         ;                 ; --       ; --           ;
; N3       ; 45         ; 1        ; RESERVED_INPUT_WITH_WEAK_PULLUP                           ;        ;              ;         ; Row I/O    ;                 ; no       ; On           ;
; N4       ; 44         ; 1        ; RESERVED_INPUT_WITH_WEAK_PULLUP                           ;        ;              ;         ; Row I/O    ;                 ; no       ; On           ;
; N5       ;            ; 1        ; VCCIO1                                                    ; power  ;              ; 2.5V    ; --         ;                 ; --       ; --           ;
; N6       ;            ;          ; GND                                                       ; gnd    ;              ;         ; --         ;                 ; --       ; --           ;
; N7       ; 56         ; 1        ; ~ALTERA_DATA0~ / RESERVED_INPUT_WITH_WEAK_PULLUP          ; input  ; 2.5 V        ;         ; Row I/O    ; N               ; no       ; On           ;
; N8       ; 54         ; 1        ; RESERVED_INPUT_WITH_WEAK_PULLUP                           ;        ;              ;         ; Row I/O    ;                 ; no       ; On           ;
; N9       ;            ;          ; GND                                                       ; gnd    ;              ;         ; --         ;                 ; --       ; --           ;
; N10      ;            ;          ; VCCINT                                                    ; power  ;              ; 1.2V    ; --         ;                 ; --       ; --           ;
; N11      ;            ;          ; GND                                                       ; gnd    ;              ;         ; --         ;                 ; --       ; --           ;
; N12      ;            ;          ; VCCINT                                                    ; power  ;              ; 1.2V    ; --         ;                 ; --       ; --           ;
; N13      ;            ;          ; GND                                                       ; gnd    ;              ;         ; --         ;                 ; --       ; --           ;
; N14      ;            ;          ; VCCINT                                                    ; power  ;              ; 1.2V    ; --         ;                 ; --       ; --           ;
; N15      ;            ;          ; GND                                                       ; gnd    ;              ;         ; --         ;                 ; --       ; --           ;
; N16      ;            ;          ; VCCINT                                                    ; power  ;              ; 1.2V    ; --         ;                 ; --       ; --           ;
; N17      ;            ;          ; GND                                                       ; gnd    ;              ;         ; --         ;                 ; --       ; --           ;
; N18      ;            ;          ; VCCINT                                                    ; power  ;              ; 1.2V    ; --         ;                 ; --       ; --           ;
; N19      ;            ;          ; GND                                                       ; gnd    ;              ;         ; --         ;                 ; --       ; --           ;
; N20      ;            ;          ; VCCINT                                                    ; power  ;              ; 1.2V    ; --         ;                 ; --       ; --           ;
; N21      ; 348        ; 6        ; KEY[2]                                                    ; input  ; 2.5 V        ;         ; Row I/O    ; Y               ; no       ; Off          ;
; N22      ; 340        ; 6        ; ^MSEL0                                                    ;        ;              ;         ; --         ;                 ; --       ; --           ;
; N23      ;            ;          ; GND                                                       ; gnd    ;              ;         ; --         ;                 ; --       ; --           ;
; N24      ;            ; 6        ; VCCIO6                                                    ; power  ;              ; 2.5V    ; --         ;                 ; --       ; --           ;
; N25      ; 352        ; 6        ; RESERVED_INPUT_WITH_WEAK_PULLUP                           ;        ;              ;         ; Row I/O    ;                 ; no       ; On           ;
; N26      ; 351        ; 6        ; RESERVED_INPUT_WITH_WEAK_PULLUP                           ;        ;              ;         ; Row I/O    ;                 ; no       ; On           ;
; N27      ;            ;          ; GND                                                       ; gnd    ;              ;         ; --         ;                 ; --       ; --           ;
; N28      ;            ; 6        ; VCCIO6                                                    ; power  ;              ; 2.5V    ; --         ;                 ; --       ; --           ;
; P1       ; 53         ; 1        ; RESERVED_INPUT_WITH_WEAK_PULLUP                           ;        ;              ;         ; Row I/O    ;                 ; no       ; On           ;
; P2       ; 52         ; 1        ; RESERVED_INPUT_WITH_WEAK_PULLUP                           ;        ;              ;         ; Row I/O    ;                 ; no       ; On           ;
; P3       ; 55         ; 1        ; ~ALTERA_DCLK~                                             ; output ; 2.5 V        ;         ; Row I/O    ; N               ; no       ; On           ;
; P4       ; 57         ; 1        ; ^nCONFIG                                                  ;        ;              ;         ; --         ;                 ; --       ; --           ;
; P5       ; 59         ; 1        ; #TCK                                                      ; input  ;              ;         ; --         ;                 ; --       ; --           ;
; P6       ; 61         ; 1        ; #TDO                                                      ; output ;              ;         ; --         ;                 ; --       ; --           ;
; P7       ; 58         ; 1        ; #TDI                                                      ; input  ;              ;         ; --         ;                 ; --       ; --           ;
; P8       ; 60         ; 1        ; #TMS                                                      ; input  ;              ;         ; --         ;                 ; --       ; --           ;
; P9       ;            ;          ; VCCINT                                                    ; power  ;              ; 1.2V    ; --         ;                 ; --       ; --           ;
; P10      ;            ;          ; GND                                                       ; gnd    ;              ;         ; --         ;                 ; --       ; --           ;
; P11      ;            ;          ; VCCINT                                                    ; power  ;              ; 1.2V    ; --         ;                 ; --       ; --           ;
; P12      ;            ;          ; GND                                                       ; gnd    ;              ;         ; --         ;                 ; --       ; --           ;
; P13      ;            ;          ; VCCINT                                                    ; power  ;              ; 1.2V    ; --         ;                 ; --       ; --           ;
; P14      ;            ;          ; GND                                                       ; gnd    ;              ;         ; --         ;                 ; --       ; --           ;
; P15      ;            ;          ; VCCINT                                                    ; power  ;              ; 1.2V    ; --         ;                 ; --       ; --           ;
; P16      ;            ;          ; GND                                                       ; gnd    ;              ;         ; --         ;                 ; --       ; --           ;
; P17      ;            ;          ; VCCINT                                                    ; power  ;              ; 1.2V    ; --         ;                 ; --       ; --           ;
; P18      ;            ;          ; GND                                                       ; gnd    ;              ;         ; --         ;                 ; --       ; --           ;
; P19      ;            ;          ; VCCINT                                                    ; power  ;              ; 1.2V    ; --         ;                 ; --       ; --           ;
; P20      ;            ;          ; GND                                                       ; gnd    ;              ;         ; --         ;                 ; --       ; --           ;
; P21      ; 334        ; 5        ; RESERVED_INPUT_WITH_WEAK_PULLUP                           ;        ;              ;         ; Row I/O    ;                 ; no       ; On           ;
; P22      ; 343        ; 6        ; ^MSEL3                                                    ;        ;              ;         ; --         ;                 ; --       ; --           ;
; P23      ; 341        ; 6        ; ^MSEL1                                                    ;        ;              ;         ; --         ;                 ; --       ; --           ;
; P24      ; 339        ; 6        ; ^CONF_DONE                                                ;        ;              ;         ; --         ;                 ; --       ; --           ;
; P25      ; 346        ; 6        ; RESERVED_INPUT_WITH_WEAK_PULLUP                           ;        ;              ;         ; Row I/O    ;                 ; no       ; On           ;
; P26      ; 345        ; 6        ; RESERVED_INPUT_WITH_WEAK_PULLUP                           ;        ;              ;         ; Row I/O    ;                 ; no       ; On           ;
; P27      ; 350        ; 6        ; RESERVED_INPUT_WITH_WEAK_PULLUP                           ;        ;              ;         ; Row I/O    ;                 ; no       ; On           ;
; P28      ; 349        ; 6        ; ~ALTERA_nCEO~ / RESERVED_OUTPUT_OPEN_DRAIN                ; output ; 2.5 V        ;         ; Row I/O    ; N               ; no       ; Off          ;
; R1       ; 68         ; 2        ; RESERVED_INPUT_WITH_WEAK_PULLUP                           ;        ;              ;         ; Row I/O    ;                 ; no       ; On           ;
; R2       ; 67         ; 2        ; RESERVED_INPUT_WITH_WEAK_PULLUP                           ;        ;              ;         ; Row I/O    ;                 ; no       ; On           ;
; R3       ; 73         ; 2        ; RESERVED_INPUT_WITH_WEAK_PULLUP                           ;        ;              ;         ; Row I/O    ;                 ; no       ; On           ;
; R4       ; 74         ; 2        ; RESERVED_INPUT_WITH_WEAK_PULLUP                           ;        ;              ;         ; Row I/O    ;                 ; no       ; On           ;
; R5       ; 77         ; 2        ; RESERVED_INPUT_WITH_WEAK_PULLUP                           ;        ;              ;         ; Row I/O    ;                 ; no       ; On           ;
; R6       ; 70         ; 2        ; RESERVED_INPUT_WITH_WEAK_PULLUP                           ;        ;              ;         ; Row I/O    ;                 ; no       ; On           ;
; R7       ; 69         ; 2        ; RESERVED_INPUT_WITH_WEAK_PULLUP                           ;        ;              ;         ; Row I/O    ;                 ; no       ; On           ;
; R8       ; 62         ; 1        ; ^nCE                                                      ;        ;              ;         ; --         ;                 ; --       ; --           ;
; R9       ;            ;          ; GND                                                       ; gnd    ;              ;         ; --         ;                 ; --       ; --           ;
; R10      ;            ;          ; VCCINT                                                    ; power  ;              ; 1.2V    ; --         ;                 ; --       ; --           ;
; R11      ;            ;          ; GND                                                       ; gnd    ;              ;         ; --         ;                 ; --       ; --           ;
; R12      ;            ;          ; VCCINT                                                    ; power  ;              ; 1.2V    ; --         ;                 ; --       ; --           ;
; R13      ;            ;          ; GND                                                       ; gnd    ;              ;         ; --         ;                 ; --       ; --           ;
; R14      ;            ;          ; VCCINT                                                    ; power  ;              ; 1.2V    ; --         ;                 ; --       ; --           ;
; R15      ;            ;          ; GND                                                       ; gnd    ;              ;         ; --         ;                 ; --       ; --           ;
; R16      ;            ;          ; VCCINT                                                    ; power  ;              ; 1.2V    ; --         ;                 ; --       ; --           ;
; R17      ;            ;          ; GND                                                       ; gnd    ;              ;         ; --         ;                 ; --       ; --           ;
; R18      ;            ;          ; VCCINT                                                    ; power  ;              ; 1.2V    ; --         ;                 ; --       ; --           ;
; R19      ;            ;          ; GND                                                       ; gnd    ;              ;         ; --         ;                 ; --       ; --           ;
; R20      ;            ;          ; VCCINT                                                    ; power  ;              ; 1.2V    ; --         ;                 ; --       ; --           ;
; R21      ; 333        ; 5        ; RESERVED_INPUT_WITH_WEAK_PULLUP                           ;        ;              ;         ; Row I/O    ;                 ; no       ; On           ;
; R22      ; 332        ; 5        ; RESERVED_INPUT_WITH_WEAK_PULLUP                           ;        ;              ;         ; Row I/O    ;                 ; no       ; On           ;
; R23      ; 331        ; 5        ; RESERVED_INPUT_WITH_WEAK_PULLUP                           ;        ;              ;         ; Row I/O    ;                 ; no       ; On           ;
; R24      ; 330        ; 5        ; KEY[3]                                                    ; input  ; 2.5 V        ;         ; Row I/O    ; Y               ; no       ; Off          ;
; R25      ; 327        ; 5        ; RESERVED_INPUT_WITH_WEAK_PULLUP                           ;        ;              ;         ; Row I/O    ;                 ; no       ; On           ;
; R26      ; 326        ; 5        ; RESERVED_INPUT_WITH_WEAK_PULLUP                           ;        ;              ;         ; Row I/O    ;                 ; no       ; On           ;
; R27      ; 329        ; 5        ; RESERVED_INPUT_WITH_WEAK_PULLUP                           ;        ;              ;         ; Row I/O    ;                 ; no       ; On           ;
; R28      ; 328        ; 5        ; RESERVED_INPUT_WITH_WEAK_PULLUP                           ;        ;              ;         ; Row I/O    ;                 ; no       ; On           ;
; T1       ;            ; 2        ; VCCIO2                                                    ; power  ;              ; 2.5V    ; --         ;                 ; --       ; --           ;
; T2       ;            ;          ; GND                                                       ; gnd    ;              ;         ; --         ;                 ; --       ; --           ;
; T3       ; 76         ; 2        ; RESERVED_INPUT_WITH_WEAK_PULLUP                           ;        ;              ;         ; Row I/O    ;                 ; no       ; On           ;
; T4       ; 75         ; 2        ; RESERVED_INPUT_WITH_WEAK_PULLUP                           ;        ;              ;         ; Row I/O    ;                 ; no       ; On           ;
; T5       ;            ; 2        ; VCCIO2                                                    ; power  ;              ; 2.5V    ; --         ;                 ; --       ; --           ;
; T6       ;            ;          ; GND                                                       ; gnd    ;              ;         ; --         ;                 ; --       ; --           ;
; T7       ; 78         ; 2        ; RESERVED_INPUT_WITH_WEAK_PULLUP                           ;        ;              ;         ; Row I/O    ;                 ; --       ; --           ;
; T8       ; 100        ; 2        ; RESERVED_INPUT_WITH_WEAK_PULLUP                           ;        ;              ;         ; Row I/O    ;                 ; --       ; --           ;
; T9       ;            ;          ; VCCINT                                                    ; power  ;              ; 1.2V    ; --         ;                 ; --       ; --           ;
; T10      ;            ;          ; GND                                                       ; gnd    ;              ;         ; --         ;                 ; --       ; --           ;
; T11      ;            ;          ; VCCINT                                                    ; power  ;              ; 1.2V    ; --         ;                 ; --       ; --           ;
; T12      ;            ;          ; GND                                                       ; gnd    ;              ;         ; --         ;                 ; --       ; --           ;
; T13      ;            ;          ; VCCINT                                                    ; power  ;              ; 1.2V    ; --         ;                 ; --       ; --           ;
; T14      ;            ;          ; GND                                                       ; gnd    ;              ;         ; --         ;                 ; --       ; --           ;
; T15      ;            ;          ; VCCINT                                                    ; power  ;              ; 1.2V    ; --         ;                 ; --       ; --           ;
; T16      ;            ;          ; GND                                                       ; gnd    ;              ;         ; --         ;                 ; --       ; --           ;
; T17      ;            ;          ; VCCINT                                                    ; power  ;              ; 1.2V    ; --         ;                 ; --       ; --           ;
; T18      ;            ;          ; GND                                                       ; gnd    ;              ;         ; --         ;                 ; --       ; --           ;
; T19      ;            ;          ; VCCINT                                                    ; power  ;              ; 1.2V    ; --         ;                 ; --       ; --           ;
; T20      ;            ;          ; GND                                                       ; gnd    ;              ;         ; --         ;                 ; --       ; --           ;
; T21      ; 325        ; 5        ; RESERVED_INPUT_WITH_WEAK_PULLUP                           ;        ;              ;         ; Row I/O    ;                 ; no       ; On           ;
; T22      ; 324        ; 5        ; RESERVED_INPUT_WITH_WEAK_PULLUP                           ;        ;              ;         ; Row I/O    ;                 ; no       ; On           ;
; T23      ;            ;          ; GND                                                       ; gnd    ;              ;         ; --         ;                 ; --       ; --           ;
; T24      ;            ; 5        ; VCCIO5                                                    ; power  ;              ; 2.5V    ; --         ;                 ; --       ; --           ;
; T25      ; 323        ; 5        ; RESERVED_INPUT_WITH_WEAK_PULLUP                           ;        ;              ;         ; Row I/O    ;                 ; no       ; On           ;
; T26      ; 322        ; 5        ; RESERVED_INPUT_WITH_WEAK_PULLUP                           ;        ;              ;         ; Row I/O    ;                 ; no       ; On           ;
; T27      ;            ;          ; GND                                                       ; gnd    ;              ;         ; --         ;                 ; --       ; --           ;
; T28      ;            ; 5        ; VCCIO5                                                    ; power  ;              ; 2.5V    ; --         ;                 ; --       ; --           ;
; U1       ; 80         ; 2        ; RESERVED_INPUT_WITH_WEAK_PULLUP                           ;        ;              ;         ; Row I/O    ;                 ; no       ; On           ;
; U2       ; 79         ; 2        ; RESERVED_INPUT_WITH_WEAK_PULLUP                           ;        ;              ;         ; Row I/O    ;                 ; no       ; On           ;
; U3       ; 71         ; 2        ; RESERVED_INPUT_WITH_WEAK_PULLUP                           ;        ;              ;         ; Row I/O    ;                 ; no       ; On           ;
; U4       ; 72         ; 2        ; RESERVED_INPUT_WITH_WEAK_PULLUP                           ;        ;              ;         ; Row I/O    ;                 ; no       ; On           ;
; U5       ; 90         ; 2        ; RESERVED_INPUT_WITH_WEAK_PULLUP                           ;        ;              ;         ; Row I/O    ;                 ; no       ; On           ;
; U6       ; 89         ; 2        ; RESERVED_INPUT_WITH_WEAK_PULLUP                           ;        ;              ;         ; Row I/O    ;                 ; no       ; On           ;
; U7       ; 103        ; 2        ; RESERVED_INPUT_WITH_WEAK_PULLUP                           ;        ;              ;         ; Row I/O    ;                 ; no       ; On           ;
; U8       ; 104        ; 2        ; RESERVED_INPUT_WITH_WEAK_PULLUP                           ;        ;              ;         ; Row I/O    ;                 ; no       ; On           ;
; U9       ;            ;          ; GND                                                       ; gnd    ;              ;         ; --         ;                 ; --       ; --           ;
; U10      ;            ;          ; VCCINT                                                    ; power  ;              ; 1.2V    ; --         ;                 ; --       ; --           ;
; U11      ;            ;          ; GND                                                       ; gnd    ;              ;         ; --         ;                 ; --       ; --           ;
; U12      ;            ;          ; VCCINT                                                    ; power  ;              ; 1.2V    ; --         ;                 ; --       ; --           ;
; U13      ;            ;          ; GND                                                       ; gnd    ;              ;         ; --         ;                 ; --       ; --           ;
; U14      ;            ;          ; VCCINT                                                    ; power  ;              ; 1.2V    ; --         ;                 ; --       ; --           ;
; U15      ;            ;          ; GND                                                       ; gnd    ;              ;         ; --         ;                 ; --       ; --           ;
; U16      ;            ;          ; VCCINT                                                    ; power  ;              ; 1.2V    ; --         ;                 ; --       ; --           ;
; U17      ;            ;          ; GND                                                       ; gnd    ;              ;         ; --         ;                 ; --       ; --           ;
; U18      ;            ;          ; VCCINT                                                    ; power  ;              ; 1.2V    ; --         ;                 ; --       ; --           ;
; U19      ;            ;          ; GND                                                       ; gnd    ;              ;         ; --         ;                 ; --       ; --           ;
; U20      ;            ;          ; VCCINT                                                    ; power  ;              ; 1.2V    ; --         ;                 ; --       ; --           ;
; U21      ; 319        ; 5        ; RESERVED_INPUT_WITH_WEAK_PULLUP                           ;        ;              ;         ; Row I/O    ;                 ; no       ; On           ;
; U22      ; 313        ; 5        ; RESERVED_INPUT_WITH_WEAK_PULLUP                           ;        ;              ;         ; Row I/O    ;                 ; no       ; On           ;
; U23      ; 305        ; 5        ; RESERVED_INPUT_WITH_WEAK_PULLUP                           ;        ;              ;         ; Row I/O    ;                 ; --       ; --           ;
; U24      ; 316        ; 5        ; RESERVED_INPUT_WITH_WEAK_PULLUP                           ;        ;              ;         ; Row I/O    ;                 ; --       ; --           ;
; U25      ; 315        ; 5        ; RESERVED_INPUT_WITH_WEAK_PULLUP                           ;        ;              ;         ; Row I/O    ;                 ; no       ; On           ;
; U26      ; 314        ; 5        ; RESERVED_INPUT_WITH_WEAK_PULLUP                           ;        ;              ;         ; Row I/O    ;                 ; no       ; On           ;
; U27      ; 318        ; 5        ; RESERVED_INPUT_WITH_WEAK_PULLUP                           ;        ;              ;         ; Row I/O    ;                 ; no       ; On           ;
; U28      ; 317        ; 5        ; RESERVED_INPUT_WITH_WEAK_PULLUP                           ;        ;              ;         ; Row I/O    ;                 ; no       ; On           ;
; V1       ; 84         ; 2        ; RESERVED_INPUT_WITH_WEAK_PULLUP                           ;        ;              ;         ; Row I/O    ;                 ; no       ; On           ;
; V2       ; 83         ; 2        ; RESERVED_INPUT_WITH_WEAK_PULLUP                           ;        ;              ;         ; Row I/O    ;                 ; no       ; On           ;
; V3       ; 82         ; 2        ; RESERVED_INPUT_WITH_WEAK_PULLUP                           ;        ;              ;         ; Row I/O    ;                 ; no       ; On           ;
; V4       ; 81         ; 2        ; RESERVED_INPUT_WITH_WEAK_PULLUP                           ;        ;              ;         ; Row I/O    ;                 ; no       ; On           ;
; V5       ; 108        ; 2        ; RESERVED_INPUT_WITH_WEAK_PULLUP                           ;        ;              ;         ; Row I/O    ;                 ; no       ; On           ;
; V6       ; 107        ; 2        ; RESERVED_INPUT_WITH_WEAK_PULLUP                           ;        ;              ;         ; Row I/O    ;                 ; no       ; On           ;
; V7       ; 110        ; 2        ; RESERVED_INPUT_WITH_WEAK_PULLUP                           ;        ;              ;         ; Row I/O    ;                 ; no       ; On           ;
; V8       ; 109        ; 2        ; RESERVED_INPUT_WITH_WEAK_PULLUP                           ;        ;              ;         ; Row I/O    ;                 ; no       ; On           ;
; V9       ;            ;          ; VCCINT                                                    ; power  ;              ; 1.2V    ; --         ;                 ; --       ; --           ;
; V10      ;            ;          ; GND                                                       ; gnd    ;              ;         ; --         ;                 ; --       ; --           ;
; V11      ;            ;          ; VCCINT                                                    ; power  ;              ; 1.2V    ; --         ;                 ; --       ; --           ;
; V12      ;            ;          ; GND                                                       ; gnd    ;              ;         ; --         ;                 ; --       ; --           ;
; V13      ;            ;          ; VCCINT                                                    ; power  ;              ; 1.2V    ; --         ;                 ; --       ; --           ;
; V14      ;            ;          ; GND                                                       ; gnd    ;              ;         ; --         ;                 ; --       ; --           ;
; V15      ;            ;          ; VCCINT                                                    ; power  ;              ; 1.2V    ; --         ;                 ; --       ; --           ;
; V16      ;            ;          ; GND                                                       ; gnd    ;              ;         ; --         ;                 ; --       ; --           ;
; V17      ;            ;          ; VCCINT                                                    ; power  ;              ; 1.2V    ; --         ;                 ; --       ; --           ;
; V18      ;            ;          ; GND                                                       ; gnd    ;              ;         ; --         ;                 ; --       ; --           ;
; V19      ;            ;          ; VCCINT                                                    ; power  ;              ; 1.2V    ; --         ;                 ; --       ; --           ;
; V20      ;            ;          ; GND                                                       ; gnd    ;              ;         ; --         ;                 ; --       ; --           ;
; V21      ; 311        ; 5        ; RESERVED_INPUT_WITH_WEAK_PULLUP                           ;        ;              ;         ; Row I/O    ;                 ; no       ; On           ;
; V22      ; 312        ; 5        ; RESERVED_INPUT_WITH_WEAK_PULLUP                           ;        ;              ;         ; Row I/O    ;                 ; no       ; On           ;
; V23      ; 309        ; 5        ; RESERVED_INPUT_WITH_WEAK_PULLUP                           ;        ;              ;         ; Row I/O    ;                 ; no       ; On           ;
; V24      ; 308        ; 5        ; RESERVED_INPUT_WITH_WEAK_PULLUP                           ;        ;              ;         ; Row I/O    ;                 ; no       ; On           ;
; V25      ; 307        ; 5        ; RESERVED_INPUT_WITH_WEAK_PULLUP                           ;        ;              ;         ; Row I/O    ;                 ; no       ; On           ;
; V26      ; 306        ; 5        ; RESERVED_INPUT_WITH_WEAK_PULLUP                           ;        ;              ;         ; Row I/O    ;                 ; no       ; On           ;
; V27      ; 304        ; 5        ; RESERVED_INPUT_WITH_WEAK_PULLUP                           ;        ;              ;         ; Row I/O    ;                 ; no       ; On           ;
; V28      ; 303        ; 5        ; RESERVED_INPUT_WITH_WEAK_PULLUP                           ;        ;              ;         ; Row I/O    ;                 ; no       ; On           ;
; W1       ; 88         ; 2        ; RESERVED_INPUT_WITH_WEAK_PULLUP                           ;        ;              ;         ; Row I/O    ;                 ; no       ; On           ;
; W2       ; 87         ; 2        ; RESERVED_INPUT_WITH_WEAK_PULLUP                           ;        ;              ;         ; Row I/O    ;                 ; no       ; On           ;
; W3       ; 112        ; 2        ; RESERVED_INPUT_WITH_WEAK_PULLUP                           ;        ;              ;         ; Row I/O    ;                 ; no       ; On           ;
; W4       ; 111        ; 2        ; RESERVED_INPUT_WITH_WEAK_PULLUP                           ;        ;              ;         ; Row I/O    ;                 ; no       ; On           ;
; W5       ;            ; 2        ; VCCIO2                                                    ; power  ;              ; 2.5V    ; --         ;                 ; --       ; --           ;
; W6       ;            ;          ; GND                                                       ; gnd    ;              ;         ; --         ;                 ; --       ; --           ;
; W7       ; 115        ; 2        ; RESERVED_INPUT_WITH_WEAK_PULLUP                           ;        ;              ;         ; Row I/O    ;                 ; no       ; On           ;
; W8       ; 116        ; 2        ; RESERVED_INPUT_WITH_WEAK_PULLUP                           ;        ;              ;         ; Row I/O    ;                 ; no       ; On           ;
; W9       ;            ;          ; GND                                                       ; gnd    ;              ;         ; --         ;                 ; --       ; --           ;
; W10      ;            ;          ; VCCINT                                                    ; power  ;              ; 1.2V    ; --         ;                 ; --       ; --           ;
; W11      ;            ;          ; GND                                                       ; gnd    ;              ;         ; --         ;                 ; --       ; --           ;
; W12      ;            ;          ; VCCINT                                                    ; power  ;              ; 1.2V    ; --         ;                 ; --       ; --           ;
; W13      ;            ;          ; GND                                                       ; gnd    ;              ;         ; --         ;                 ; --       ; --           ;
; W14      ;            ;          ; VCCINT                                                    ; power  ;              ; 1.2V    ; --         ;                 ; --       ; --           ;
; W15      ;            ;          ; GND                                                       ; gnd    ;              ;         ; --         ;                 ; --       ; --           ;
; W16      ;            ;          ; VCCINT                                                    ; power  ;              ; 1.2V    ; --         ;                 ; --       ; --           ;
; W17      ;            ;          ; GND                                                       ; gnd    ;              ;         ; --         ;                 ; --       ; --           ;
; W18      ;            ;          ; VCCINT                                                    ; power  ;              ; 1.2V    ; --         ;                 ; --       ; --           ;
; W19      ;            ;          ; GND                                                       ; gnd    ;              ;         ; --         ;                 ; --       ; --           ;
; W20      ;            ;          ; VCCINT                                                    ; power  ;              ; 1.2V    ; --         ;                 ; --       ; --           ;
; W21      ; 310        ; 5        ; RESERVED_INPUT_WITH_WEAK_PULLUP                           ;        ;              ;         ; Row I/O    ;                 ; no       ; On           ;
; W22      ; 321        ; 5        ; RESERVED_INPUT_WITH_WEAK_PULLUP                           ;        ;              ;         ; Row I/O    ;                 ; no       ; On           ;
; W23      ;            ;          ; GND                                                       ; gnd    ;              ;         ; --         ;                 ; --       ; --           ;
; W24      ;            ; 5        ; VCCIO5                                                    ; power  ;              ; 2.5V    ; --         ;                 ; --       ; --           ;
; W25      ; 300        ; 5        ; RESERVED_INPUT_WITH_WEAK_PULLUP                           ;        ;              ;         ; Row I/O    ;                 ; no       ; On           ;
; W26      ; 299        ; 5        ; RESERVED_INPUT_WITH_WEAK_PULLUP                           ;        ;              ;         ; Row I/O    ;                 ; no       ; On           ;
; W27      ; 301        ; 5        ; RESERVED_INPUT_WITH_WEAK_PULLUP                           ;        ;              ;         ; Row I/O    ;                 ; no       ; On           ;
; W28      ; 302        ; 5        ; RESERVED_INPUT_WITH_WEAK_PULLUP                           ;        ;              ;         ; Row I/O    ;                 ; no       ; On           ;
; Y1       ; 66         ; 2        ; GND+                                                      ;        ;              ;         ; Row I/O    ;                 ; --       ; --           ;
; Y2       ; 65         ; 2        ; CLOCK_50                                                  ; input  ; 2.5 V        ;         ; Row I/O    ; Y               ; no       ; Off          ;
; Y3       ; 92         ; 2        ; RESERVED_INPUT_WITH_WEAK_PULLUP                           ;        ;              ;         ; Row I/O    ;                 ; no       ; On           ;
; Y4       ; 91         ; 2        ; RESERVED_INPUT_WITH_WEAK_PULLUP                           ;        ;              ;         ; Row I/O    ;                 ; no       ; On           ;
; Y5       ; 114        ; 2        ; RESERVED_INPUT_WITH_WEAK_PULLUP                           ;        ;              ;         ; Row I/O    ;                 ; no       ; On           ;
; Y6       ; 113        ; 2        ; RESERVED_INPUT_WITH_WEAK_PULLUP                           ;        ;              ;         ; Row I/O    ;                 ; no       ; On           ;
; Y7       ; 117        ; 2        ; RESERVED_INPUT_WITH_WEAK_PULLUP                           ;        ;              ;         ; Row I/O    ;                 ; no       ; On           ;
; Y8       ;            ; --       ; VCCA1                                                     ; power  ;              ; 2.5V    ; --         ;                 ; --       ; --           ;
; Y9       ;            ;          ; VCCD_PLL1                                                 ; power  ;              ; 1.2V    ; --         ;                 ; --       ; --           ;
; Y10      ; 140        ; 3        ; RESERVED_INPUT_WITH_WEAK_PULLUP                           ;        ;              ;         ; Column I/O ;                 ; --       ; --           ;
; Y11      ;            ;          ; GND                                                       ; gnd    ;              ;         ; --         ;                 ; --       ; --           ;
; Y12      ; 187        ; 3        ; RESERVED_INPUT_WITH_WEAK_PULLUP                           ;        ;              ;         ; Column I/O ;                 ; no       ; On           ;
; Y13      ; 189        ; 3        ; RESERVED_INPUT_WITH_WEAK_PULLUP                           ;        ;              ;         ; Column I/O ;                 ; no       ; On           ;
; Y14      ; 197        ; 3        ; RESERVED_INPUT_WITH_WEAK_PULLUP                           ;        ;              ;         ; Column I/O ;                 ; no       ; On           ;
; Y15      ; 198        ; 3        ; RESERVED_INPUT_WITH_WEAK_PULLUP                           ;        ;              ;         ; Column I/O ;                 ; no       ; On           ;
; Y16      ; 250        ; 4        ; RESERVED_INPUT_WITH_WEAK_PULLUP                           ;        ;              ;         ; Column I/O ;                 ; no       ; On           ;
; Y17      ; 249        ; 4        ; RESERVED_INPUT_WITH_WEAK_PULLUP                           ;        ;              ;         ; Column I/O ;                 ; no       ; On           ;
; Y18      ;            ;          ; GND                                                       ; gnd    ;              ;         ; --         ;                 ; --       ; --           ;
; Y19      ; 263        ; 4        ; RESERVED_INPUT_WITH_WEAK_PULLUP                           ;        ;              ;         ; Column I/O ;                 ; no       ; On           ;
; Y20      ;            ;          ; VCCD_PLL4                                                 ; power  ;              ; 1.2V    ; --         ;                 ; --       ; --           ;
; Y21      ;            ; --       ; VCCA4                                                     ; power  ;              ; 2.5V    ; --         ;                 ; --       ; --           ;
; Y22      ; 320        ; 5        ; RESERVED_INPUT_WITH_WEAK_PULLUP                           ;        ;              ;         ; Row I/O    ;                 ; no       ; On           ;
; Y23      ; 288        ; 5        ; SW[17]                                                    ; input  ; 2.5 V        ;         ; Row I/O    ; Y               ; no       ; Off          ;
; Y24      ; 287        ; 5        ; SW[16]                                                    ; input  ; 2.5 V        ;         ; Row I/O    ; Y               ; no       ; Off          ;
; Y25      ; 298        ; 5        ; RESERVED_INPUT_WITH_WEAK_PULLUP                           ;        ;              ;         ; Row I/O    ;                 ; no       ; On           ;
; Y26      ; 297        ; 5        ; RESERVED_INPUT_WITH_WEAK_PULLUP                           ;        ;              ;         ; Row I/O    ;                 ; no       ; On           ;
; Y27      ; 336        ; 5        ; GND+                                                      ;        ;              ;         ; Row I/O    ;                 ; --       ; --           ;
; Y28      ; 335        ; 5        ; GND+                                                      ;        ;              ;         ; Row I/O    ;                 ; --       ; --           ;
+----------+------------+----------+-----------------------------------------------------------+--------+--------------+---------+------------+-----------------+----------+--------------+
Note: Pin directions (input, output or bidir) are based on device operating in user mode.


+------------------------------------------+
; I/O Assignment Warnings                  ;
+----------+-------------------------------+
; Pin Name ; Reason                        ;
+----------+-------------------------------+
; LEDR[0]  ; Incomplete set of assignments ;
; LEDR[1]  ; Incomplete set of assignments ;
; LEDR[2]  ; Incomplete set of assignments ;
; LEDR[3]  ; Incomplete set of assignments ;
; LEDR[4]  ; Incomplete set of assignments ;
; LEDR[5]  ; Incomplete set of assignments ;
; LEDR[6]  ; Incomplete set of assignments ;
; LEDR[7]  ; Incomplete set of assignments ;
; LEDR[8]  ; Incomplete set of assignments ;
; LEDR[9]  ; Incomplete set of assignments ;
; LEDR[10] ; Incomplete set of assignments ;
; LEDR[11] ; Incomplete set of assignments ;
; LEDR[12] ; Incomplete set of assignments ;
; LEDR[13] ; Incomplete set of assignments ;
; LEDR[14] ; Incomplete set of assignments ;
; LEDR[15] ; Incomplete set of assignments ;
; LEDR[16] ; Incomplete set of assignments ;
; LEDR[17] ; Incomplete set of assignments ;
; LEDG[0]  ; Incomplete set of assignments ;
; LEDG[1]  ; Incomplete set of assignments ;
; LEDG[2]  ; Incomplete set of assignments ;
; LEDG[3]  ; Incomplete set of assignments ;
; LEDG[4]  ; Incomplete set of assignments ;
; LEDG[5]  ; Incomplete set of assignments ;
; LEDG[6]  ; Incomplete set of assignments ;
; LEDG[7]  ; Incomplete set of assignments ;
; LEDG[8]  ; Incomplete set of assignments ;
; UART_TXD ; Incomplete set of assignments ;
; CLOCK_50 ; Incomplete set of assignments ;
; KEY[0]   ; Incomplete set of assignments ;
; SW[10]   ; Incomplete set of assignments ;
; KEY[2]   ; Incomplete set of assignments ;
; SW[2]    ; Incomplete set of assignments ;
; KEY[1]   ; Incomplete set of assignments ;
; SW[1]    ; Incomplete set of assignments ;
; SW[9]    ; Incomplete set of assignments ;
; SW[17]   ; Incomplete set of assignments ;
; SW[0]    ; Incomplete set of assignments ;
; SW[8]    ; Incomplete set of assignments ;
; SW[16]   ; Incomplete set of assignments ;
; KEY[3]   ; Incomplete set of assignments ;
; SW[3]    ; Incomplete set of assignments ;
; SW[11]   ; Incomplete set of assignments ;
; SW[12]   ; Incomplete set of assignments ;
; SW[4]    ; Incomplete set of assignments ;
; SW[7]    ; Incomplete set of assignments ;
; SW[15]   ; Incomplete set of assignments ;
; SW[6]    ; Incomplete set of assignments ;
; SW[14]   ; Incomplete set of assignments ;
; SW[5]    ; Incomplete set of assignments ;
; SW[13]   ; Incomplete set of assignments ;
; UART_RXD ; Incomplete set of assignments ;
+----------+-------------------------------+


+-------------------------------------------------------------------------------------------------------------------------------------------------------------------------------------------------------------------------------------------------------------------------------------------------------------------------------------------------+
; Fitter Resource Utilization by Entity                                                                                                                                                                                                                                                                                                           ;
+---------------------------------+--------------+---------------------------+---------------+-------------+------+--------------+---------+-----------+------+--------------+--------------+-------------------+------------------+-------------------------------------------------------------------------------+---------------+--------------+
; Compilation Hierarchy Node      ; Logic Cells  ; Dedicated Logic Registers ; I/O Registers ; Memory Bits ; M9Ks ; DSP Elements ; DSP 9x9 ; DSP 18x18 ; Pins ; Virtual Pins ; LUT-Only LCs ; Register-Only LCs ; LUT/Register LCs ; Full Hierarchy Name                                                           ; Entity Name   ; Library Name ;
+---------------------------------+--------------+---------------------------+---------------+-------------+------+--------------+---------+-----------+------+--------------+--------------+-------------------+------------------+-------------------------------------------------------------------------------+---------------+--------------+
; |pl_top_no_pll                  ; 13924 (0)    ; 9723 (0)                  ; 0 (0)         ; 0           ; 0    ; 0            ; 0       ; 0         ; 52   ; 0            ; 4201 (0)     ; 4294 (0)          ; 5429 (0)         ; |pl_top_no_pll                                                                ; pl_top_no_pll ; work         ;
;    |pl_cpu:cpu|                 ; 13924 (0)    ; 9723 (0)                  ; 0 (0)         ; 0           ; 0    ; 0            ; 0       ; 0         ; 0    ; 0            ; 4201 (0)     ; 4294 (0)          ; 5429 (0)         ; |pl_top_no_pll|pl_cpu:cpu                                                     ; pl_cpu        ; work         ;
;       |pl_alu_ctrl:alu_ctrl|    ; 10 (10)      ; 0 (0)                     ; 0 (0)         ; 0           ; 0    ; 0            ; 0       ; 0         ; 0    ; 0            ; 9 (9)        ; 0 (0)             ; 1 (1)            ; |pl_top_no_pll|pl_cpu:cpu|pl_alu_ctrl:alu_ctrl                                ; pl_alu_ctrl   ; work         ;
;       |pl_control:ctrl|         ; 3 (3)        ; 0 (0)                     ; 0 (0)         ; 0           ; 0    ; 0            ; 0       ; 0         ; 0    ; 0            ; 3 (3)        ; 0 (0)             ; 0 (0)            ; |pl_top_no_pll|pl_cpu:cpu|pl_control:ctrl                                     ; pl_control    ; work         ;
;       |pl_datapath:datapath|    ; 13912 (2109) ; 9723 (337)                ; 0 (0)         ; 0           ; 0    ; 0            ; 0       ; 0         ; 0    ; 0            ; 4189 (1752)  ; 4294 (20)         ; 5429 (4406)      ; |pl_top_no_pll|pl_cpu:cpu|pl_datapath:datapath                                ; pl_datapath   ; work         ;
;          |pl_alu:alu|           ; 717 (717)    ; 0 (0)                     ; 0 (0)         ; 0           ; 0    ; 0            ; 0       ; 0         ; 0    ; 0            ; 690 (690)    ; 0 (0)             ; 27 (27)          ; |pl_top_no_pll|pl_cpu:cpu|pl_datapath:datapath|pl_alu:alu                     ; pl_alu        ; work         ;
;          |pl_dmem:dmem|         ; 9237 (9237)  ; 8192 (8192)               ; 0 (0)         ; 0           ; 0    ; 0            ; 0       ; 0         ; 0    ; 0            ; 1045 (1045)  ; 4024 (4024)       ; 4168 (4168)      ; |pl_top_no_pll|pl_cpu:cpu|pl_datapath:datapath|pl_dmem:dmem                   ; pl_dmem       ; work         ;
;          |pl_forward:forward|   ; 20 (20)      ; 0 (0)                     ; 0 (0)         ; 0           ; 0    ; 0            ; 0       ; 0         ; 0    ; 0            ; 9 (9)        ; 0 (0)             ; 11 (11)          ; |pl_top_no_pll|pl_cpu:cpu|pl_datapath:datapath|pl_forward:forward             ; pl_forward    ; work         ;
;          |pl_hazard:hazard|     ; 9 (9)        ; 0 (0)                     ; 0 (0)         ; 0           ; 0    ; 0            ; 0       ; 0         ; 0    ; 0            ; 8 (8)        ; 0 (0)             ; 1 (1)            ; |pl_top_no_pll|pl_cpu:cpu|pl_datapath:datapath|pl_hazard:hazard               ; pl_hazard     ; work         ;
;          |pl_imem:imem|         ; 118 (118)    ; 0 (0)                     ; 0 (0)         ; 0           ; 0    ; 0            ; 0       ; 0         ; 0    ; 0            ; 118 (118)    ; 0 (0)             ; 0 (0)            ; |pl_top_no_pll|pl_cpu:cpu|pl_datapath:datapath|pl_imem:imem                   ; pl_imem       ; work         ;
;          |pl_mmio:mmio|         ; 210 (103)    ; 170 (95)                  ; 0 (0)         ; 0           ; 0    ; 0            ; 0       ; 0         ; 0    ; 0            ; 38 (6)       ; 57 (43)           ; 115 (40)         ; |pl_top_no_pll|pl_cpu:cpu|pl_datapath:datapath|pl_mmio:mmio                   ; pl_mmio       ; work         ;
;             |pl_uart:uart_inst| ; 121 (121)    ; 75 (75)                   ; 0 (0)         ; 0           ; 0    ; 0            ; 0       ; 0         ; 0    ; 0            ; 32 (32)      ; 14 (14)           ; 75 (75)          ; |pl_top_no_pll|pl_cpu:cpu|pl_datapath:datapath|pl_mmio:mmio|pl_uart:uart_inst ; pl_uart       ; work         ;
;          |pl_regfile:regfile|   ; 1551 (1551)  ; 1024 (1024)               ; 0 (0)         ; 0           ; 0    ; 0            ; 0       ; 0         ; 0    ; 0            ; 527 (527)    ; 193 (193)         ; 831 (831)        ; |pl_top_no_pll|pl_cpu:cpu|pl_datapath:datapath|pl_regfile:regfile             ; pl_regfile    ; work         ;
;          |pl_sign_ext:sign_ext| ; 2 (2)        ; 0 (0)                     ; 0 (0)         ; 0           ; 0    ; 0            ; 0       ; 0         ; 0    ; 0            ; 2 (2)        ; 0 (0)             ; 0 (0)            ; |pl_top_no_pll|pl_cpu:cpu|pl_datapath:datapath|pl_sign_ext:sign_ext           ; pl_sign_ext   ; work         ;
+---------------------------------+--------------+---------------------------+---------------+-------------+------+--------------+---------+-----------+------+--------------+--------------+-------------------+------------------+-------------------------------------------------------------------------------+---------------+--------------+
Note: For table entries with two numbers listed, the numbers in parentheses indicate the number of resources of the given type used by the specific entity alone. The numbers listed outside of parentheses indicate the total resources of the given type used by the specific entity and all of its sub-entities in the hierarchy.


+------------------------------------------------------------------------------------------+
; Delay Chain Summary                                                                      ;
+----------+----------+---------------+---------------+-----------------------+-----+------+
; Name     ; Pin Type ; Pad to Core 0 ; Pad to Core 1 ; Pad to Input Register ; TCO ; TCOE ;
+----------+----------+---------------+---------------+-----------------------+-----+------+
; LEDR[0]  ; Output   ; --            ; --            ; --                    ; --  ; --   ;
; LEDR[1]  ; Output   ; --            ; --            ; --                    ; --  ; --   ;
; LEDR[2]  ; Output   ; --            ; --            ; --                    ; --  ; --   ;
; LEDR[3]  ; Output   ; --            ; --            ; --                    ; --  ; --   ;
; LEDR[4]  ; Output   ; --            ; --            ; --                    ; --  ; --   ;
; LEDR[5]  ; Output   ; --            ; --            ; --                    ; --  ; --   ;
; LEDR[6]  ; Output   ; --            ; --            ; --                    ; --  ; --   ;
; LEDR[7]  ; Output   ; --            ; --            ; --                    ; --  ; --   ;
; LEDR[8]  ; Output   ; --            ; --            ; --                    ; --  ; --   ;
; LEDR[9]  ; Output   ; --            ; --            ; --                    ; --  ; --   ;
; LEDR[10] ; Output   ; --            ; --            ; --                    ; --  ; --   ;
; LEDR[11] ; Output   ; --            ; --            ; --                    ; --  ; --   ;
; LEDR[12] ; Output   ; --            ; --            ; --                    ; --  ; --   ;
; LEDR[13] ; Output   ; --            ; --            ; --                    ; --  ; --   ;
; LEDR[14] ; Output   ; --            ; --            ; --                    ; --  ; --   ;
; LEDR[15] ; Output   ; --            ; --            ; --                    ; --  ; --   ;
; LEDR[16] ; Output   ; --            ; --            ; --                    ; --  ; --   ;
; LEDR[17] ; Output   ; --            ; --            ; --                    ; --  ; --   ;
; LEDG[0]  ; Output   ; --            ; --            ; --                    ; --  ; --   ;
; LEDG[1]  ; Output   ; --            ; --            ; --                    ; --  ; --   ;
; LEDG[2]  ; Output   ; --            ; --            ; --                    ; --  ; --   ;
; LEDG[3]  ; Output   ; --            ; --            ; --                    ; --  ; --   ;
; LEDG[4]  ; Output   ; --            ; --            ; --                    ; --  ; --   ;
; LEDG[5]  ; Output   ; --            ; --            ; --                    ; --  ; --   ;
; LEDG[6]  ; Output   ; --            ; --            ; --                    ; --  ; --   ;
; LEDG[7]  ; Output   ; --            ; --            ; --                    ; --  ; --   ;
; LEDG[8]  ; Output   ; --            ; --            ; --                    ; --  ; --   ;
; UART_TXD ; Output   ; --            ; --            ; --                    ; --  ; --   ;
; CLOCK_50 ; Input    ; (0) 0 ps      ; --            ; --                    ; --  ; --   ;
; KEY[0]   ; Input    ; --            ; (6) 1314 ps   ; --                    ; --  ; --   ;
; SW[10]   ; Input    ; (6) 1314 ps   ; --            ; --                    ; --  ; --   ;
; KEY[2]   ; Input    ; --            ; (6) 1314 ps   ; --                    ; --  ; --   ;
; SW[2]    ; Input    ; (6) 1314 ps   ; --            ; --                    ; --  ; --   ;
; KEY[1]   ; Input    ; (6) 1314 ps   ; --            ; --                    ; --  ; --   ;
; SW[1]    ; Input    ; (6) 1314 ps   ; --            ; --                    ; --  ; --   ;
; SW[9]    ; Input    ; --            ; (6) 1314 ps   ; --                    ; --  ; --   ;
; SW[17]   ; Input    ; --            ; (6) 1314 ps   ; --                    ; --  ; --   ;
; SW[0]    ; Input    ; (6) 1314 ps   ; --            ; --                    ; --  ; --   ;
; SW[8]    ; Input    ; (6) 1314 ps   ; --            ; --                    ; --  ; --   ;
; SW[16]   ; Input    ; (6) 1314 ps   ; --            ; --                    ; --  ; --   ;
; KEY[3]   ; Input    ; --            ; (6) 1314 ps   ; --                    ; --  ; --   ;
; SW[3]    ; Input    ; --            ; (6) 1314 ps   ; --                    ; --  ; --   ;
; SW[11]   ; Input    ; (6) 1314 ps   ; --            ; --                    ; --  ; --   ;
; SW[12]   ; Input    ; (6) 1314 ps   ; --            ; --                    ; --  ; --   ;
; SW[4]    ; Input    ; (6) 1314 ps   ; --            ; --                    ; --  ; --   ;
; SW[7]    ; Input    ; (6) 1314 ps   ; --            ; --                    ; --  ; --   ;
; SW[15]   ; Input    ; (6) 1314 ps   ; --            ; --                    ; --  ; --   ;
; SW[6]    ; Input    ; (6) 1314 ps   ; --            ; --                    ; --  ; --   ;
; SW[14]   ; Input    ; (6) 1314 ps   ; --            ; --                    ; --  ; --   ;
; SW[5]    ; Input    ; (6) 1314 ps   ; --            ; --                    ; --  ; --   ;
; SW[13]   ; Input    ; (6) 1314 ps   ; --            ; --                    ; --  ; --   ;
; UART_RXD ; Input    ; (6) 1314 ps   ; --            ; --                    ; --  ; --   ;
+----------+----------+---------------+---------------+-----------------------+-----+------+


+-----------------------------------------------------------------------------------------------------------------------+
; Pad To Core Delay Chain Fanout                                                                                        ;
+-----------------------------------------------------------------------------------------+-------------------+---------+
; Source Pin / Fanout                                                                     ; Pad To Core Index ; Setting ;
+-----------------------------------------------------------------------------------------+-------------------+---------+
; CLOCK_50                                                                                ;                   ;         ;
; KEY[0]                                                                                  ;                   ;         ;
;      - pl_cpu:cpu|pl_datapath:datapath|ex_mem.write_data[0]                             ; 1                 ; 6       ;
;      - pl_cpu:cpu|pl_datapath:datapath|pl_mmio:mmio|LEDG[0]                             ; 1                 ; 6       ;
;      - pl_cpu:cpu|pl_datapath:datapath|pl_mmio:mmio|LEDG[1]                             ; 1                 ; 6       ;
;      - pl_cpu:cpu|pl_datapath:datapath|pl_mmio:mmio|LEDG[2]                             ; 1                 ; 6       ;
;      - pl_cpu:cpu|pl_datapath:datapath|pl_mmio:mmio|LEDG[3]                             ; 1                 ; 6       ;
;      - pl_cpu:cpu|pl_datapath:datapath|pl_mmio:mmio|LEDG[4]                             ; 1                 ; 6       ;
;      - pl_cpu:cpu|pl_datapath:datapath|pl_mmio:mmio|LEDG[5]                             ; 1                 ; 6       ;
;      - pl_cpu:cpu|pl_datapath:datapath|pl_mmio:mmio|LEDG[6]                             ; 1                 ; 6       ;
;      - pl_cpu:cpu|pl_datapath:datapath|pl_mmio:mmio|LEDG[7]                             ; 1                 ; 6       ;
;      - pl_cpu:cpu|pl_datapath:datapath|pl_mmio:mmio|LEDG[8]                             ; 1                 ; 6       ;
;      - pl_cpu:cpu|pl_datapath:datapath|pl_mmio:mmio|LEDR[0]                             ; 1                 ; 6       ;
;      - pl_cpu:cpu|pl_datapath:datapath|pl_mmio:mmio|LEDR[1]                             ; 1                 ; 6       ;
;      - pl_cpu:cpu|pl_datapath:datapath|pl_mmio:mmio|LEDR[2]                             ; 1                 ; 6       ;
;      - pl_cpu:cpu|pl_datapath:datapath|pl_mmio:mmio|LEDR[3]                             ; 1                 ; 6       ;
;      - pl_cpu:cpu|pl_datapath:datapath|pl_mmio:mmio|LEDR[4]                             ; 1                 ; 6       ;
;      - pl_cpu:cpu|pl_datapath:datapath|pl_mmio:mmio|LEDR[5]                             ; 1                 ; 6       ;
;      - pl_cpu:cpu|pl_datapath:datapath|pl_mmio:mmio|LEDR[6]                             ; 1                 ; 6       ;
;      - pl_cpu:cpu|pl_datapath:datapath|pl_mmio:mmio|LEDR[7]                             ; 1                 ; 6       ;
;      - pl_cpu:cpu|pl_datapath:datapath|pl_mmio:mmio|LEDR[8]                             ; 1                 ; 6       ;
;      - pl_cpu:cpu|pl_datapath:datapath|pl_mmio:mmio|LEDR[9]                             ; 1                 ; 6       ;
;      - pl_cpu:cpu|pl_datapath:datapath|pl_mmio:mmio|LEDR[10]                            ; 1                 ; 6       ;
;      - pl_cpu:cpu|pl_datapath:datapath|pl_mmio:mmio|LEDR[11]                            ; 1                 ; 6       ;
;      - pl_cpu:cpu|pl_datapath:datapath|pl_mmio:mmio|LEDR[12]                            ; 1                 ; 6       ;
;      - pl_cpu:cpu|pl_datapath:datapath|pl_mmio:mmio|LEDR[13]                            ; 1                 ; 6       ;
;      - pl_cpu:cpu|pl_datapath:datapath|pl_mmio:mmio|LEDR[14]                            ; 1                 ; 6       ;
;      - pl_cpu:cpu|pl_datapath:datapath|pl_mmio:mmio|LEDR[15]                            ; 1                 ; 6       ;
;      - pl_cpu:cpu|pl_datapath:datapath|pl_mmio:mmio|LEDR[16]                            ; 1                 ; 6       ;
;      - pl_cpu:cpu|pl_datapath:datapath|pl_mmio:mmio|LEDR[17]                            ; 1                 ; 6       ;
;      - pl_cpu:cpu|pl_datapath:datapath|pl_mmio:mmio|pl_uart:uart_inst|tx_sr[0]          ; 1                 ; 6       ;
;      - pl_cpu:cpu|pl_datapath:datapath|pl_mmio:mmio|pl_uart:uart_inst|tx_sr[1]          ; 1                 ; 6       ;
;      - pl_cpu:cpu|pl_datapath:datapath|pl_mmio:mmio|pl_uart:uart_inst|tx_sr[2]          ; 1                 ; 6       ;
;      - pl_cpu:cpu|pl_datapath:datapath|pl_mmio:mmio|pl_uart:uart_inst|tx_sr[3]          ; 1                 ; 6       ;
;      - pl_cpu:cpu|pl_datapath:datapath|pl_mmio:mmio|pl_uart:uart_inst|tx_sr[4]          ; 1                 ; 6       ;
;      - pl_cpu:cpu|pl_datapath:datapath|pl_mmio:mmio|pl_uart:uart_inst|tx_sr[5]          ; 1                 ; 6       ;
;      - pl_cpu:cpu|pl_datapath:datapath|pl_mmio:mmio|pl_uart:uart_inst|tx_sr[6]          ; 1                 ; 6       ;
;      - pl_cpu:cpu|pl_datapath:datapath|pl_mmio:mmio|pl_uart:uart_inst|tx_bit_idx[1]     ; 1                 ; 6       ;
;      - pl_cpu:cpu|pl_datapath:datapath|pl_mmio:mmio|pl_uart:uart_inst|tx_cnt[0]         ; 1                 ; 6       ;
;      - pl_cpu:cpu|pl_datapath:datapath|pl_mmio:mmio|pl_uart:uart_inst|tx_cnt[1]         ; 1                 ; 6       ;
;      - pl_cpu:cpu|pl_datapath:datapath|pl_mmio:mmio|pl_uart:uart_inst|tx_cnt[2]         ; 1                 ; 6       ;
;      - pl_cpu:cpu|pl_datapath:datapath|pl_mmio:mmio|pl_uart:uart_inst|tx_cnt[3]         ; 1                 ; 6       ;
;      - pl_cpu:cpu|pl_datapath:datapath|pl_mmio:mmio|pl_uart:uart_inst|tx_cnt[4]         ; 1                 ; 6       ;
;      - pl_cpu:cpu|pl_datapath:datapath|pl_mmio:mmio|pl_uart:uart_inst|tx_cnt[5]         ; 1                 ; 6       ;
;      - pl_cpu:cpu|pl_datapath:datapath|pl_mmio:mmio|pl_uart:uart_inst|tx_cnt[6]         ; 1                 ; 6       ;
;      - pl_cpu:cpu|pl_datapath:datapath|pl_mmio:mmio|pl_uart:uart_inst|tx_cnt[7]         ; 1                 ; 6       ;
;      - pl_cpu:cpu|pl_datapath:datapath|pl_mmio:mmio|pl_uart:uart_inst|tx_cnt[8]         ; 1                 ; 6       ;
;      - pl_cpu:cpu|pl_datapath:datapath|pl_mmio:mmio|pl_uart:uart_inst|tx_cnt[9]         ; 1                 ; 6       ;
;      - pl_cpu:cpu|pl_datapath:datapath|pl_mmio:mmio|pl_uart:uart_inst|tx_cnt[10]        ; 1                 ; 6       ;
;      - pl_cpu:cpu|pl_datapath:datapath|pl_mmio:mmio|pl_uart:uart_inst|tx_cnt[11]        ; 1                 ; 6       ;
;      - pl_cpu:cpu|pl_datapath:datapath|pl_mmio:mmio|pl_uart:uart_inst|tx_cnt[12]        ; 1                 ; 6       ;
;      - pl_cpu:cpu|pl_datapath:datapath|pl_mmio:mmio|pl_uart:uart_inst|tx_cnt[13]        ; 1                 ; 6       ;
;      - pl_cpu:cpu|pl_datapath:datapath|pl_mmio:mmio|pl_uart:uart_inst|tx_cnt[14]        ; 1                 ; 6       ;
;      - pl_cpu:cpu|pl_datapath:datapath|pl_mmio:mmio|pl_uart:uart_inst|tx_cnt[15]        ; 1                 ; 6       ;
;      - pl_cpu:cpu|pl_datapath:datapath|pl_mmio:mmio|cycle_count[1]                      ; 1                 ; 6       ;
;      - pl_cpu:cpu|pl_datapath:datapath|pl_mmio:mmio|cycle_count[9]                      ; 1                 ; 6       ;
;      - pl_cpu:cpu|pl_datapath:datapath|pl_mmio:mmio|cycle_count[25]                     ; 1                 ; 6       ;
;      - pl_cpu:cpu|pl_datapath:datapath|pl_mmio:mmio|cycle_count[17]                     ; 1                 ; 6       ;
;      - pl_cpu:cpu|pl_datapath:datapath|pl_mmio:mmio|cycle_count[10]                     ; 1                 ; 6       ;
;      - pl_cpu:cpu|pl_datapath:datapath|pl_mmio:mmio|cycle_count[26]                     ; 1                 ; 6       ;
;      - pl_cpu:cpu|pl_datapath:datapath|pl_mmio:mmio|cycle_count[2]                      ; 1                 ; 6       ;
;      - pl_cpu:cpu|pl_datapath:datapath|pl_mmio:mmio|cycle_count[18]                     ; 1                 ; 6       ;
;      - pl_cpu:cpu|pl_datapath:datapath|pl_mmio:mmio|cycle_count[8]                      ; 1                 ; 6       ;
;      - pl_cpu:cpu|pl_datapath:datapath|pl_mmio:mmio|cycle_count[24]                     ; 1                 ; 6       ;
;      - pl_cpu:cpu|pl_datapath:datapath|pl_mmio:mmio|cycle_count[16]                     ; 1                 ; 6       ;
;      - pl_cpu:cpu|pl_datapath:datapath|pl_mmio:mmio|cycle_count[3]                      ; 1                 ; 6       ;
;      - pl_cpu:cpu|pl_datapath:datapath|pl_mmio:mmio|cycle_count[11]                     ; 1                 ; 6       ;
;      - pl_cpu:cpu|pl_datapath:datapath|pl_mmio:mmio|cycle_count[27]                     ; 1                 ; 6       ;
;      - pl_cpu:cpu|pl_datapath:datapath|pl_mmio:mmio|cycle_count[19]                     ; 1                 ; 6       ;
;      - pl_cpu:cpu|pl_datapath:datapath|pl_mmio:mmio|cycle_count[12]                     ; 1                 ; 6       ;
;      - pl_cpu:cpu|pl_datapath:datapath|pl_mmio:mmio|cycle_count[28]                     ; 1                 ; 6       ;
;      - pl_cpu:cpu|pl_datapath:datapath|pl_mmio:mmio|cycle_count[4]                      ; 1                 ; 6       ;
;      - pl_cpu:cpu|pl_datapath:datapath|pl_mmio:mmio|cycle_count[20]                     ; 1                 ; 6       ;
;      - pl_cpu:cpu|pl_datapath:datapath|pl_mmio:mmio|cycle_count[5]                      ; 1                 ; 6       ;
;      - pl_cpu:cpu|pl_datapath:datapath|pl_mmio:mmio|cycle_count[13]                     ; 1                 ; 6       ;
;      - pl_cpu:cpu|pl_datapath:datapath|pl_mmio:mmio|cycle_count[29]                     ; 1                 ; 6       ;
;      - pl_cpu:cpu|pl_datapath:datapath|pl_mmio:mmio|cycle_count[21]                     ; 1                 ; 6       ;
;      - pl_cpu:cpu|pl_datapath:datapath|pl_mmio:mmio|cycle_count[14]                     ; 1                 ; 6       ;
;      - pl_cpu:cpu|pl_datapath:datapath|pl_mmio:mmio|cycle_count[30]                     ; 1                 ; 6       ;
;      - pl_cpu:cpu|pl_datapath:datapath|pl_mmio:mmio|cycle_count[6]                      ; 1                 ; 6       ;
;      - pl_cpu:cpu|pl_datapath:datapath|pl_mmio:mmio|cycle_count[22]                     ; 1                 ; 6       ;
;      - pl_cpu:cpu|pl_datapath:datapath|pl_mmio:mmio|cycle_count[7]                      ; 1                 ; 6       ;
;      - pl_cpu:cpu|pl_datapath:datapath|pl_mmio:mmio|cycle_count[23]                     ; 1                 ; 6       ;
;      - pl_cpu:cpu|pl_datapath:datapath|pl_mmio:mmio|cycle_count[15]                     ; 1                 ; 6       ;
;      - pl_cpu:cpu|pl_datapath:datapath|pl_mmio:mmio|cycle_count[31]                     ; 1                 ; 6       ;
;      - pl_cpu:cpu|pl_datapath:datapath|pc_reg[2]                                        ; 1                 ; 6       ;
;      - pl_cpu:cpu|pl_datapath:datapath|pc_reg[3]                                        ; 1                 ; 6       ;
;      - pl_cpu:cpu|pl_datapath:datapath|pc_reg[4]                                        ; 1                 ; 6       ;
;      - pl_cpu:cpu|pl_datapath:datapath|pc_reg[6]                                        ; 1                 ; 6       ;
;      - pl_cpu:cpu|pl_datapath:datapath|pc_reg[5]                                        ; 1                 ; 6       ;
;      - pl_cpu:cpu|pl_datapath:datapath|pc_reg[9]                                        ; 1                 ; 6       ;
;      - pl_cpu:cpu|pl_datapath:datapath|pc_reg[7]                                        ; 1                 ; 6       ;
;      - pl_cpu:cpu|pl_datapath:datapath|pc_reg[8]                                        ; 1                 ; 6       ;
;      - pl_cpu:cpu|pl_datapath:datapath|pl_mmio:mmio|pl_uart:uart_inst|rx_cnt[0]         ; 1                 ; 6       ;
;      - pl_cpu:cpu|pl_datapath:datapath|pl_mmio:mmio|pl_uart:uart_inst|rx_cnt[1]         ; 1                 ; 6       ;
;      - pl_cpu:cpu|pl_datapath:datapath|pl_mmio:mmio|pl_uart:uart_inst|rx_cnt[2]         ; 1                 ; 6       ;
;      - pl_cpu:cpu|pl_datapath:datapath|pl_mmio:mmio|pl_uart:uart_inst|rx_cnt[3]         ; 1                 ; 6       ;
;      - pl_cpu:cpu|pl_datapath:datapath|pl_mmio:mmio|pl_uart:uart_inst|rx_cnt[4]         ; 1                 ; 6       ;
;      - pl_cpu:cpu|pl_datapath:datapath|pl_mmio:mmio|pl_uart:uart_inst|rx_cnt[5]         ; 1                 ; 6       ;
;      - pl_cpu:cpu|pl_datapath:datapath|pl_mmio:mmio|pl_uart:uart_inst|rx_cnt[6]         ; 1                 ; 6       ;
;      - pl_cpu:cpu|pl_datapath:datapath|pl_mmio:mmio|pl_uart:uart_inst|rx_cnt[7]         ; 1                 ; 6       ;
;      - pl_cpu:cpu|pl_datapath:datapath|pl_mmio:mmio|pl_uart:uart_inst|rx_cnt[8]         ; 1                 ; 6       ;
;      - pl_cpu:cpu|pl_datapath:datapath|pl_mmio:mmio|pl_uart:uart_inst|rx_cnt[9]         ; 1                 ; 6       ;
;      - pl_cpu:cpu|pl_datapath:datapath|pl_mmio:mmio|pl_uart:uart_inst|rx_cnt[10]        ; 1                 ; 6       ;
;      - pl_cpu:cpu|pl_datapath:datapath|pl_mmio:mmio|pl_uart:uart_inst|rx_cnt[11]        ; 1                 ; 6       ;
;      - pl_cpu:cpu|pl_datapath:datapath|pl_mmio:mmio|pl_uart:uart_inst|rx_cnt[12]        ; 1                 ; 6       ;
;      - pl_cpu:cpu|pl_datapath:datapath|pl_mmio:mmio|pl_uart:uart_inst|rx_cnt[13]        ; 1                 ; 6       ;
;      - pl_cpu:cpu|pl_datapath:datapath|pl_mmio:mmio|pl_uart:uart_inst|rx_cnt[14]        ; 1                 ; 6       ;
;      - pl_cpu:cpu|pl_datapath:datapath|pl_mmio:mmio|pl_uart:uart_inst|rx_cnt[15]        ; 1                 ; 6       ;
;      - pl_cpu:cpu|pl_datapath:datapath|ex_mem.write_data[8]                             ; 1                 ; 6       ;
;      - pl_cpu:cpu|pl_datapath:datapath|ex_mem.write_data[9]                             ; 1                 ; 6       ;
;      - pl_cpu:cpu|pl_datapath:datapath|ex_mem.write_data[10]                            ; 1                 ; 6       ;
;      - pl_cpu:cpu|pl_datapath:datapath|ex_mem.write_data[11]                            ; 1                 ; 6       ;
;      - pl_cpu:cpu|pl_datapath:datapath|ex_mem.write_data[12]                            ; 1                 ; 6       ;
;      - pl_cpu:cpu|pl_datapath:datapath|ex_mem.write_data[13]                            ; 1                 ; 6       ;
;      - pl_cpu:cpu|pl_datapath:datapath|ex_mem.write_data[14]                            ; 1                 ; 6       ;
;      - pl_cpu:cpu|pl_datapath:datapath|ex_mem.write_data[15]                            ; 1                 ; 6       ;
;      - pl_cpu:cpu|pl_datapath:datapath|ex_mem.write_data[24]                            ; 1                 ; 6       ;
;      - pl_cpu:cpu|pl_datapath:datapath|ex_mem.write_data[25]                            ; 1                 ; 6       ;
;      - pl_cpu:cpu|pl_datapath:datapath|ex_mem.write_data[26]                            ; 1                 ; 6       ;
;      - pl_cpu:cpu|pl_datapath:datapath|ex_mem.write_data[27]                            ; 1                 ; 6       ;
;      - pl_cpu:cpu|pl_datapath:datapath|ex_mem.write_data[28]                            ; 1                 ; 6       ;
;      - pl_cpu:cpu|pl_datapath:datapath|ex_mem.write_data[29]                            ; 1                 ; 6       ;
;      - pl_cpu:cpu|pl_datapath:datapath|ex_mem.write_data[30]                            ; 1                 ; 6       ;
;      - pl_cpu:cpu|pl_datapath:datapath|ex_mem.write_data[31]                            ; 1                 ; 6       ;
;      - pl_cpu:cpu|pl_datapath:datapath|pl_mmio:mmio|pl_uart:uart_inst|TXD               ; 1                 ; 6       ;
;      - pl_cpu:cpu|pl_datapath:datapath|ex_mem.mem_write                                 ; 1                 ; 6       ;
;      - pl_cpu:cpu|pl_datapath:datapath|ex_mem.alu_result[10]                            ; 1                 ; 6       ;
;      - pl_cpu:cpu|pl_datapath:datapath|ex_mem.alu_result[3]                             ; 1                 ; 6       ;
;      - pl_cpu:cpu|pl_datapath:datapath|ex_mem.alu_result[4]                             ; 1                 ; 6       ;
;      - pl_cpu:cpu|pl_datapath:datapath|ex_mem.alu_result[2]                             ; 1                 ; 6       ;
;      - pl_cpu:cpu|pl_datapath:datapath|ex_mem.write_data[1]                             ; 1                 ; 6       ;
;      - pl_cpu:cpu|pl_datapath:datapath|ex_mem.write_data[2]                             ; 1                 ; 6       ;
;      - pl_cpu:cpu|pl_datapath:datapath|ex_mem.write_data[3]                             ; 1                 ; 6       ;
;      - pl_cpu:cpu|pl_datapath:datapath|ex_mem.write_data[4]                             ; 1                 ; 6       ;
;      - pl_cpu:cpu|pl_datapath:datapath|ex_mem.write_data[5]                             ; 1                 ; 6       ;
;      - pl_cpu:cpu|pl_datapath:datapath|ex_mem.write_data[6]                             ; 1                 ; 6       ;
;      - pl_cpu:cpu|pl_datapath:datapath|ex_mem.write_data[7]                             ; 1                 ; 6       ;
;      - pl_cpu:cpu|pl_datapath:datapath|ex_mem.write_data[16]                            ; 1                 ; 6       ;
;      - pl_cpu:cpu|pl_datapath:datapath|ex_mem.write_data[17]                            ; 1                 ; 6       ;
;      - pl_cpu:cpu|pl_datapath:datapath|pl_mmio:mmio|pl_uart:uart_inst|tx_state.TX_STOP  ; 1                 ; 6       ;
;      - pl_cpu:cpu|pl_datapath:datapath|pl_mmio:mmio|pl_uart:uart_inst|tx_state.TX_DATA  ; 1                 ; 6       ;
;      - pl_cpu:cpu|pl_datapath:datapath|pl_mmio:mmio|pl_uart:uart_inst|tx_state.TX_IDLE  ; 1                 ; 6       ;
;      - pl_cpu:cpu|pl_datapath:datapath|id_ex.funct3[0]                                  ; 1                 ; 6       ;
;      - pl_cpu:cpu|pl_datapath:datapath|id_ex.alu_src                                    ; 1                 ; 6       ;
;      - pl_cpu:cpu|pl_datapath:datapath|ex_mem.reg_write                                 ; 1                 ; 6       ;
;      - pl_cpu:cpu|pl_datapath:datapath|ex_mem.rd[0]                                     ; 1                 ; 6       ;
;      - pl_cpu:cpu|pl_datapath:datapath|ex_mem.rd[1]                                     ; 1                 ; 6       ;
;      - pl_cpu:cpu|pl_datapath:datapath|id_ex.rs2[1]                                     ; 1                 ; 6       ;
;      - pl_cpu:cpu|pl_datapath:datapath|id_ex.rs2[0]                                     ; 1                 ; 6       ;
;      - pl_cpu:cpu|pl_datapath:datapath|ex_mem.rd[4]                                     ; 1                 ; 6       ;
;      - pl_cpu:cpu|pl_datapath:datapath|ex_mem.rd[3]                                     ; 1                 ; 6       ;
;      - pl_cpu:cpu|pl_datapath:datapath|ex_mem.rd[2]                                     ; 1                 ; 6       ;
;      - pl_cpu:cpu|pl_datapath:datapath|id_ex.rs2[2]                                     ; 1                 ; 6       ;
;      - pl_cpu:cpu|pl_datapath:datapath|id_ex.rs2[3]                                     ; 1                 ; 6       ;
;      - pl_cpu:cpu|pl_datapath:datapath|id_ex.rs2[4]                                     ; 1                 ; 6       ;
;      - pl_cpu:cpu|pl_datapath:datapath|id_ex.rd2[2]                                     ; 1                 ; 6       ;
;      - pl_cpu:cpu|pl_datapath:datapath|mem_wb.reg_write                                 ; 1                 ; 6       ;
;      - pl_cpu:cpu|pl_datapath:datapath|mem_wb.rd[1]                                     ; 1                 ; 6       ;
;      - pl_cpu:cpu|pl_datapath:datapath|mem_wb.rd[0]                                     ; 1                 ; 6       ;
;      - pl_cpu:cpu|pl_datapath:datapath|mem_wb.rd[4]                                     ; 1                 ; 6       ;
;      - pl_cpu:cpu|pl_datapath:datapath|mem_wb.rd[3]                                     ; 1                 ; 6       ;
;      - pl_cpu:cpu|pl_datapath:datapath|mem_wb.rd[2]                                     ; 1                 ; 6       ;
;      - pl_cpu:cpu|pl_datapath:datapath|id_ex.imm_ext[2]                                 ; 1                 ; 6       ;
;      - pl_cpu:cpu|pl_datapath:datapath|mem_wb.read_data[26]                             ; 1                 ; 6       ;
;      - pl_cpu:cpu|pl_datapath:datapath|mem_wb.read_data[10]                             ; 1                 ; 6       ;
;      - pl_cpu:cpu|pl_datapath:datapath|mem_wb.alu_result[1]                             ; 1                 ; 6       ;
;      - pl_cpu:cpu|pl_datapath:datapath|mem_wb.alu_result[2]                             ; 1                 ; 6       ;
;      - pl_cpu:cpu|pl_datapath:datapath|mem_wb.mem_to_reg[0]                             ; 1                 ; 6       ;
;      - pl_cpu:cpu|pl_datapath:datapath|mem_wb.funct3[0]                                 ; 1                 ; 6       ;
;      - pl_cpu:cpu|pl_datapath:datapath|mem_wb.funct3[1]                                 ; 1                 ; 6       ;
;      - pl_cpu:cpu|pl_datapath:datapath|mem_wb.alu_result[0]                             ; 1                 ; 6       ;
;      - pl_cpu:cpu|pl_datapath:datapath|mem_wb.read_data[18]                             ; 1                 ; 6       ;
;      - pl_cpu:cpu|pl_datapath:datapath|mem_wb.read_data[2]                              ; 1                 ; 6       ;
;      - pl_cpu:cpu|pl_datapath:datapath|id_ex.imm_ext[1]                                 ; 1                 ; 6       ;
;      - pl_cpu:cpu|pl_datapath:datapath|ex_mem.alu_result[1]                             ; 1                 ; 6       ;
;      - pl_cpu:cpu|pl_datapath:datapath|id_ex.rd2[1]                                     ; 1                 ; 6       ;
;      - pl_cpu:cpu|pl_datapath:datapath|mem_wb.read_data[1]                              ; 1                 ; 6       ;
;      - pl_cpu:cpu|pl_datapath:datapath|mem_wb.read_data[25]                             ; 1                 ; 6       ;
;      - pl_cpu:cpu|pl_datapath:datapath|mem_wb.read_data[9]                              ; 1                 ; 6       ;
;      - pl_cpu:cpu|pl_datapath:datapath|mem_wb.read_data[17]                             ; 1                 ; 6       ;
;      - pl_cpu:cpu|pl_datapath:datapath|id_ex.imm_ext[0]                                 ; 1                 ; 6       ;
;      - pl_cpu:cpu|pl_datapath:datapath|ex_mem.alu_result[0]                             ; 1                 ; 6       ;
;      - pl_cpu:cpu|pl_datapath:datapath|mem_wb.read_data[0]                              ; 1                 ; 6       ;
;      - pl_cpu:cpu|pl_datapath:datapath|mem_wb.read_data[24]                             ; 1                 ; 6       ;
;      - pl_cpu:cpu|pl_datapath:datapath|mem_wb.read_data[8]                              ; 1                 ; 6       ;
;      - pl_cpu:cpu|pl_datapath:datapath|mem_wb.read_data[16]                             ; 1                 ; 6       ;
;      - pl_cpu:cpu|pl_datapath:datapath|id_ex.rd2[0]                                     ; 1                 ; 6       ;
;      - pl_cpu:cpu|pl_datapath:datapath|id_ex.imm_ext[3]                                 ; 1                 ; 6       ;
;      - pl_cpu:cpu|pl_datapath:datapath|id_ex.rd2[3]                                     ; 1                 ; 6       ;
;      - pl_cpu:cpu|pl_datapath:datapath|mem_wb.read_data[3]                              ; 1                 ; 6       ;
;      - pl_cpu:cpu|pl_datapath:datapath|mem_wb.read_data[27]                             ; 1                 ; 6       ;
;      - pl_cpu:cpu|pl_datapath:datapath|mem_wb.read_data[11]                             ; 1                 ; 6       ;
;      - pl_cpu:cpu|pl_datapath:datapath|mem_wb.alu_result[3]                             ; 1                 ; 6       ;
;      - pl_cpu:cpu|pl_datapath:datapath|mem_wb.read_data[19]                             ; 1                 ; 6       ;
;      - pl_cpu:cpu|pl_datapath:datapath|id_ex.rs1[1]                                     ; 1                 ; 6       ;
;      - pl_cpu:cpu|pl_datapath:datapath|id_ex.rs1[0]                                     ; 1                 ; 6       ;
;      - pl_cpu:cpu|pl_datapath:datapath|id_ex.rs1[2]                                     ; 1                 ; 6       ;
;      - pl_cpu:cpu|pl_datapath:datapath|id_ex.rs1[3]                                     ; 1                 ; 6       ;
;      - pl_cpu:cpu|pl_datapath:datapath|id_ex.rs1[4]                                     ; 1                 ; 6       ;
;      - pl_cpu:cpu|pl_datapath:datapath|id_ex.rd1[0]                                     ; 1                 ; 6       ;
;      - pl_cpu:cpu|pl_datapath:datapath|mem_wb.read_data[28]                             ; 1                 ; 6       ;
;      - pl_cpu:cpu|pl_datapath:datapath|mem_wb.read_data[12]                             ; 1                 ; 6       ;
;      - pl_cpu:cpu|pl_datapath:datapath|mem_wb.alu_result[4]                             ; 1                 ; 6       ;
;      - pl_cpu:cpu|pl_datapath:datapath|mem_wb.read_data[20]                             ; 1                 ; 6       ;
;      - pl_cpu:cpu|pl_datapath:datapath|mem_wb.read_data[4]                              ; 1                 ; 6       ;
;      - pl_cpu:cpu|pl_datapath:datapath|id_ex.rd2[4]                                     ; 1                 ; 6       ;
;      - pl_cpu:cpu|pl_datapath:datapath|id_ex.imm_ext[4]                                 ; 1                 ; 6       ;
;      - pl_cpu:cpu|pl_datapath:datapath|id_ex.alu_op[0]                                  ; 1                 ; 6       ;
;      - pl_cpu:cpu|pl_datapath:datapath|id_ex.funct3[2]                                  ; 1                 ; 6       ;
;      - pl_cpu:cpu|pl_datapath:datapath|id_ex.funct7[5]                                  ; 1                 ; 6       ;
;      - pl_cpu:cpu|pl_datapath:datapath|id_ex.funct3[1]                                  ; 1                 ; 6       ;
;      - pl_cpu:cpu|pl_datapath:datapath|id_ex.alu_op[1]                                  ; 1                 ; 6       ;
;      - pl_cpu:cpu|pl_datapath:datapath|id_ex.rd1[1]                                     ; 1                 ; 6       ;
;      - pl_cpu:cpu|pl_datapath:datapath|id_ex.rd1[3]                                     ; 1                 ; 6       ;
;      - pl_cpu:cpu|pl_datapath:datapath|id_ex.rd1[2]                                     ; 1                 ; 6       ;
;      - pl_cpu:cpu|pl_datapath:datapath|mem_wb.read_data[23]                             ; 1                 ; 6       ;
;      - pl_cpu:cpu|pl_datapath:datapath|mem_wb.read_data[7]                              ; 1                 ; 6       ;
;      - pl_cpu:cpu|pl_datapath:datapath|mem_wb.alu_result[7]                             ; 1                 ; 6       ;
;      - pl_cpu:cpu|pl_datapath:datapath|mem_wb.read_data[31]                             ; 1                 ; 6       ;
;      - pl_cpu:cpu|pl_datapath:datapath|mem_wb.read_data[15]                             ; 1                 ; 6       ;
;      - pl_cpu:cpu|pl_datapath:datapath|id_ex.rd1[7]                                     ; 1                 ; 6       ;
;      - pl_cpu:cpu|pl_datapath:datapath|ex_mem.alu_result[7]                             ; 1                 ; 6       ;
;      - pl_cpu:cpu|pl_datapath:datapath|id_ex.rd1[6]                                     ; 1                 ; 6       ;
;      - pl_cpu:cpu|pl_datapath:datapath|mem_wb.read_data[6]                              ; 1                 ; 6       ;
;      - pl_cpu:cpu|pl_datapath:datapath|mem_wb.read_data[22]                             ; 1                 ; 6       ;
;      - pl_cpu:cpu|pl_datapath:datapath|mem_wb.alu_result[6]                             ; 1                 ; 6       ;
;      - pl_cpu:cpu|pl_datapath:datapath|mem_wb.read_data[30]                             ; 1                 ; 6       ;
;      - pl_cpu:cpu|pl_datapath:datapath|mem_wb.read_data[14]                             ; 1                 ; 6       ;
;      - pl_cpu:cpu|pl_datapath:datapath|ex_mem.alu_result[6]                             ; 1                 ; 6       ;
;      - pl_cpu:cpu|pl_datapath:datapath|mem_wb.read_data[5]                              ; 1                 ; 6       ;
;      - pl_cpu:cpu|pl_datapath:datapath|mem_wb.read_data[29]                             ; 1                 ; 6       ;
;      - pl_cpu:cpu|pl_datapath:datapath|mem_wb.read_data[13]                             ; 1                 ; 6       ;
;      - pl_cpu:cpu|pl_datapath:datapath|mem_wb.alu_result[5]                             ; 1                 ; 6       ;
;      - pl_cpu:cpu|pl_datapath:datapath|mem_wb.read_data[21]                             ; 1                 ; 6       ;
;      - pl_cpu:cpu|pl_datapath:datapath|ex_mem.alu_result[5]                             ; 1                 ; 6       ;
;      - pl_cpu:cpu|pl_datapath:datapath|id_ex.rd1[5]                                     ; 1                 ; 6       ;
;      - pl_cpu:cpu|pl_datapath:datapath|id_ex.rd1[4]                                     ; 1                 ; 6       ;
;      - pl_cpu:cpu|pl_datapath:datapath|id_ex.rd1[15]                                    ; 1                 ; 6       ;
;      - pl_cpu:cpu|pl_datapath:datapath|mem_wb.funct3[2]                                 ; 1                 ; 6       ;
;      - pl_cpu:cpu|pl_datapath:datapath|mem_wb.alu_result[15]                            ; 1                 ; 6       ;
;      - pl_cpu:cpu|pl_datapath:datapath|ex_mem.alu_result[15]                            ; 1                 ; 6       ;
;      - pl_cpu:cpu|pl_datapath:datapath|mem_wb.alu_result[14]                            ; 1                 ; 6       ;
;      - pl_cpu:cpu|pl_datapath:datapath|ex_mem.alu_result[14]                            ; 1                 ; 6       ;
;      - pl_cpu:cpu|pl_datapath:datapath|id_ex.rd1[14]                                    ; 1                 ; 6       ;
;      - pl_cpu:cpu|pl_datapath:datapath|id_ex.rd1[13]                                    ; 1                 ; 6       ;
;      - pl_cpu:cpu|pl_datapath:datapath|mem_wb.alu_result[13]                            ; 1                 ; 6       ;
;      - pl_cpu:cpu|pl_datapath:datapath|ex_mem.alu_result[13]                            ; 1                 ; 6       ;
;      - pl_cpu:cpu|pl_datapath:datapath|id_ex.rd1[12]                                    ; 1                 ; 6       ;
;      - pl_cpu:cpu|pl_datapath:datapath|mem_wb.alu_result[12]                            ; 1                 ; 6       ;
;      - pl_cpu:cpu|pl_datapath:datapath|ex_mem.alu_result[12]                            ; 1                 ; 6       ;
;      - pl_cpu:cpu|pl_datapath:datapath|mem_wb.alu_result[11]                            ; 1                 ; 6       ;
;      - pl_cpu:cpu|pl_datapath:datapath|ex_mem.alu_result[11]                            ; 1                 ; 6       ;
;      - pl_cpu:cpu|pl_datapath:datapath|id_ex.rd1[11]                                    ; 1                 ; 6       ;
;      - pl_cpu:cpu|pl_datapath:datapath|id_ex.rd1[10]                                    ; 1                 ; 6       ;
;      - pl_cpu:cpu|pl_datapath:datapath|mem_wb.alu_result[10]                            ; 1                 ; 6       ;
;      - pl_cpu:cpu|pl_datapath:datapath|mem_wb.alu_result[9]                             ; 1                 ; 6       ;
;      - pl_cpu:cpu|pl_datapath:datapath|ex_mem.alu_result[9]                             ; 1                 ; 6       ;
;      - pl_cpu:cpu|pl_datapath:datapath|id_ex.rd1[9]                                     ; 1                 ; 6       ;
;      - pl_cpu:cpu|pl_datapath:datapath|mem_wb.alu_result[8]                             ; 1                 ; 6       ;
;      - pl_cpu:cpu|pl_datapath:datapath|ex_mem.alu_result[8]                             ; 1                 ; 6       ;
;      - pl_cpu:cpu|pl_datapath:datapath|id_ex.rd1[8]                                     ; 1                 ; 6       ;
;      - pl_cpu:cpu|pl_datapath:datapath|mem_wb.alu_result[31]                            ; 1                 ; 6       ;
;      - pl_cpu:cpu|pl_datapath:datapath|ex_mem.alu_result[31]                            ; 1                 ; 6       ;
;      - pl_cpu:cpu|pl_datapath:datapath|id_ex.rd1[31]                                    ; 1                 ; 6       ;
;      - pl_cpu:cpu|pl_datapath:datapath|mem_wb.alu_result[30]                            ; 1                 ; 6       ;
;      - pl_cpu:cpu|pl_datapath:datapath|ex_mem.alu_result[30]                            ; 1                 ; 6       ;
;      - pl_cpu:cpu|pl_datapath:datapath|id_ex.rd1[30]                                    ; 1                 ; 6       ;
;      - pl_cpu:cpu|pl_datapath:datapath|id_ex.rd1[29]                                    ; 1                 ; 6       ;
;      - pl_cpu:cpu|pl_datapath:datapath|mem_wb.alu_result[29]                            ; 1                 ; 6       ;
;      - pl_cpu:cpu|pl_datapath:datapath|ex_mem.alu_result[29]                            ; 1                 ; 6       ;
;      - pl_cpu:cpu|pl_datapath:datapath|id_ex.rd1[28]                                    ; 1                 ; 6       ;
;      - pl_cpu:cpu|pl_datapath:datapath|mem_wb.alu_result[28]                            ; 1                 ; 6       ;
;      - pl_cpu:cpu|pl_datapath:datapath|ex_mem.alu_result[28]                            ; 1                 ; 6       ;
;      - pl_cpu:cpu|pl_datapath:datapath|mem_wb.alu_result[23]                            ; 1                 ; 6       ;
;      - pl_cpu:cpu|pl_datapath:datapath|ex_mem.alu_result[23]                            ; 1                 ; 6       ;
;      - pl_cpu:cpu|pl_datapath:datapath|id_ex.rd1[23]                                    ; 1                 ; 6       ;
;      - pl_cpu:cpu|pl_datapath:datapath|id_ex.rd1[22]                                    ; 1                 ; 6       ;
;      - pl_cpu:cpu|pl_datapath:datapath|mem_wb.alu_result[22]                            ; 1                 ; 6       ;
;      - pl_cpu:cpu|pl_datapath:datapath|ex_mem.alu_result[22]                            ; 1                 ; 6       ;
;      - pl_cpu:cpu|pl_datapath:datapath|mem_wb.alu_result[21]                            ; 1                 ; 6       ;
;      - pl_cpu:cpu|pl_datapath:datapath|ex_mem.alu_result[21]                            ; 1                 ; 6       ;
;      - pl_cpu:cpu|pl_datapath:datapath|id_ex.rd1[21]                                    ; 1                 ; 6       ;
;      - pl_cpu:cpu|pl_datapath:datapath|mem_wb.alu_result[20]                            ; 1                 ; 6       ;
;      - pl_cpu:cpu|pl_datapath:datapath|ex_mem.alu_result[20]                            ; 1                 ; 6       ;
;      - pl_cpu:cpu|pl_datapath:datapath|id_ex.rd1[20]                                    ; 1                 ; 6       ;
;      - pl_cpu:cpu|pl_datapath:datapath|mem_wb.alu_result[27]                            ; 1                 ; 6       ;
;      - pl_cpu:cpu|pl_datapath:datapath|ex_mem.alu_result[27]                            ; 1                 ; 6       ;
;      - pl_cpu:cpu|pl_datapath:datapath|id_ex.rd1[27]                                    ; 1                 ; 6       ;
;      - pl_cpu:cpu|pl_datapath:datapath|mem_wb.alu_result[26]                            ; 1                 ; 6       ;
;      - pl_cpu:cpu|pl_datapath:datapath|ex_mem.alu_result[26]                            ; 1                 ; 6       ;
;      - pl_cpu:cpu|pl_datapath:datapath|id_ex.rd1[26]                                    ; 1                 ; 6       ;
;      - pl_cpu:cpu|pl_datapath:datapath|mem_wb.alu_result[25]                            ; 1                 ; 6       ;
;      - pl_cpu:cpu|pl_datapath:datapath|ex_mem.alu_result[25]                            ; 1                 ; 6       ;
;      - pl_cpu:cpu|pl_datapath:datapath|id_ex.rd1[25]                                    ; 1                 ; 6       ;
;      - pl_cpu:cpu|pl_datapath:datapath|mem_wb.alu_result[24]                            ; 1                 ; 6       ;
;      - pl_cpu:cpu|pl_datapath:datapath|ex_mem.alu_result[24]                            ; 1                 ; 6       ;
;      - pl_cpu:cpu|pl_datapath:datapath|id_ex.rd1[24]                                    ; 1                 ; 6       ;
;      - pl_cpu:cpu|pl_datapath:datapath|mem_wb.alu_result[19]                            ; 1                 ; 6       ;
;      - pl_cpu:cpu|pl_datapath:datapath|ex_mem.alu_result[19]                            ; 1                 ; 6       ;
;      - pl_cpu:cpu|pl_datapath:datapath|id_ex.rd1[19]                                    ; 1                 ; 6       ;
;      - pl_cpu:cpu|pl_datapath:datapath|mem_wb.alu_result[18]                            ; 1                 ; 6       ;
;      - pl_cpu:cpu|pl_datapath:datapath|ex_mem.alu_result[18]                            ; 1                 ; 6       ;
;      - pl_cpu:cpu|pl_datapath:datapath|id_ex.rd1[18]                                    ; 1                 ; 6       ;
;      - pl_cpu:cpu|pl_datapath:datapath|mem_wb.alu_result[17]                            ; 1                 ; 6       ;
;      - pl_cpu:cpu|pl_datapath:datapath|ex_mem.alu_result[17]                            ; 1                 ; 6       ;
;      - pl_cpu:cpu|pl_datapath:datapath|id_ex.rd1[17]                                    ; 1                 ; 6       ;
;      - pl_cpu:cpu|pl_datapath:datapath|mem_wb.alu_result[16]                            ; 1                 ; 6       ;
;      - pl_cpu:cpu|pl_datapath:datapath|ex_mem.alu_result[16]                            ; 1                 ; 6       ;
;      - pl_cpu:cpu|pl_datapath:datapath|id_ex.rd1[16]                                    ; 1                 ; 6       ;
;      - pl_cpu:cpu|pl_datapath:datapath|id_ex.imm_ext[31]                                ; 1                 ; 6       ;
;      - pl_cpu:cpu|pl_datapath:datapath|id_ex.rd2[31]                                    ; 1                 ; 6       ;
;      - pl_cpu:cpu|pl_datapath:datapath|id_ex.imm_ext[30]                                ; 1                 ; 6       ;
;      - pl_cpu:cpu|pl_datapath:datapath|id_ex.rd2[30]                                    ; 1                 ; 6       ;
;      - pl_cpu:cpu|pl_datapath:datapath|id_ex.imm_ext[29]                                ; 1                 ; 6       ;
;      - pl_cpu:cpu|pl_datapath:datapath|id_ex.rd2[29]                                    ; 1                 ; 6       ;
;      - pl_cpu:cpu|pl_datapath:datapath|id_ex.rd2[28]                                    ; 1                 ; 6       ;
;      - pl_cpu:cpu|pl_datapath:datapath|id_ex.imm_ext[28]                                ; 1                 ; 6       ;
;      - pl_cpu:cpu|pl_datapath:datapath|id_ex.rd2[27]                                    ; 1                 ; 6       ;
;      - pl_cpu:cpu|pl_datapath:datapath|id_ex.imm_ext[27]                                ; 1                 ; 6       ;
;      - pl_cpu:cpu|pl_datapath:datapath|id_ex.rd2[26]                                    ; 1                 ; 6       ;
;      - pl_cpu:cpu|pl_datapath:datapath|id_ex.imm_ext[26]                                ; 1                 ; 6       ;
;      - pl_cpu:cpu|pl_datapath:datapath|id_ex.rd2[25]                                    ; 1                 ; 6       ;
;      - pl_cpu:cpu|pl_datapath:datapath|id_ex.imm_ext[25]                                ; 1                 ; 6       ;
;      - pl_cpu:cpu|pl_datapath:datapath|id_ex.rd2[24]                                    ; 1                 ; 6       ;
;      - pl_cpu:cpu|pl_datapath:datapath|id_ex.imm_ext[24]                                ; 1                 ; 6       ;
;      - pl_cpu:cpu|pl_datapath:datapath|id_ex.rd2[23]                                    ; 1                 ; 6       ;
;      - pl_cpu:cpu|pl_datapath:datapath|id_ex.imm_ext[23]                                ; 1                 ; 6       ;
;      - pl_cpu:cpu|pl_datapath:datapath|id_ex.rd2[22]                                    ; 1                 ; 6       ;
;      - pl_cpu:cpu|pl_datapath:datapath|id_ex.imm_ext[22]                                ; 1                 ; 6       ;
;      - pl_cpu:cpu|pl_datapath:datapath|id_ex.rd2[21]                                    ; 1                 ; 6       ;
;      - pl_cpu:cpu|pl_datapath:datapath|id_ex.imm_ext[21]                                ; 1                 ; 6       ;
;      - pl_cpu:cpu|pl_datapath:datapath|id_ex.rd2[20]                                    ; 1                 ; 6       ;
;      - pl_cpu:cpu|pl_datapath:datapath|id_ex.imm_ext[20]                                ; 1                 ; 6       ;
;      - pl_cpu:cpu|pl_datapath:datapath|id_ex.rd2[19]                                    ; 1                 ; 6       ;
;      - pl_cpu:cpu|pl_datapath:datapath|id_ex.imm_ext[19]                                ; 1                 ; 6       ;
;      - pl_cpu:cpu|pl_datapath:datapath|id_ex.rd2[18]                                    ; 1                 ; 6       ;
;      - pl_cpu:cpu|pl_datapath:datapath|id_ex.imm_ext[18]                                ; 1                 ; 6       ;
;      - pl_cpu:cpu|pl_datapath:datapath|id_ex.rd2[17]                                    ; 1                 ; 6       ;
;      - pl_cpu:cpu|pl_datapath:datapath|id_ex.imm_ext[17]                                ; 1                 ; 6       ;
;      - pl_cpu:cpu|pl_datapath:datapath|id_ex.rd2[16]                                    ; 1                 ; 6       ;
;      - pl_cpu:cpu|pl_datapath:datapath|id_ex.imm_ext[16]                                ; 1                 ; 6       ;
;      - pl_cpu:cpu|pl_datapath:datapath|id_ex.rd2[15]                                    ; 1                 ; 6       ;
;      - pl_cpu:cpu|pl_datapath:datapath|id_ex.imm_ext[15]                                ; 1                 ; 6       ;
;      - pl_cpu:cpu|pl_datapath:datapath|id_ex.imm_ext[14]                                ; 1                 ; 6       ;
;      - pl_cpu:cpu|pl_datapath:datapath|id_ex.rd2[14]                                    ; 1                 ; 6       ;
;      - pl_cpu:cpu|pl_datapath:datapath|id_ex.rd2[13]                                    ; 1                 ; 6       ;
;      - pl_cpu:cpu|pl_datapath:datapath|id_ex.imm_ext[13]                                ; 1                 ; 6       ;
;      - pl_cpu:cpu|pl_datapath:datapath|id_ex.imm_ext[12]                                ; 1                 ; 6       ;
;      - pl_cpu:cpu|pl_datapath:datapath|id_ex.rd2[12]                                    ; 1                 ; 6       ;
;      - pl_cpu:cpu|pl_datapath:datapath|id_ex.imm_ext[11]                                ; 1                 ; 6       ;
;      - pl_cpu:cpu|pl_datapath:datapath|id_ex.rd2[11]                                    ; 1                 ; 6       ;
;      - pl_cpu:cpu|pl_datapath:datapath|id_ex.rd2[10]                                    ; 1                 ; 6       ;
;      - pl_cpu:cpu|pl_datapath:datapath|id_ex.imm_ext[10]                                ; 1                 ; 6       ;
;      - pl_cpu:cpu|pl_datapath:datapath|id_ex.rd2[9]                                     ; 1                 ; 6       ;
;      - pl_cpu:cpu|pl_datapath:datapath|id_ex.imm_ext[9]                                 ; 1                 ; 6       ;
;      - pl_cpu:cpu|pl_datapath:datapath|id_ex.imm_ext[8]                                 ; 1                 ; 6       ;
;      - pl_cpu:cpu|pl_datapath:datapath|id_ex.rd2[8]                                     ; 1                 ; 6       ;
;      - pl_cpu:cpu|pl_datapath:datapath|id_ex.rd2[7]                                     ; 1                 ; 6       ;
;      - pl_cpu:cpu|pl_datapath:datapath|id_ex.imm_ext[7]                                 ; 1                 ; 6       ;
;      - pl_cpu:cpu|pl_datapath:datapath|id_ex.rd2[6]                                     ; 1                 ; 6       ;
;      - pl_cpu:cpu|pl_datapath:datapath|id_ex.imm_ext[6]                                 ; 1                 ; 6       ;
;      - pl_cpu:cpu|pl_datapath:datapath|id_ex.rd2[5]                                     ; 1                 ; 6       ;
;      - pl_cpu:cpu|pl_datapath:datapath|id_ex.imm_ext[5]                                 ; 1                 ; 6       ;
;      - pl_cpu:cpu|pl_datapath:datapath|id_ex.mem_write                                  ; 1                 ; 6       ;
;      - pl_cpu:cpu|pl_datapath:datapath|pl_mmio:mmio|pl_uart:uart_inst|tx_bit_idx[2]     ; 1                 ; 6       ;
;      - pl_cpu:cpu|pl_datapath:datapath|pl_mmio:mmio|pl_uart:uart_inst|tx_bit_idx[0]     ; 1                 ; 6       ;
;      - pl_cpu:cpu|pl_datapath:datapath|pl_mmio:mmio|tx_word[16]                         ; 1                 ; 6       ;
;      - pl_cpu:cpu|pl_datapath:datapath|pl_mmio:mmio|tx_byte_idx[1]                      ; 1                 ; 6       ;
;      - pl_cpu:cpu|pl_datapath:datapath|pl_mmio:mmio|tx_word[8]                          ; 1                 ; 6       ;
;      - pl_cpu:cpu|pl_datapath:datapath|pl_mmio:mmio|tx_byte_idx[0]                      ; 1                 ; 6       ;
;      - pl_cpu:cpu|pl_datapath:datapath|pl_mmio:mmio|tx_word[0]                          ; 1                 ; 6       ;
;      - pl_cpu:cpu|pl_datapath:datapath|pl_mmio:mmio|tx_word[24]                         ; 1                 ; 6       ;
;      - pl_cpu:cpu|pl_datapath:datapath|pl_mmio:mmio|tx_word_busy                        ; 1                 ; 6       ;
;      - pl_cpu:cpu|pl_datapath:datapath|pl_mmio:mmio|pl_uart:uart_inst|tx_busy           ; 1                 ; 6       ;
;      - pl_cpu:cpu|pl_datapath:datapath|pl_mmio:mmio|pl_uart:uart_inst|tx_state.TX_START ; 1                 ; 6       ;
;      - pl_cpu:cpu|pl_datapath:datapath|if_id.instr[12]                                  ; 1                 ; 6       ;
;      - pl_cpu:cpu|pl_datapath:datapath|id_ex.branch                                     ; 1                 ; 6       ;
;      - pl_cpu:cpu|pl_datapath:datapath|id_ex.mem_read                                   ; 1                 ; 6       ;
;      - pl_cpu:cpu|pl_datapath:datapath|id_ex.rd[0]                                      ; 1                 ; 6       ;
;      - pl_cpu:cpu|pl_datapath:datapath|id_ex.rd[1]                                      ; 1                 ; 6       ;
;      - pl_cpu:cpu|pl_datapath:datapath|id_ex.rd[4]                                      ; 1                 ; 6       ;
;      - pl_cpu:cpu|pl_datapath:datapath|id_ex.rd[2]                                      ; 1                 ; 6       ;
;      - pl_cpu:cpu|pl_datapath:datapath|id_ex.rd[3]                                      ; 1                 ; 6       ;
;      - pl_cpu:cpu|pl_datapath:datapath|if_id.instr[15]                                  ; 1                 ; 6       ;
;      - pl_cpu:cpu|pl_datapath:datapath|if_id.instr[16]                                  ; 1                 ; 6       ;
;      - pl_cpu:cpu|pl_datapath:datapath|if_id.instr[17]                                  ; 1                 ; 6       ;
;      - pl_cpu:cpu|pl_datapath:datapath|if_id.instr[18]                                  ; 1                 ; 6       ;
;      - pl_cpu:cpu|pl_datapath:datapath|if_id.instr[19]                                  ; 1                 ; 6       ;
;      - pl_cpu:cpu|pl_datapath:datapath|if_id.instr[21]                                  ; 1                 ; 6       ;
;      - pl_cpu:cpu|pl_datapath:datapath|if_id.instr[20]                                  ; 1                 ; 6       ;
;      - pl_cpu:cpu|pl_datapath:datapath|if_id.instr[23]                                  ; 1                 ; 6       ;
;      - pl_cpu:cpu|pl_datapath:datapath|if_id.instr[22]                                  ; 1                 ; 6       ;
;      - pl_cpu:cpu|pl_datapath:datapath|if_id.instr[24]                                  ; 1                 ; 6       ;
;      - pl_cpu:cpu|pl_datapath:datapath|if_id.instr[1]                                   ; 1                 ; 6       ;
;      - pl_cpu:cpu|pl_datapath:datapath|if_id.instr[4]                                   ; 1                 ; 6       ;
;      - pl_cpu:cpu|pl_datapath:datapath|if_id.instr[5]                                   ; 1                 ; 6       ;
;      - pl_cpu:cpu|pl_datapath:datapath|if_id.instr[6]                                   ; 1                 ; 6       ;
;      - pl_cpu:cpu|pl_datapath:datapath|if_id.instr[0]                                   ; 1                 ; 6       ;
;      - pl_cpu:cpu|pl_datapath:datapath|id_ex.reg_write                                  ; 1                 ; 6       ;
;      - pl_cpu:cpu|pl_datapath:datapath|if_id.instr[9]                                   ; 1                 ; 6       ;
;      - pl_cpu:cpu|pl_datapath:datapath|ex_mem.mem_to_reg[0]                             ; 1                 ; 6       ;
;      - pl_cpu:cpu|pl_datapath:datapath|ex_mem.funct3[0]                                 ; 1                 ; 6       ;
;      - pl_cpu:cpu|pl_datapath:datapath|ex_mem.funct3[1]                                 ; 1                 ; 6       ;
;      - pl_cpu:cpu|pl_datapath:datapath|pl_mmio:mmio|pl_uart:uart_inst|rx_data[2]        ; 1                 ; 6       ;
;      - pl_cpu:cpu|pl_datapath:datapath|if_id.instr[8]                                   ; 1                 ; 6       ;
;      - pl_cpu:cpu|pl_datapath:datapath|pl_mmio:mmio|pl_uart:uart_inst|rx_data[1]        ; 1                 ; 6       ;
;      - pl_cpu:cpu|pl_datapath:datapath|if_id.instr[7]                                   ; 1                 ; 6       ;
;      - pl_cpu:cpu|pl_datapath:datapath|pl_mmio:mmio|pl_uart:uart_inst|rx_data[0]        ; 1                 ; 6       ;
;      - pl_cpu:cpu|pl_datapath:datapath|mem_read_data[0]~1549                            ; 1                 ; 6       ;
;      - pl_cpu:cpu|pl_datapath:datapath|pl_mmio:mmio|cycle_count[0]                      ; 1                 ; 6       ;
;      - pl_cpu:cpu|pl_datapath:datapath|pl_mmio:mmio|rx_ready                            ; 1                 ; 6       ;
;      - pl_cpu:cpu|pl_datapath:datapath|if_id.instr[10]                                  ; 1                 ; 6       ;
;      - pl_cpu:cpu|pl_datapath:datapath|pl_mmio:mmio|pl_uart:uart_inst|rx_data[3]        ; 1                 ; 6       ;
;      - pl_cpu:cpu|pl_datapath:datapath|pl_mmio:mmio|pl_uart:uart_inst|rx_data[4]        ; 1                 ; 6       ;
;      - pl_cpu:cpu|pl_datapath:datapath|if_id.instr[11]                                  ; 1                 ; 6       ;
;      - pl_cpu:cpu|pl_datapath:datapath|if_id.instr[14]                                  ; 1                 ; 6       ;
;      - pl_cpu:cpu|pl_datapath:datapath|if_id.instr[30]                                  ; 1                 ; 6       ;
;      - pl_cpu:cpu|pl_datapath:datapath|if_id.instr[13]                                  ; 1                 ; 6       ;
;      - pl_cpu:cpu|pl_datapath:datapath|pl_mmio:mmio|pl_uart:uart_inst|rx_data[7]        ; 1                 ; 6       ;
;      - pl_cpu:cpu|pl_datapath:datapath|pl_mmio:mmio|pl_uart:uart_inst|rx_data[6]        ; 1                 ; 6       ;
;      - pl_cpu:cpu|pl_datapath:datapath|pl_mmio:mmio|pl_uart:uart_inst|rx_data[5]        ; 1                 ; 6       ;
;      - pl_cpu:cpu|pl_datapath:datapath|ex_mem.funct3[2]                                 ; 1                 ; 6       ;
;      - pl_cpu:cpu|pl_datapath:datapath|if_id.instr[31]                                  ; 1                 ; 6       ;
;      - pl_cpu:cpu|pl_datapath:datapath|if_id.instr[29]                                  ; 1                 ; 6       ;
;      - pl_cpu:cpu|pl_datapath:datapath|if_id.instr[28]                                  ; 1                 ; 6       ;
;      - pl_cpu:cpu|pl_datapath:datapath|if_id.instr[27]                                  ; 1                 ; 6       ;
;      - pl_cpu:cpu|pl_datapath:datapath|if_id.instr[26]                                  ; 1                 ; 6       ;
;      - pl_cpu:cpu|pl_datapath:datapath|if_id.instr[25]                                  ; 1                 ; 6       ;
;      - pl_cpu:cpu|pl_datapath:datapath|pl_mmio:mmio|tx_word[9]                          ; 1                 ; 6       ;
;      - pl_cpu:cpu|pl_datapath:datapath|pl_mmio:mmio|tx_word[17]                         ; 1                 ; 6       ;
;      - pl_cpu:cpu|pl_datapath:datapath|pl_mmio:mmio|tx_word[1]                          ; 1                 ; 6       ;
;      - pl_cpu:cpu|pl_datapath:datapath|pl_mmio:mmio|tx_word[25]                         ; 1                 ; 6       ;
;      - pl_cpu:cpu|pl_datapath:datapath|byte_en_mem[3]                                   ; 1                 ; 6       ;
;      - pl_cpu:cpu|pl_datapath:datapath|byte_en_mem[1]                                   ; 1                 ; 6       ;
;      - pl_cpu:cpu|pl_datapath:datapath|id_ex.mem_to_reg[0]                              ; 1                 ; 6       ;
;      - pl_cpu:cpu|pl_datapath:datapath|ex_mem.write_data[18]                            ; 1                 ; 6       ;
;      - pl_cpu:cpu|pl_datapath:datapath|byte_en_mem[2]                                   ; 1                 ; 6       ;
;      - pl_cpu:cpu|pl_datapath:datapath|byte_en_mem[0]                                   ; 1                 ; 6       ;
;      - pl_cpu:cpu|pl_datapath:datapath|pl_mmio:mmio|pl_uart:uart_inst|rx_sr[2]          ; 1                 ; 6       ;
;      - pl_cpu:cpu|pl_datapath:datapath|pl_mmio:mmio|pl_uart:uart_inst|rx_state.RX_STOP  ; 1                 ; 6       ;
;      - pl_cpu:cpu|pl_datapath:datapath|pl_mmio:mmio|pl_uart:uart_inst|rxd_q             ; 1                 ; 6       ;
;      - pl_cpu:cpu|pl_datapath:datapath|pl_mmio:mmio|pl_uart:uart_inst|rx_sr[1]          ; 1                 ; 6       ;
;      - pl_cpu:cpu|pl_datapath:datapath|pl_mmio:mmio|pl_uart:uart_inst|rx_sr[0]          ; 1                 ; 6       ;
;      - pl_cpu:cpu|pl_datapath:datapath|pl_mmio:mmio|pl_uart:uart_inst|rx_valid          ; 1                 ; 6       ;
;      - pl_cpu:cpu|pl_datapath:datapath|ex_mem.mem_read                                  ; 1                 ; 6       ;
;      - pl_cpu:cpu|pl_datapath:datapath|pl_mmio:mmio|pl_uart:uart_inst|rx_sr[3]          ; 1                 ; 6       ;
;      - pl_cpu:cpu|pl_datapath:datapath|ex_mem.write_data[19]                            ; 1                 ; 6       ;
;      - pl_cpu:cpu|pl_datapath:datapath|ex_mem.write_data[20]                            ; 1                 ; 6       ;
;      - pl_cpu:cpu|pl_datapath:datapath|pl_mmio:mmio|pl_uart:uart_inst|rx_sr[4]          ; 1                 ; 6       ;
;      - pl_cpu:cpu|pl_datapath:datapath|ex_mem.write_data[23]                            ; 1                 ; 6       ;
;      - pl_cpu:cpu|pl_datapath:datapath|pl_mmio:mmio|pl_uart:uart_inst|rx_sr[7]          ; 1                 ; 6       ;
;      - pl_cpu:cpu|pl_datapath:datapath|pl_mmio:mmio|pl_uart:uart_inst|rx_sr[6]          ; 1                 ; 6       ;
;      - pl_cpu:cpu|pl_datapath:datapath|ex_mem.write_data[22]                            ; 1                 ; 6       ;
;      - pl_cpu:cpu|pl_datapath:datapath|pl_mmio:mmio|pl_uart:uart_inst|rx_sr[5]          ; 1                 ; 6       ;
;      - pl_cpu:cpu|pl_datapath:datapath|ex_mem.write_data[21]                            ; 1                 ; 6       ;
;      - pl_cpu:cpu|pl_datapath:datapath|pl_mmio:mmio|tx_word[18]                         ; 1                 ; 6       ;
;      - pl_cpu:cpu|pl_datapath:datapath|pl_mmio:mmio|tx_word[10]                         ; 1                 ; 6       ;
;      - pl_cpu:cpu|pl_datapath:datapath|pl_mmio:mmio|tx_word[2]                          ; 1                 ; 6       ;
;      - pl_cpu:cpu|pl_datapath:datapath|pl_mmio:mmio|tx_word[26]                         ; 1                 ; 6       ;
;      - pl_cpu:cpu|pl_datapath:datapath|id_ex.pc[9]                                      ; 1                 ; 6       ;
;      - pl_cpu:cpu|pl_datapath:datapath|id_ex.pc[8]                                      ; 1                 ; 6       ;
;      - pl_cpu:cpu|pl_datapath:datapath|id_ex.pc[7]                                      ; 1                 ; 6       ;
;      - pl_cpu:cpu|pl_datapath:datapath|id_ex.pc[6]                                      ; 1                 ; 6       ;
;      - pl_cpu:cpu|pl_datapath:datapath|id_ex.pc[5]                                      ; 1                 ; 6       ;
;      - pl_cpu:cpu|pl_datapath:datapath|id_ex.pc[4]                                      ; 1                 ; 6       ;
;      - pl_cpu:cpu|pl_datapath:datapath|id_ex.pc[3]                                      ; 1                 ; 6       ;
;      - pl_cpu:cpu|pl_datapath:datapath|id_ex.pc[2]                                      ; 1                 ; 6       ;
;      - pl_cpu:cpu|pl_datapath:datapath|id_ex.pc[1]                                      ; 1                 ; 6       ;
;      - pl_cpu:cpu|pl_datapath:datapath|id_ex.pc[0]                                      ; 1                 ; 6       ;
;      - pl_cpu:cpu|pl_datapath:datapath|pl_mmio:mmio|pl_uart:uart_inst|rx_state.RX_DATA  ; 1                 ; 6       ;
;      - pl_cpu:cpu|pl_datapath:datapath|pl_mmio:mmio|pl_uart:uart_inst|rx_bit_idx[2]     ; 1                 ; 6       ;
;      - pl_cpu:cpu|pl_datapath:datapath|pl_mmio:mmio|pl_uart:uart_inst|rx_bit_idx[1]     ; 1                 ; 6       ;
;      - pl_cpu:cpu|pl_datapath:datapath|pl_mmio:mmio|pl_uart:uart_inst|rx_bit_idx[0]     ; 1                 ; 6       ;
;      - pl_cpu:cpu|pl_datapath:datapath|pl_mmio:mmio|pl_uart:uart_inst|rx_state.RX_START ; 1                 ; 6       ;
;      - pl_cpu:cpu|pl_datapath:datapath|pl_mmio:mmio|pl_uart:uart_inst|rx_state.RX_IDLE  ; 1                 ; 6       ;
;      - pl_cpu:cpu|pl_datapath:datapath|pl_mmio:mmio|pl_uart:uart_inst|rxd_s             ; 1                 ; 6       ;
;      - pl_cpu:cpu|pl_datapath:datapath|pl_mmio:mmio|tx_word[11]                         ; 1                 ; 6       ;
;      - pl_cpu:cpu|pl_datapath:datapath|pl_mmio:mmio|tx_word[19]                         ; 1                 ; 6       ;
;      - pl_cpu:cpu|pl_datapath:datapath|pl_mmio:mmio|tx_word[3]                          ; 1                 ; 6       ;
;      - pl_cpu:cpu|pl_datapath:datapath|pl_mmio:mmio|tx_word[27]                         ; 1                 ; 6       ;
;      - pl_cpu:cpu|pl_datapath:datapath|if_id.pc[9]                                      ; 1                 ; 6       ;
;      - pl_cpu:cpu|pl_datapath:datapath|if_id.pc[8]                                      ; 1                 ; 6       ;
;      - pl_cpu:cpu|pl_datapath:datapath|if_id.pc[7]                                      ; 1                 ; 6       ;
;      - pl_cpu:cpu|pl_datapath:datapath|if_id.pc[6]                                      ; 1                 ; 6       ;
;      - pl_cpu:cpu|pl_datapath:datapath|if_id.pc[5]                                      ; 1                 ; 6       ;
;      - pl_cpu:cpu|pl_datapath:datapath|if_id.pc[4]                                      ; 1                 ; 6       ;
;      - pl_cpu:cpu|pl_datapath:datapath|if_id.pc[3]                                      ; 1                 ; 6       ;
;      - pl_cpu:cpu|pl_datapath:datapath|if_id.pc[2]                                      ; 1                 ; 6       ;
;      - pl_cpu:cpu|pl_datapath:datapath|if_id.pc[1]                                      ; 1                 ; 6       ;
;      - pl_cpu:cpu|pl_datapath:datapath|if_id.pc[0]                                      ; 1                 ; 6       ;
;      - pl_cpu:cpu|pl_datapath:datapath|pl_mmio:mmio|tx_word[20]                         ; 1                 ; 6       ;
;      - pl_cpu:cpu|pl_datapath:datapath|pl_mmio:mmio|tx_word[12]                         ; 1                 ; 6       ;
;      - pl_cpu:cpu|pl_datapath:datapath|pl_mmio:mmio|tx_word[4]                          ; 1                 ; 6       ;
;      - pl_cpu:cpu|pl_datapath:datapath|pl_mmio:mmio|tx_word[28]                         ; 1                 ; 6       ;
;      - pl_cpu:cpu|pl_datapath:datapath|pc_reg[1]                                        ; 1                 ; 6       ;
;      - pl_cpu:cpu|pl_datapath:datapath|pc_reg[0]                                        ; 1                 ; 6       ;
;      - pl_cpu:cpu|pl_datapath:datapath|pl_mmio:mmio|tx_word[13]                         ; 1                 ; 6       ;
;      - pl_cpu:cpu|pl_datapath:datapath|pl_mmio:mmio|tx_word[21]                         ; 1                 ; 6       ;
;      - pl_cpu:cpu|pl_datapath:datapath|pl_mmio:mmio|tx_word[5]                          ; 1                 ; 6       ;
;      - pl_cpu:cpu|pl_datapath:datapath|pl_mmio:mmio|tx_word[29]                         ; 1                 ; 6       ;
;      - pl_cpu:cpu|pl_datapath:datapath|pl_mmio:mmio|tx_word[22]                         ; 1                 ; 6       ;
;      - pl_cpu:cpu|pl_datapath:datapath|pl_mmio:mmio|tx_word[14]                         ; 1                 ; 6       ;
;      - pl_cpu:cpu|pl_datapath:datapath|pl_mmio:mmio|tx_word[6]                          ; 1                 ; 6       ;
;      - pl_cpu:cpu|pl_datapath:datapath|pl_mmio:mmio|tx_word[30]                         ; 1                 ; 6       ;
;      - pl_cpu:cpu|pl_datapath:datapath|pl_mmio:mmio|pl_uart:uart_inst|tx_sr[7]          ; 1                 ; 6       ;
;      - pl_cpu:cpu|pl_datapath:datapath|pl_mmio:mmio|tx_word[15]                         ; 1                 ; 6       ;
;      - pl_cpu:cpu|pl_datapath:datapath|pl_mmio:mmio|tx_word[23]                         ; 1                 ; 6       ;
;      - pl_cpu:cpu|pl_datapath:datapath|pl_mmio:mmio|tx_word[7]                          ; 1                 ; 6       ;
;      - pl_cpu:cpu|pl_datapath:datapath|pl_mmio:mmio|tx_word[31]                         ; 1                 ; 6       ;
; SW[10]                                                                                  ;                   ;         ;
;      - pl_cpu:cpu|pl_datapath:datapath|mem_read_data[10]~173                            ; 0                 ; 6       ;
; KEY[2]                                                                                  ;                   ;         ;
;      - pl_cpu:cpu|pl_datapath:datapath|mem_read_data[2]~686                             ; 1                 ; 6       ;
; SW[2]                                                                                   ;                   ;         ;
;      - pl_cpu:cpu|pl_datapath:datapath|mem_read_data[2]~686                             ; 0                 ; 6       ;
; KEY[1]                                                                                  ;                   ;         ;
;      - pl_cpu:cpu|pl_datapath:datapath|mem_read_data[1]~859                             ; 0                 ; 6       ;
; SW[1]                                                                                   ;                   ;         ;
;      - pl_cpu:cpu|pl_datapath:datapath|mem_read_data[1]~859                             ; 0                 ; 6       ;
; SW[9]                                                                                   ;                   ;         ;
;      - pl_cpu:cpu|pl_datapath:datapath|mem_read_data[9]~1205                            ; 1                 ; 6       ;
; SW[17]                                                                                  ;                   ;         ;
;      - pl_cpu:cpu|pl_datapath:datapath|mem_read_data[17]~1207                           ; 1                 ; 6       ;
; SW[0]                                                                                   ;                   ;         ;
;      - pl_cpu:cpu|pl_datapath:datapath|mem_read_data[0]~1549                            ; 0                 ; 6       ;
; SW[8]                                                                                   ;                   ;         ;
;      - pl_cpu:cpu|pl_datapath:datapath|mem_read_data[8]~1894                            ; 0                 ; 6       ;
; SW[16]                                                                                  ;                   ;         ;
;      - pl_cpu:cpu|pl_datapath:datapath|mem_read_data[16]~1896                           ; 0                 ; 6       ;
; KEY[3]                                                                                  ;                   ;         ;
;      - pl_cpu:cpu|pl_datapath:datapath|mem_read_data[3]~2238                            ; 1                 ; 6       ;
; SW[3]                                                                                   ;                   ;         ;
;      - pl_cpu:cpu|pl_datapath:datapath|mem_read_data[3]~2238                            ; 1                 ; 6       ;
; SW[11]                                                                                  ;                   ;         ;
;      - pl_cpu:cpu|pl_datapath:datapath|mem_read_data[11]~2412                           ; 0                 ; 6       ;
; SW[12]                                                                                  ;                   ;         ;
;      - pl_cpu:cpu|pl_datapath:datapath|mem_read_data[12]~2926                           ; 0                 ; 6       ;
; SW[4]                                                                                   ;                   ;         ;
;      - pl_cpu:cpu|pl_datapath:datapath|mem_read_data[4]~3439                            ; 0                 ; 6       ;
; SW[7]                                                                                   ;                   ;         ;
;      - pl_cpu:cpu|pl_datapath:datapath|mem_read_data[7]~3783                            ; 0                 ; 6       ;
; SW[15]                                                                                  ;                   ;         ;
;      - pl_cpu:cpu|pl_datapath:datapath|mem_read_data[15]~3957                           ; 0                 ; 6       ;
; SW[6]                                                                                   ;                   ;         ;
;      - pl_cpu:cpu|pl_datapath:datapath|mem_read_data[6]~4299                            ; 0                 ; 6       ;
; SW[14]                                                                                  ;                   ;         ;
;      - pl_cpu:cpu|pl_datapath:datapath|mem_read_data[14]~4644                           ; 0                 ; 6       ;
; SW[5]                                                                                   ;                   ;         ;
;      - pl_cpu:cpu|pl_datapath:datapath|mem_read_data[5]~4987                            ; 0                 ; 6       ;
; SW[13]                                                                                  ;                   ;         ;
;      - pl_cpu:cpu|pl_datapath:datapath|mem_read_data[13]~5160                           ; 0                 ; 6       ;
; UART_RXD                                                                                ;                   ;         ;
;      - pl_cpu:cpu|pl_datapath:datapath|pl_mmio:mmio|pl_uart:uart_inst|rxd_s~0           ; 0                 ; 6       ;
+-----------------------------------------------------------------------------------------+-------------------+---------+


+--------------------------------------------------------------------------------------------------------------------------------------------------------------------------------------------------------------------------+
; Control Signals                                                                                                                                                                                                          ;
+---------------------------------------------------------------------------------+--------------------+---------+--------------------------+--------+----------------------+------------------+---------------------------+
; Name                                                                            ; Location           ; Fan-Out ; Usage                    ; Global ; Global Resource Used ; Global Line Name ; Enable Signal Source Name ;
+---------------------------------------------------------------------------------+--------------------+---------+--------------------------+--------+----------------------+------------------+---------------------------+
; CLOCK_50                                                                        ; PIN_Y2             ; 9723    ; Clock                    ; yes    ; Global Clock         ; GCLK4            ; --                        ;
; KEY[0]                                                                          ; PIN_M23            ; 508     ; Async. clear             ; no     ; --                   ; --               ; --                        ;
; pl_cpu:cpu|pl_datapath:datapath|Equal6~1                                        ; LCCOMB_X56_Y33_N8  ; 8       ; Sync. load               ; no     ; --                   ; --               ; --                        ;
; pl_cpu:cpu|pl_datapath:datapath|Selector107~0                                   ; LCCOMB_X56_Y40_N4  ; 8       ; Sync. load               ; no     ; --                   ; --               ; --                        ;
; pl_cpu:cpu|pl_datapath:datapath|always8~10                                      ; LCCOMB_X59_Y34_N20 ; 164     ; Clock enable, Sync. load ; no     ; --                   ; --               ; --                        ;
; pl_cpu:cpu|pl_datapath:datapath|ex_mem.write_data[29]~24                        ; LCCOMB_X58_Y41_N26 ; 9       ; Sync. clear              ; no     ; --                   ; --               ; --                        ;
; pl_cpu:cpu|pl_datapath:datapath|ex_mem.write_data[9]~21                         ; LCCOMB_X56_Y33_N30 ; 8       ; Sync. clear              ; no     ; --                   ; --               ; --                        ;
; pl_cpu:cpu|pl_datapath:datapath|if_id.instr[19]~2                               ; LCCOMB_X59_Y34_N30 ; 48      ; Clock enable             ; no     ; --                   ; --               ; --                        ;
; pl_cpu:cpu|pl_datapath:datapath|pl_dmem:dmem|ram[0][0]~1002                     ; LCCOMB_X80_Y48_N20 ; 8       ; Clock enable             ; no     ; --                   ; --               ; --                        ;
; pl_cpu:cpu|pl_datapath:datapath|pl_dmem:dmem|ram[0][16]~730                     ; LCCOMB_X50_Y50_N30 ; 8       ; Clock enable             ; no     ; --                   ; --               ; --                        ;
; pl_cpu:cpu|pl_datapath:datapath|pl_dmem:dmem|ram[0][24]~186                     ; LCCOMB_X66_Y57_N30 ; 8       ; Clock enable             ; no     ; --                   ; --               ; --                        ;
; pl_cpu:cpu|pl_datapath:datapath|pl_dmem:dmem|ram[0][8]~458                      ; LCCOMB_X48_Y39_N30 ; 8       ; Clock enable             ; no     ; --                   ; --               ; --                        ;
; pl_cpu:cpu|pl_datapath:datapath|pl_dmem:dmem|ram[100][0]~1016                   ; LCCOMB_X72_Y41_N14 ; 8       ; Clock enable             ; no     ; --                   ; --               ; --                        ;
; pl_cpu:cpu|pl_datapath:datapath|pl_dmem:dmem|ram[100][16]~688                   ; LCCOMB_X34_Y51_N14 ; 8       ; Clock enable             ; no     ; --                   ; --               ; --                        ;
; pl_cpu:cpu|pl_datapath:datapath|pl_dmem:dmem|ram[100][24]~179                   ; LCCOMB_X62_Y59_N20 ; 8       ; Clock enable             ; no     ; --                   ; --               ; --                        ;
; pl_cpu:cpu|pl_datapath:datapath|pl_dmem:dmem|ram[100][8]~443                    ; LCCOMB_X54_Y41_N14 ; 8       ; Clock enable             ; no     ; --                   ; --               ; --                        ;
; pl_cpu:cpu|pl_datapath:datapath|pl_dmem:dmem|ram[101][0]~1019                   ; LCCOMB_X66_Y36_N26 ; 8       ; Clock enable             ; no     ; --                   ; --               ; --                        ;
; pl_cpu:cpu|pl_datapath:datapath|pl_dmem:dmem|ram[101][16]~691                   ; LCCOMB_X27_Y54_N24 ; 8       ; Clock enable             ; no     ; --                   ; --               ; --                        ;
; pl_cpu:cpu|pl_datapath:datapath|pl_dmem:dmem|ram[101][24]~191                   ; LCCOMB_X63_Y57_N28 ; 8       ; Clock enable             ; no     ; --                   ; --               ; --                        ;
; pl_cpu:cpu|pl_datapath:datapath|pl_dmem:dmem|ram[101][8]~475                    ; LCCOMB_X38_Y35_N6  ; 8       ; Clock enable             ; no     ; --                   ; --               ; --                        ;
; pl_cpu:cpu|pl_datapath:datapath|pl_dmem:dmem|ram[102][0]~931                    ; LCCOMB_X75_Y38_N14 ; 8       ; Clock enable             ; no     ; --                   ; --               ; --                        ;
; pl_cpu:cpu|pl_datapath:datapath|pl_dmem:dmem|ram[102][16]~545                   ; LCCOMB_X38_Y50_N30 ; 8       ; Clock enable             ; no     ; --                   ; --               ; --                        ;
; pl_cpu:cpu|pl_datapath:datapath|pl_dmem:dmem|ram[102][24]~147                   ; LCCOMB_X67_Y47_N14 ; 8       ; Clock enable             ; no     ; --                   ; --               ; --                        ;
; pl_cpu:cpu|pl_datapath:datapath|pl_dmem:dmem|ram[102][8]~439                    ; LCCOMB_X38_Y43_N14 ; 8       ; Clock enable             ; no     ; --                   ; --               ; --                        ;
; pl_cpu:cpu|pl_datapath:datapath|pl_dmem:dmem|ram[103][0]~943                    ; LCCOMB_X58_Y45_N4  ; 8       ; Clock enable             ; no     ; --                   ; --               ; --                        ;
; pl_cpu:cpu|pl_datapath:datapath|pl_dmem:dmem|ram[103][16]~551                   ; LCCOMB_X50_Y49_N10 ; 8       ; Clock enable             ; no     ; --                   ; --               ; --                        ;
; pl_cpu:cpu|pl_datapath:datapath|pl_dmem:dmem|ram[103][24]~159                   ; LCCOMB_X67_Y48_N14 ; 8       ; Clock enable             ; no     ; --                   ; --               ; --                        ;
; pl_cpu:cpu|pl_datapath:datapath|pl_dmem:dmem|ram[103][8]~471                    ; LCCOMB_X38_Y37_N20 ; 8       ; Clock enable             ; no     ; --                   ; --               ; --                        ;
; pl_cpu:cpu|pl_datapath:datapath|pl_dmem:dmem|ram[104][0]~980                    ; LCCOMB_X81_Y44_N8  ; 8       ; Clock enable             ; no     ; --                   ; --               ; --                        ;
; pl_cpu:cpu|pl_datapath:datapath|pl_dmem:dmem|ram[104][16]~745                   ; LCCOMB_X46_Y46_N30 ; 8       ; Clock enable             ; no     ; --                   ; --               ; --                        ;
; pl_cpu:cpu|pl_datapath:datapath|pl_dmem:dmem|ram[104][24]~104                   ; LCCOMB_X62_Y51_N24 ; 8       ; Clock enable             ; no     ; --                   ; --               ; --                        ;
; pl_cpu:cpu|pl_datapath:datapath|pl_dmem:dmem|ram[104][8]~305                    ; LCCOMB_X39_Y44_N14 ; 8       ; Clock enable             ; no     ; --                   ; --               ; --                        ;
; pl_cpu:cpu|pl_datapath:datapath|pl_dmem:dmem|ram[105][0]~983                    ; LCCOMB_X68_Y35_N18 ; 8       ; Clock enable             ; no     ; --                   ; --               ; --                        ;
; pl_cpu:cpu|pl_datapath:datapath|pl_dmem:dmem|ram[105][16]~747                   ; LCCOMB_X50_Y47_N14 ; 8       ; Clock enable             ; no     ; --                   ; --               ; --                        ;
; pl_cpu:cpu|pl_datapath:datapath|pl_dmem:dmem|ram[105][24]~100                   ; LCCOMB_X62_Y53_N24 ; 8       ; Clock enable             ; no     ; --                   ; --               ; --                        ;
; pl_cpu:cpu|pl_datapath:datapath|pl_dmem:dmem|ram[105][8]~337                    ; LCCOMB_X42_Y37_N12 ; 8       ; Clock enable             ; no     ; --                   ; --               ; --                        ;
; pl_cpu:cpu|pl_datapath:datapath|pl_dmem:dmem|ram[106][0]~917                    ; LCCOMB_X80_Y39_N14 ; 8       ; Clock enable             ; no     ; --                   ; --               ; --                        ;
; pl_cpu:cpu|pl_datapath:datapath|pl_dmem:dmem|ram[106][16]~608                   ; LCCOMB_X48_Y60_N24 ; 8       ; Clock enable             ; no     ; --                   ; --               ; --                        ;
; pl_cpu:cpu|pl_datapath:datapath|pl_dmem:dmem|ram[106][24]~96                    ; LCCOMB_X66_Y47_N18 ; 8       ; Clock enable             ; no     ; --                   ; --               ; --                        ;
; pl_cpu:cpu|pl_datapath:datapath|pl_dmem:dmem|ram[106][8]~301                    ; LCCOMB_X40_Y42_N14 ; 8       ; Clock enable             ; no     ; --                   ; --               ; --                        ;
; pl_cpu:cpu|pl_datapath:datapath|pl_dmem:dmem|ram[107][0]~925                    ; LCCOMB_X73_Y37_N14 ; 8       ; Clock enable             ; no     ; --                   ; --               ; --                        ;
; pl_cpu:cpu|pl_datapath:datapath|pl_dmem:dmem|ram[107][16]~600                   ; LCCOMB_X57_Y44_N2  ; 8       ; Clock enable             ; no     ; --                   ; --               ; --                        ;
; pl_cpu:cpu|pl_datapath:datapath|pl_dmem:dmem|ram[107][24]~108                   ; LCCOMB_X57_Y46_N26 ; 8       ; Clock enable             ; no     ; --                   ; --               ; --                        ;
; pl_cpu:cpu|pl_datapath:datapath|pl_dmem:dmem|ram[107][8]~333                    ; LCCOMB_X47_Y41_N30 ; 8       ; Clock enable             ; no     ; --                   ; --               ; --                        ;
; pl_cpu:cpu|pl_datapath:datapath|pl_dmem:dmem|ram[108][0]~1008                   ; LCCOMB_X72_Y35_N22 ; 8       ; Clock enable             ; no     ; --                   ; --               ; --                        ;
; pl_cpu:cpu|pl_datapath:datapath|pl_dmem:dmem|ram[108][16]~736                   ; LCCOMB_X38_Y47_N12 ; 8       ; Clock enable             ; no     ; --                   ; --               ; --                        ;
; pl_cpu:cpu|pl_datapath:datapath|pl_dmem:dmem|ram[108][24]~107                   ; LCCOMB_X56_Y55_N4  ; 8       ; Clock enable             ; no     ; --                   ; --               ; --                        ;
; pl_cpu:cpu|pl_datapath:datapath|pl_dmem:dmem|ram[108][8]~307                    ; LCCOMB_X32_Y48_N22 ; 8       ; Clock enable             ; no     ; --                   ; --               ; --                        ;
; pl_cpu:cpu|pl_datapath:datapath|pl_dmem:dmem|ram[109][0]~1011                   ; LCCOMB_X66_Y40_N30 ; 8       ; Clock enable             ; no     ; --                   ; --               ; --                        ;
; pl_cpu:cpu|pl_datapath:datapath|pl_dmem:dmem|ram[109][16]~739                   ; LCCOMB_X53_Y47_N12 ; 8       ; Clock enable             ; no     ; --                   ; --               ; --                        ;
; pl_cpu:cpu|pl_datapath:datapath|pl_dmem:dmem|ram[109][24]~103                   ; LCCOMB_X66_Y56_N14 ; 8       ; Clock enable             ; no     ; --                   ; --               ; --                        ;
; pl_cpu:cpu|pl_datapath:datapath|pl_dmem:dmem|ram[109][8]~329                    ; LCCOMB_X30_Y39_N0  ; 8       ; Clock enable             ; no     ; --                   ; --               ; --                        ;
; pl_cpu:cpu|pl_datapath:datapath|pl_dmem:dmem|ram[10][0]~922                     ; LCCOMB_X59_Y45_N12 ; 8       ; Clock enable             ; no     ; --                   ; --               ; --                        ;
; pl_cpu:cpu|pl_datapath:datapath|pl_dmem:dmem|ram[10][16]~578                    ; LCCOMB_X48_Y60_N14 ; 8       ; Clock enable             ; no     ; --                   ; --               ; --                        ;
; pl_cpu:cpu|pl_datapath:datapath|pl_dmem:dmem|ram[10][24]~114                    ; LCCOMB_X59_Y45_N4  ; 8       ; Clock enable             ; no     ; --                   ; --               ; --                        ;
; pl_cpu:cpu|pl_datapath:datapath|pl_dmem:dmem|ram[10][8]~318                     ; LCCOMB_X41_Y43_N20 ; 8       ; Clock enable             ; no     ; --                   ; --               ; --                        ;
; pl_cpu:cpu|pl_datapath:datapath|pl_dmem:dmem|ram[110][0]~919                    ; LCCOMB_X79_Y37_N0  ; 8       ; Clock enable             ; no     ; --                   ; --               ; --                        ;
; pl_cpu:cpu|pl_datapath:datapath|pl_dmem:dmem|ram[110][16]~604                   ; LCCOMB_X46_Y47_N26 ; 8       ; Clock enable             ; no     ; --                   ; --               ; --                        ;
; pl_cpu:cpu|pl_datapath:datapath|pl_dmem:dmem|ram[110][24]~99                    ; LCCOMB_X56_Y49_N10 ; 8       ; Clock enable             ; no     ; --                   ; --               ; --                        ;
; pl_cpu:cpu|pl_datapath:datapath|pl_dmem:dmem|ram[110][8]~303                    ; LCCOMB_X48_Y41_N2  ; 8       ; Clock enable             ; no     ; --                   ; --               ; --                        ;
; pl_cpu:cpu|pl_datapath:datapath|pl_dmem:dmem|ram[111][0]~927                    ; LCCOMB_X63_Y45_N20 ; 8       ; Clock enable             ; no     ; --                   ; --               ; --                        ;
; pl_cpu:cpu|pl_datapath:datapath|pl_dmem:dmem|ram[111][16]~613                   ; LCCOMB_X35_Y49_N14 ; 8       ; Clock enable             ; no     ; --                   ; --               ; --                        ;
; pl_cpu:cpu|pl_datapath:datapath|pl_dmem:dmem|ram[111][24]~111                   ; LCCOMB_X62_Y50_N22 ; 8       ; Clock enable             ; no     ; --                   ; --               ; --                        ;
; pl_cpu:cpu|pl_datapath:datapath|pl_dmem:dmem|ram[111][8]~341                    ; LCCOMB_X33_Y42_N14 ; 8       ; Clock enable             ; no     ; --                   ; --               ; --                        ;
; pl_cpu:cpu|pl_datapath:datapath|pl_dmem:dmem|ram[112][0]~977                    ; LCCOMB_X81_Y44_N30 ; 8       ; Clock enable             ; no     ; --                   ; --               ; --                        ;
; pl_cpu:cpu|pl_datapath:datapath|pl_dmem:dmem|ram[112][16]~693                   ; LCCOMB_X34_Y57_N22 ; 8       ; Clock enable             ; no     ; --                   ; --               ; --                        ;
; pl_cpu:cpu|pl_datapath:datapath|pl_dmem:dmem|ram[112][24]~37                    ; LCCOMB_X70_Y58_N6  ; 8       ; Clock enable             ; no     ; --                   ; --               ; --                        ;
; pl_cpu:cpu|pl_datapath:datapath|pl_dmem:dmem|ram[112][8]~388                    ; LCCOMB_X47_Y44_N22 ; 8       ; Clock enable             ; no     ; --                   ; --               ; --                        ;
; pl_cpu:cpu|pl_datapath:datapath|pl_dmem:dmem|ram[113][0]~979                    ; LCCOMB_X79_Y46_N14 ; 8       ; Clock enable             ; no     ; --                   ; --               ; --                        ;
; pl_cpu:cpu|pl_datapath:datapath|pl_dmem:dmem|ram[113][16]~695                   ; LCCOMB_X41_Y52_N2  ; 8       ; Clock enable             ; no     ; --                   ; --               ; --                        ;
; pl_cpu:cpu|pl_datapath:datapath|pl_dmem:dmem|ram[113][24]~13                    ; LCCOMB_X59_Y54_N12 ; 8       ; Clock enable             ; no     ; --                   ; --               ; --                        ;
; pl_cpu:cpu|pl_datapath:datapath|pl_dmem:dmem|ram[113][8]~391                    ; LCCOMB_X43_Y37_N16 ; 8       ; Clock enable             ; no     ; --                   ; --               ; --                        ;
; pl_cpu:cpu|pl_datapath:datapath|pl_dmem:dmem|ram[114][0]~889                    ; LCCOMB_X74_Y40_N2  ; 8       ; Clock enable             ; no     ; --                   ; --               ; --                        ;
; pl_cpu:cpu|pl_datapath:datapath|pl_dmem:dmem|ram[114][16]~562                   ; LCCOMB_X40_Y52_N14 ; 8       ; Clock enable             ; no     ; --                   ; --               ; --                        ;
; pl_cpu:cpu|pl_datapath:datapath|pl_dmem:dmem|ram[114][24]~20                    ; LCCOMB_X68_Y48_N0  ; 8       ; Clock enable             ; no     ; --                   ; --               ; --                        ;
; pl_cpu:cpu|pl_datapath:datapath|pl_dmem:dmem|ram[114][8]~353                    ; LCCOMB_X49_Y42_N22 ; 8       ; Clock enable             ; no     ; --                   ; --               ; --                        ;
; pl_cpu:cpu|pl_datapath:datapath|pl_dmem:dmem|ram[115][0]~893                    ; LCCOMB_X74_Y42_N14 ; 8       ; Clock enable             ; no     ; --                   ; --               ; --                        ;
; pl_cpu:cpu|pl_datapath:datapath|pl_dmem:dmem|ram[115][16]~561                   ; LCCOMB_X40_Y53_N30 ; 8       ; Clock enable             ; no     ; --                   ; --               ; --                        ;
; pl_cpu:cpu|pl_datapath:datapath|pl_dmem:dmem|ram[115][24]~67                    ; LCCOMB_X68_Y48_N14 ; 8       ; Clock enable             ; no     ; --                   ; --               ; --                        ;
; pl_cpu:cpu|pl_datapath:datapath|pl_dmem:dmem|ram[115][8]~355                    ; LCCOMB_X28_Y39_N28 ; 8       ; Clock enable             ; no     ; --                   ; --               ; --                        ;
; pl_cpu:cpu|pl_datapath:datapath|pl_dmem:dmem|ram[116][0]~1013                   ; LCCOMB_X69_Y44_N0  ; 8       ; Clock enable             ; no     ; --                   ; --               ; --                        ;
; pl_cpu:cpu|pl_datapath:datapath|pl_dmem:dmem|ram[116][16]~700                   ; LCCOMB_X40_Y58_N0  ; 8       ; Clock enable             ; no     ; --                   ; --               ; --                        ;
; pl_cpu:cpu|pl_datapath:datapath|pl_dmem:dmem|ram[116][24]~50                    ; LCCOMB_X61_Y52_N14 ; 8       ; Clock enable             ; no     ; --                   ; --               ; --                        ;
; pl_cpu:cpu|pl_datapath:datapath|pl_dmem:dmem|ram[116][8]~396                    ; LCCOMB_X47_Y43_N14 ; 8       ; Clock enable             ; no     ; --                   ; --               ; --                        ;
; pl_cpu:cpu|pl_datapath:datapath|pl_dmem:dmem|ram[117][0]~1015                   ; LCCOMB_X69_Y44_N2  ; 8       ; Clock enable             ; no     ; --                   ; --               ; --                        ;
; pl_cpu:cpu|pl_datapath:datapath|pl_dmem:dmem|ram[117][16]~703                   ; LCCOMB_X42_Y56_N14 ; 8       ; Clock enable             ; no     ; --                   ; --               ; --                        ;
; pl_cpu:cpu|pl_datapath:datapath|pl_dmem:dmem|ram[117][24]~9                     ; LCCOMB_X67_Y59_N28 ; 8       ; Clock enable             ; no     ; --                   ; --               ; --                        ;
; pl_cpu:cpu|pl_datapath:datapath|pl_dmem:dmem|ram[117][8]~399                    ; LCCOMB_X53_Y43_N18 ; 8       ; Clock enable             ; no     ; --                   ; --               ; --                        ;
; pl_cpu:cpu|pl_datapath:datapath|pl_dmem:dmem|ram[118][0]~905                    ; LCCOMB_X73_Y42_N14 ; 8       ; Clock enable             ; no     ; --                   ; --               ; --                        ;
; pl_cpu:cpu|pl_datapath:datapath|pl_dmem:dmem|ram[118][16]~560                   ; LCCOMB_X39_Y55_N28 ; 8       ; Clock enable             ; no     ; --                   ; --               ; --                        ;
; pl_cpu:cpu|pl_datapath:datapath|pl_dmem:dmem|ram[118][24]~33                    ; LCCOMB_X74_Y53_N22 ; 8       ; Clock enable             ; no     ; --                   ; --               ; --                        ;
; pl_cpu:cpu|pl_datapath:datapath|pl_dmem:dmem|ram[118][8]~361                    ; LCCOMB_X47_Y43_N28 ; 8       ; Clock enable             ; no     ; --                   ; --               ; --                        ;
; pl_cpu:cpu|pl_datapath:datapath|pl_dmem:dmem|ram[119][0]~907                    ; LCCOMB_X63_Y42_N4  ; 8       ; Clock enable             ; no     ; --                   ; --               ; --                        ;
; pl_cpu:cpu|pl_datapath:datapath|pl_dmem:dmem|ram[119][16]~563                   ; LCCOMB_X33_Y57_N18 ; 8       ; Clock enable             ; no     ; --                   ; --               ; --                        ;
; pl_cpu:cpu|pl_datapath:datapath|pl_dmem:dmem|ram[119][24]~63                    ; LCCOMB_X57_Y51_N28 ; 8       ; Clock enable             ; no     ; --                   ; --               ; --                        ;
; pl_cpu:cpu|pl_datapath:datapath|pl_dmem:dmem|ram[119][8]~363                    ; LCCOMB_X43_Y37_N28 ; 8       ; Clock enable             ; no     ; --                   ; --               ; --                        ;
; pl_cpu:cpu|pl_datapath:datapath|pl_dmem:dmem|ram[11][0]~912                     ; LCCOMB_X67_Y37_N8  ; 8       ; Clock enable             ; no     ; --                   ; --               ; --                        ;
; pl_cpu:cpu|pl_datapath:datapath|pl_dmem:dmem|ram[11][16]~577                    ; LCCOMB_X57_Y44_N16 ; 8       ; Clock enable             ; no     ; --                   ; --               ; --                        ;
; pl_cpu:cpu|pl_datapath:datapath|pl_dmem:dmem|ram[11][24]~126                    ; LCCOMB_X57_Y44_N10 ; 8       ; Clock enable             ; no     ; --                   ; --               ; --                        ;
; pl_cpu:cpu|pl_datapath:datapath|pl_dmem:dmem|ram[11][8]~285                     ; LCCOMB_X47_Y41_N18 ; 8       ; Clock enable             ; no     ; --                   ; --               ; --                        ;
; pl_cpu:cpu|pl_datapath:datapath|pl_dmem:dmem|ram[120][0]~989                    ; LCCOMB_X81_Y44_N28 ; 8       ; Clock enable             ; no     ; --                   ; --               ; --                        ;
; pl_cpu:cpu|pl_datapath:datapath|pl_dmem:dmem|ram[120][16]~741                   ; LCCOMB_X50_Y47_N12 ; 8       ; Clock enable             ; no     ; --                   ; --               ; --                        ;
; pl_cpu:cpu|pl_datapath:datapath|pl_dmem:dmem|ram[120][24]~233                   ; LCCOMB_X56_Y51_N28 ; 8       ; Clock enable             ; no     ; --                   ; --               ; --                        ;
; pl_cpu:cpu|pl_datapath:datapath|pl_dmem:dmem|ram[120][8]~505                    ; LCCOMB_X48_Y45_N8  ; 8       ; Clock enable             ; no     ; --                   ; --               ; --                        ;
; pl_cpu:cpu|pl_datapath:datapath|pl_dmem:dmem|ram[121][0]~991                    ; LCCOMB_X75_Y45_N30 ; 8       ; Clock enable             ; no     ; --                   ; --               ; --                        ;
; pl_cpu:cpu|pl_datapath:datapath|pl_dmem:dmem|ram[121][16]~743                   ; LCCOMB_X54_Y58_N26 ; 8       ; Clock enable             ; no     ; --                   ; --               ; --                        ;
; pl_cpu:cpu|pl_datapath:datapath|pl_dmem:dmem|ram[121][24]~235                   ; LCCOMB_X65_Y57_N6  ; 8       ; Clock enable             ; no     ; --                   ; --               ; --                        ;
; pl_cpu:cpu|pl_datapath:datapath|pl_dmem:dmem|ram[121][8]~537                    ; LCCOMB_X42_Y37_N8  ; 8       ; Clock enable             ; no     ; --                   ; --               ; --                        ;
; pl_cpu:cpu|pl_datapath:datapath|pl_dmem:dmem|ram[122][0]~944                    ; LCCOMB_X81_Y44_N10 ; 8       ; Clock enable             ; no     ; --                   ; --               ; --                        ;
; pl_cpu:cpu|pl_datapath:datapath|pl_dmem:dmem|ram[122][16]~611                   ; LCCOMB_X48_Y60_N20 ; 8       ; Clock enable             ; no     ; --                   ; --               ; --                        ;
; pl_cpu:cpu|pl_datapath:datapath|pl_dmem:dmem|ram[122][24]~225                   ; LCCOMB_X61_Y49_N4  ; 8       ; Clock enable             ; no     ; --                   ; --               ; --                        ;
; pl_cpu:cpu|pl_datapath:datapath|pl_dmem:dmem|ram[122][8]~507                    ; LCCOMB_X43_Y40_N14 ; 8       ; Clock enable             ; no     ; --                   ; --               ; --                        ;
; pl_cpu:cpu|pl_datapath:datapath|pl_dmem:dmem|ram[123][0]~956                    ; LCCOMB_X70_Y49_N10 ; 8       ; Clock enable             ; no     ; --                   ; --               ; --                        ;
; pl_cpu:cpu|pl_datapath:datapath|pl_dmem:dmem|ram[123][16]~603                   ; LCCOMB_X57_Y44_N4  ; 8       ; Clock enable             ; no     ; --                   ; --               ; --                        ;
; pl_cpu:cpu|pl_datapath:datapath|pl_dmem:dmem|ram[123][24]~227                   ; LCCOMB_X57_Y44_N22 ; 8       ; Clock enable             ; no     ; --                   ; --               ; --                        ;
; pl_cpu:cpu|pl_datapath:datapath|pl_dmem:dmem|ram[123][8]~539                    ; LCCOMB_X39_Y36_N14 ; 8       ; Clock enable             ; no     ; --                   ; --               ; --                        ;
; pl_cpu:cpu|pl_datapath:datapath|pl_dmem:dmem|ram[124][0]~1021                   ; LCCOMB_X75_Y39_N22 ; 8       ; Clock enable             ; no     ; --                   ; --               ; --                        ;
; pl_cpu:cpu|pl_datapath:datapath|pl_dmem:dmem|ram[124][16]~748                   ; LCCOMB_X32_Y48_N0  ; 8       ; Clock enable             ; no     ; --                   ; --               ; --                        ;
; pl_cpu:cpu|pl_datapath:datapath|pl_dmem:dmem|ram[124][24]~229                   ; LCCOMB_X57_Y50_N26 ; 8       ; Clock enable             ; no     ; --                   ; --               ; --                        ;
; pl_cpu:cpu|pl_datapath:datapath|pl_dmem:dmem|ram[124][8]~496                    ; LCCOMB_X32_Y48_N12 ; 8       ; Clock enable             ; no     ; --                   ; --               ; --                        ;
; pl_cpu:cpu|pl_datapath:datapath|pl_dmem:dmem|ram[125][0]~1023                   ; LCCOMB_X70_Y41_N4  ; 8       ; Clock enable             ; no     ; --                   ; --               ; --                        ;
; pl_cpu:cpu|pl_datapath:datapath|pl_dmem:dmem|ram[125][16]~751                   ; LCCOMB_X42_Y48_N28 ; 8       ; Clock enable             ; no     ; --                   ; --               ; --                        ;
; pl_cpu:cpu|pl_datapath:datapath|pl_dmem:dmem|ram[125][24]~231                   ; LCCOMB_X72_Y59_N0  ; 8       ; Clock enable             ; no     ; --                   ; --               ; --                        ;
; pl_cpu:cpu|pl_datapath:datapath|pl_dmem:dmem|ram[125][8]~529                    ; LCCOMB_X36_Y40_N22 ; 8       ; Clock enable             ; no     ; --                   ; --               ; --                        ;
; pl_cpu:cpu|pl_datapath:datapath|pl_dmem:dmem|ram[126][0]~947                    ; LCCOMB_X84_Y41_N6  ; 8       ; Clock enable             ; no     ; --                   ; --               ; --                        ;
; pl_cpu:cpu|pl_datapath:datapath|pl_dmem:dmem|ram[126][16]~607                   ; LCCOMB_X52_Y49_N0  ; 8       ; Clock enable             ; no     ; --                   ; --               ; --                        ;
; pl_cpu:cpu|pl_datapath:datapath|pl_dmem:dmem|ram[126][24]~237                   ; LCCOMB_X56_Y49_N0  ; 8       ; Clock enable             ; no     ; --                   ; --               ; --                        ;
; pl_cpu:cpu|pl_datapath:datapath|pl_dmem:dmem|ram[126][8]~499                    ; LCCOMB_X42_Y41_N30 ; 8       ; Clock enable             ; no     ; --                   ; --               ; --                        ;
; pl_cpu:cpu|pl_datapath:datapath|pl_dmem:dmem|ram[127][0]~959                    ; LCCOMB_X67_Y45_N14 ; 8       ; Clock enable             ; no     ; --                   ; --               ; --                        ;
; pl_cpu:cpu|pl_datapath:datapath|pl_dmem:dmem|ram[127][16]~615                   ; LCCOMB_X41_Y49_N28 ; 8       ; Clock enable             ; no     ; --                   ; --               ; --                        ;
; pl_cpu:cpu|pl_datapath:datapath|pl_dmem:dmem|ram[127][24]~239                   ; LCCOMB_X69_Y49_N2  ; 8       ; Clock enable             ; no     ; --                   ; --               ; --                        ;
; pl_cpu:cpu|pl_datapath:datapath|pl_dmem:dmem|ram[127][8]~531                    ; LCCOMB_X34_Y38_N14 ; 8       ; Clock enable             ; no     ; --                   ; --               ; --                        ;
; pl_cpu:cpu|pl_datapath:datapath|pl_dmem:dmem|ram[128][0]~866                    ; LCCOMB_X72_Y44_N6  ; 8       ; Clock enable             ; no     ; --                   ; --               ; --                        ;
; pl_cpu:cpu|pl_datapath:datapath|pl_dmem:dmem|ram[128][16]~666                   ; LCCOMB_X47_Y51_N6  ; 8       ; Clock enable             ; no     ; --                   ; --               ; --                        ;
; pl_cpu:cpu|pl_datapath:datapath|pl_dmem:dmem|ram[128][24]~170                   ; LCCOMB_X53_Y52_N16 ; 8       ; Clock enable             ; no     ; --                   ; --               ; --                        ;
; pl_cpu:cpu|pl_datapath:datapath|pl_dmem:dmem|ram[128][8]~450                    ; LCCOMB_X47_Y45_N14 ; 8       ; Clock enable             ; no     ; --                   ; --               ; --                        ;
; pl_cpu:cpu|pl_datapath:datapath|pl_dmem:dmem|ram[129][0]~865                    ; LCCOMB_X74_Y42_N18 ; 8       ; Clock enable             ; no     ; --                   ; --               ; --                        ;
; pl_cpu:cpu|pl_datapath:datapath|pl_dmem:dmem|ram[129][16]~664                   ; LCCOMB_X46_Y52_N4  ; 8       ; Clock enable             ; no     ; --                   ; --               ; --                        ;
; pl_cpu:cpu|pl_datapath:datapath|pl_dmem:dmem|ram[129][24]~166                   ; LCCOMB_X67_Y58_N6  ; 8       ; Clock enable             ; no     ; --                   ; --               ; --                        ;
; pl_cpu:cpu|pl_datapath:datapath|pl_dmem:dmem|ram[129][8]~418                    ; LCCOMB_X49_Y38_N14 ; 8       ; Clock enable             ; no     ; --                   ; --               ; --                        ;
; pl_cpu:cpu|pl_datapath:datapath|pl_dmem:dmem|ram[12][0]~962                     ; LCCOMB_X65_Y36_N2  ; 8       ; Clock enable             ; no     ; --                   ; --               ; --                        ;
; pl_cpu:cpu|pl_datapath:datapath|pl_dmem:dmem|ram[12][16]~706                    ; LCCOMB_X35_Y50_N30 ; 8       ; Clock enable             ; no     ; --                   ; --               ; --                        ;
; pl_cpu:cpu|pl_datapath:datapath|pl_dmem:dmem|ram[12][24]~121                    ; LCCOMB_X62_Y51_N26 ; 8       ; Clock enable             ; no     ; --                   ; --               ; --                        ;
; pl_cpu:cpu|pl_datapath:datapath|pl_dmem:dmem|ram[12][8]~314                     ; LCCOMB_X32_Y48_N2  ; 8       ; Clock enable             ; no     ; --                   ; --               ; --                        ;
; pl_cpu:cpu|pl_datapath:datapath|pl_dmem:dmem|ram[130][0]~1066                   ; LCCOMB_X72_Y44_N30 ; 8       ; Clock enable             ; no     ; --                   ; --               ; --                        ;
; pl_cpu:cpu|pl_datapath:datapath|pl_dmem:dmem|ram[130][16]~794                   ; LCCOMB_X45_Y51_N26 ; 8       ; Clock enable             ; no     ; --                   ; --               ; --                        ;
; pl_cpu:cpu|pl_datapath:datapath|pl_dmem:dmem|ram[130][24]~202                   ; LCCOMB_X61_Y53_N18 ; 8       ; Clock enable             ; no     ; --                   ; --               ; --                        ;
; pl_cpu:cpu|pl_datapath:datapath|pl_dmem:dmem|ram[130][8]~462                    ; LCCOMB_X49_Y39_N14 ; 8       ; Clock enable             ; no     ; --                   ; --               ; --                        ;
; pl_cpu:cpu|pl_datapath:datapath|pl_dmem:dmem|ram[131][0]~1058                   ; LCCOMB_X73_Y47_N6  ; 8       ; Clock enable             ; no     ; --                   ; --               ; --                        ;
; pl_cpu:cpu|pl_datapath:datapath|pl_dmem:dmem|ram[131][16]~790                   ; LCCOMB_X41_Y51_N30 ; 8       ; Clock enable             ; no     ; --                   ; --               ; --                        ;
; pl_cpu:cpu|pl_datapath:datapath|pl_dmem:dmem|ram[131][24]~194                   ; LCCOMB_X61_Y45_N12 ; 8       ; Clock enable             ; no     ; --                   ; --               ; --                        ;
; pl_cpu:cpu|pl_datapath:datapath|pl_dmem:dmem|ram[131][8]~430                    ; LCCOMB_X34_Y41_N22 ; 8       ; Clock enable             ; no     ; --                   ; --               ; --                        ;
; pl_cpu:cpu|pl_datapath:datapath|pl_dmem:dmem|ram[132][0]~830                    ; LCCOMB_X67_Y41_N12 ; 8       ; Clock enable             ; no     ; --                   ; --               ; --                        ;
; pl_cpu:cpu|pl_datapath:datapath|pl_dmem:dmem|ram[132][16]~662                   ; LCCOMB_X41_Y57_N4  ; 8       ; Clock enable             ; no     ; --                   ; --               ; --                        ;
; pl_cpu:cpu|pl_datapath:datapath|pl_dmem:dmem|ram[132][24]~169                   ; LCCOMB_X69_Y56_N30 ; 8       ; Clock enable             ; no     ; --                   ; --               ; --                        ;
; pl_cpu:cpu|pl_datapath:datapath|pl_dmem:dmem|ram[132][8]~449                    ; LCCOMB_X49_Y44_N16 ; 8       ; Clock enable             ; no     ; --                   ; --               ; --                        ;
; pl_cpu:cpu|pl_datapath:datapath|pl_dmem:dmem|ram[133][0]~829                    ; LCCOMB_X65_Y43_N22 ; 8       ; Clock enable             ; no     ; --                   ; --               ; --                        ;
; pl_cpu:cpu|pl_datapath:datapath|pl_dmem:dmem|ram[133][16]~660                   ; LCCOMB_X53_Y52_N20 ; 8       ; Clock enable             ; no     ; --                   ; --               ; --                        ;
; pl_cpu:cpu|pl_datapath:datapath|pl_dmem:dmem|ram[133][24]~165                   ; LCCOMB_X67_Y59_N10 ; 8       ; Clock enable             ; no     ; --                   ; --               ; --                        ;
; pl_cpu:cpu|pl_datapath:datapath|pl_dmem:dmem|ram[133][8]~417                    ; LCCOMB_X35_Y45_N30 ; 8       ; Clock enable             ; no     ; --                   ; --               ; --                        ;
; pl_cpu:cpu|pl_datapath:datapath|pl_dmem:dmem|ram[134][0]~1034                   ; LCCOMB_X75_Y46_N14 ; 8       ; Clock enable             ; no     ; --                   ; --               ; --                        ;
; pl_cpu:cpu|pl_datapath:datapath|pl_dmem:dmem|ram[134][16]~793                   ; LCCOMB_X34_Y53_N30 ; 8       ; Clock enable             ; no     ; --                   ; --               ; --                        ;
; pl_cpu:cpu|pl_datapath:datapath|pl_dmem:dmem|ram[134][24]~198                   ; LCCOMB_X67_Y50_N26 ; 8       ; Clock enable             ; no     ; --                   ; --               ; --                        ;
; pl_cpu:cpu|pl_datapath:datapath|pl_dmem:dmem|ram[134][8]~461                    ; LCCOMB_X38_Y45_N28 ; 8       ; Clock enable             ; no     ; --                   ; --               ; --                        ;
; pl_cpu:cpu|pl_datapath:datapath|pl_dmem:dmem|ram[135][0]~1033                   ; LCCOMB_X70_Y47_N22 ; 8       ; Clock enable             ; no     ; --                   ; --               ; --                        ;
; pl_cpu:cpu|pl_datapath:datapath|pl_dmem:dmem|ram[135][16]~789                   ; LCCOMB_X50_Y49_N26 ; 8       ; Clock enable             ; no     ; --                   ; --               ; --                        ;
; pl_cpu:cpu|pl_datapath:datapath|pl_dmem:dmem|ram[135][24]~206                   ; LCCOMB_X68_Y55_N10 ; 8       ; Clock enable             ; no     ; --                   ; --               ; --                        ;
; pl_cpu:cpu|pl_datapath:datapath|pl_dmem:dmem|ram[135][8]~429                    ; LCCOMB_X31_Y45_N14 ; 8       ; Clock enable             ; no     ; --                   ; --               ; --                        ;
; pl_cpu:cpu|pl_datapath:datapath|pl_dmem:dmem|ram[136][0]~862                    ; LCCOMB_X79_Y40_N12 ; 8       ; Clock enable             ; no     ; --                   ; --               ; --                        ;
; pl_cpu:cpu|pl_datapath:datapath|pl_dmem:dmem|ram[136][16]~658                   ; LCCOMB_X54_Y46_N14 ; 8       ; Clock enable             ; no     ; --                   ; --               ; --                        ;
; pl_cpu:cpu|pl_datapath:datapath|pl_dmem:dmem|ram[136][24]~88                    ; LCCOMB_X62_Y51_N20 ; 8       ; Clock enable             ; no     ; --                   ; --               ; --                        ;
; pl_cpu:cpu|pl_datapath:datapath|pl_dmem:dmem|ram[136][8]~321                    ; LCCOMB_X48_Y45_N6  ; 8       ; Clock enable             ; no     ; --                   ; --               ; --                        ;
; pl_cpu:cpu|pl_datapath:datapath|pl_dmem:dmem|ram[137][0]~860                    ; LCCOMB_X68_Y35_N28 ; 8       ; Clock enable             ; no     ; --                   ; --               ; --                        ;
; pl_cpu:cpu|pl_datapath:datapath|pl_dmem:dmem|ram[137][16]~657                   ; LCCOMB_X56_Y47_N14 ; 8       ; Clock enable             ; no     ; --                   ; --               ; --                        ;
; pl_cpu:cpu|pl_datapath:datapath|pl_dmem:dmem|ram[137][24]~82                    ; LCCOMB_X68_Y57_N18 ; 8       ; Clock enable             ; no     ; --                   ; --               ; --                        ;
; pl_cpu:cpu|pl_datapath:datapath|pl_dmem:dmem|ram[137][8]~282                    ; LCCOMB_X40_Y40_N4  ; 8       ; Clock enable             ; no     ; --                   ; --               ; --                        ;
; pl_cpu:cpu|pl_datapath:datapath|pl_dmem:dmem|ram[138][0]~1064                   ; LCCOMB_X82_Y39_N14 ; 8       ; Clock enable             ; no     ; --                   ; --               ; --                        ;
; pl_cpu:cpu|pl_datapath:datapath|pl_dmem:dmem|ram[138][16]~792                   ; LCCOMB_X53_Y48_N14 ; 8       ; Clock enable             ; no     ; --                   ; --               ; --                        ;
; pl_cpu:cpu|pl_datapath:datapath|pl_dmem:dmem|ram[138][24]~76                    ; LCCOMB_X65_Y48_N18 ; 8       ; Clock enable             ; no     ; --                   ; --               ; --                        ;
; pl_cpu:cpu|pl_datapath:datapath|pl_dmem:dmem|ram[138][8]~317                    ; LCCOMB_X41_Y43_N26 ; 8       ; Clock enable             ; no     ; --                   ; --               ; --                        ;
; pl_cpu:cpu|pl_datapath:datapath|pl_dmem:dmem|ram[139][0]~1056                   ; LCCOMB_X68_Y45_N30 ; 8       ; Clock enable             ; no     ; --                   ; --               ; --                        ;
; pl_cpu:cpu|pl_datapath:datapath|pl_dmem:dmem|ram[139][16]~788                   ; LCCOMB_X56_Y44_N22 ; 8       ; Clock enable             ; no     ; --                   ; --               ; --                        ;
; pl_cpu:cpu|pl_datapath:datapath|pl_dmem:dmem|ram[139][24]~94                    ; LCCOMB_X63_Y47_N14 ; 8       ; Clock enable             ; no     ; --                   ; --               ; --                        ;
; pl_cpu:cpu|pl_datapath:datapath|pl_dmem:dmem|ram[139][8]~279                    ; LCCOMB_X47_Y41_N14 ; 8       ; Clock enable             ; no     ; --                   ; --               ; --                        ;
; pl_cpu:cpu|pl_datapath:datapath|pl_dmem:dmem|ram[13][0]~961                     ; LCCOMB_X66_Y40_N28 ; 8       ; Clock enable             ; no     ; --                   ; --               ; --                        ;
; pl_cpu:cpu|pl_datapath:datapath|pl_dmem:dmem|ram[13][16]~705                    ; LCCOMB_X36_Y50_N14 ; 8       ; Clock enable             ; no     ; --                   ; --               ; --                        ;
; pl_cpu:cpu|pl_datapath:datapath|pl_dmem:dmem|ram[13][24]~117                    ; LCCOMB_X70_Y54_N12 ; 8       ; Clock enable             ; no     ; --                   ; --               ; --                        ;
; pl_cpu:cpu|pl_datapath:datapath|pl_dmem:dmem|ram[13][8]~276                     ; LCCOMB_X34_Y37_N28 ; 8       ; Clock enable             ; no     ; --                   ; --               ; --                        ;
; pl_cpu:cpu|pl_datapath:datapath|pl_dmem:dmem|ram[140][0]~826                    ; LCCOMB_X56_Y47_N28 ; 8       ; Clock enable             ; no     ; --                   ; --               ; --                        ;
; pl_cpu:cpu|pl_datapath:datapath|pl_dmem:dmem|ram[140][16]~670                   ; LCCOMB_X33_Y54_N30 ; 8       ; Clock enable             ; no     ; --                   ; --               ; --                        ;
; pl_cpu:cpu|pl_datapath:datapath|pl_dmem:dmem|ram[140][24]~87                    ; LCCOMB_X68_Y53_N10 ; 8       ; Clock enable             ; no     ; --                   ; --               ; --                        ;
; pl_cpu:cpu|pl_datapath:datapath|pl_dmem:dmem|ram[140][8]~313                    ; LCCOMB_X28_Y36_N22 ; 8       ; Clock enable             ; no     ; --                   ; --               ; --                        ;
; pl_cpu:cpu|pl_datapath:datapath|pl_dmem:dmem|ram[141][0]~823                    ; LCCOMB_X69_Y37_N14 ; 8       ; Clock enable             ; no     ; --                   ; --               ; --                        ;
; pl_cpu:cpu|pl_datapath:datapath|pl_dmem:dmem|ram[141][16]~669                   ; LCCOMB_X53_Y52_N14 ; 8       ; Clock enable             ; no     ; --                   ; --               ; --                        ;
; pl_cpu:cpu|pl_datapath:datapath|pl_dmem:dmem|ram[141][24]~81                    ; LCCOMB_X69_Y57_N12 ; 8       ; Clock enable             ; no     ; --                   ; --               ; --                        ;
; pl_cpu:cpu|pl_datapath:datapath|pl_dmem:dmem|ram[141][8]~290                    ; LCCOMB_X35_Y46_N22 ; 8       ; Clock enable             ; no     ; --                   ; --               ; --                        ;
; pl_cpu:cpu|pl_datapath:datapath|pl_dmem:dmem|ram[142][0]~1026                   ; LCCOMB_X81_Y47_N24 ; 8       ; Clock enable             ; no     ; --                   ; --               ; --                        ;
; pl_cpu:cpu|pl_datapath:datapath|pl_dmem:dmem|ram[142][16]~795                   ; LCCOMB_X34_Y56_N2  ; 8       ; Clock enable             ; no     ; --                   ; --               ; --                        ;
; pl_cpu:cpu|pl_datapath:datapath|pl_dmem:dmem|ram[142][24]~75                    ; LCCOMB_X69_Y50_N4  ; 8       ; Clock enable             ; no     ; --                   ; --               ; --                        ;
; pl_cpu:cpu|pl_datapath:datapath|pl_dmem:dmem|ram[142][8]~324                    ; LCCOMB_X40_Y40_N22 ; 8       ; Clock enable             ; no     ; --                   ; --               ; --                        ;
; pl_cpu:cpu|pl_datapath:datapath|pl_dmem:dmem|ram[143][0]~1024                   ; LCCOMB_X65_Y40_N14 ; 8       ; Clock enable             ; no     ; --                   ; --               ; --                        ;
; pl_cpu:cpu|pl_datapath:datapath|pl_dmem:dmem|ram[143][16]~791                   ; LCCOMB_X46_Y45_N12 ; 8       ; Clock enable             ; no     ; --                   ; --               ; --                        ;
; pl_cpu:cpu|pl_datapath:datapath|pl_dmem:dmem|ram[143][24]~93                    ; LCCOMB_X66_Y50_N0  ; 8       ; Clock enable             ; no     ; --                   ; --               ; --                        ;
; pl_cpu:cpu|pl_datapath:datapath|pl_dmem:dmem|ram[143][8]~288                    ; LCCOMB_X38_Y44_N24 ; 8       ; Clock enable             ; no     ; --                   ; --               ; --                        ;
; pl_cpu:cpu|pl_datapath:datapath|pl_dmem:dmem|ram[144][0]~858                    ; LCCOMB_X72_Y46_N14 ; 8       ; Clock enable             ; no     ; --                   ; --               ; --                        ;
; pl_cpu:cpu|pl_datapath:datapath|pl_dmem:dmem|ram[144][16]~650                   ; LCCOMB_X48_Y50_N16 ; 8       ; Clock enable             ; no     ; --                   ; --               ; --                        ;
; pl_cpu:cpu|pl_datapath:datapath|pl_dmem:dmem|ram[144][24]~47                    ; LCCOMB_X69_Y55_N30 ; 8       ; Clock enable             ; no     ; --                   ; --               ; --                        ;
; pl_cpu:cpu|pl_datapath:datapath|pl_dmem:dmem|ram[144][8]~378                    ; LCCOMB_X52_Y39_N20 ; 8       ; Clock enable             ; no     ; --                   ; --               ; --                        ;
; pl_cpu:cpu|pl_datapath:datapath|pl_dmem:dmem|ram[145][0]~857                    ; LCCOMB_X74_Y45_N20 ; 8       ; Clock enable             ; no     ; --                   ; --               ; --                        ;
; pl_cpu:cpu|pl_datapath:datapath|pl_dmem:dmem|ram[145][16]~649                   ; LCCOMB_X52_Y57_N22 ; 8       ; Clock enable             ; no     ; --                   ; --               ; --                        ;
; pl_cpu:cpu|pl_datapath:datapath|pl_dmem:dmem|ram[145][24]~3                     ; LCCOMB_X73_Y54_N18 ; 8       ; Clock enable             ; no     ; --                   ; --               ; --                        ;
; pl_cpu:cpu|pl_datapath:datapath|pl_dmem:dmem|ram[145][8]~377                    ; LCCOMB_X47_Y34_N14 ; 8       ; Clock enable             ; no     ; --                   ; --               ; --                        ;
; pl_cpu:cpu|pl_datapath:datapath|pl_dmem:dmem|ram[146][0]~1065                   ; LCCOMB_X80_Y43_N14 ; 8       ; Clock enable             ; no     ; --                   ; --               ; --                        ;
; pl_cpu:cpu|pl_datapath:datapath|pl_dmem:dmem|ram[146][16]~778                   ; LCCOMB_X50_Y54_N26 ; 8       ; Clock enable             ; no     ; --                   ; --               ; --                        ;
; pl_cpu:cpu|pl_datapath:datapath|pl_dmem:dmem|ram[146][24]~28                    ; LCCOMB_X59_Y44_N14 ; 8       ; Clock enable             ; no     ; --                   ; --               ; --                        ;
; pl_cpu:cpu|pl_datapath:datapath|pl_dmem:dmem|ram[146][8]~410                    ; LCCOMB_X38_Y39_N22 ; 8       ; Clock enable             ; no     ; --                   ; --               ; --                        ;
; pl_cpu:cpu|pl_datapath:datapath|pl_dmem:dmem|ram[147][0]~1057                   ; LCCOMB_X74_Y45_N22 ; 8       ; Clock enable             ; no     ; --                   ; --               ; --                        ;
; pl_cpu:cpu|pl_datapath:datapath|pl_dmem:dmem|ram[147][16]~774                   ; LCCOMB_X41_Y51_N12 ; 8       ; Clock enable             ; no     ; --                   ; --               ; --                        ;
; pl_cpu:cpu|pl_datapath:datapath|pl_dmem:dmem|ram[147][24]~57                    ; LCCOMB_X66_Y48_N28 ; 8       ; Clock enable             ; no     ; --                   ; --               ; --                        ;
; pl_cpu:cpu|pl_datapath:datapath|pl_dmem:dmem|ram[147][8]~409                    ; LCCOMB_X28_Y39_N10 ; 8       ; Clock enable             ; no     ; --                   ; --               ; --                        ;
; pl_cpu:cpu|pl_datapath:datapath|pl_dmem:dmem|ram[148][0]~820                    ; LCCOMB_X67_Y41_N26 ; 8       ; Clock enable             ; no     ; --                   ; --               ; --                        ;
; pl_cpu:cpu|pl_datapath:datapath|pl_dmem:dmem|ram[148][16]~646                   ; LCCOMB_X42_Y53_N10 ; 8       ; Clock enable             ; no     ; --                   ; --               ; --                        ;
; pl_cpu:cpu|pl_datapath:datapath|pl_dmem:dmem|ram[148][24]~42                    ; LCCOMB_X68_Y56_N10 ; 8       ; Clock enable             ; no     ; --                   ; --               ; --                        ;
; pl_cpu:cpu|pl_datapath:datapath|pl_dmem:dmem|ram[148][8]~368                    ; LCCOMB_X49_Y44_N2  ; 8       ; Clock enable             ; no     ; --                   ; --               ; --                        ;
; pl_cpu:cpu|pl_datapath:datapath|pl_dmem:dmem|ram[149][0]~819                    ; LCCOMB_X70_Y40_N12 ; 8       ; Clock enable             ; no     ; --                   ; --               ; --                        ;
; pl_cpu:cpu|pl_datapath:datapath|pl_dmem:dmem|ram[149][16]~645                   ; LCCOMB_X53_Y52_N0  ; 8       ; Clock enable             ; no     ; --                   ; --               ; --                        ;
; pl_cpu:cpu|pl_datapath:datapath|pl_dmem:dmem|ram[149][24]~16                    ; LCCOMB_X67_Y59_N6  ; 8       ; Clock enable             ; no     ; --                   ; --               ; --                        ;
; pl_cpu:cpu|pl_datapath:datapath|pl_dmem:dmem|ram[149][8]~367                    ; LCCOMB_X57_Y47_N28 ; 8       ; Clock enable             ; no     ; --                   ; --               ; --                        ;
; pl_cpu:cpu|pl_datapath:datapath|pl_dmem:dmem|ram[14][0]~921                     ; LCCOMB_X81_Y47_N30 ; 8       ; Clock enable             ; no     ; --                   ; --               ; --                        ;
; pl_cpu:cpu|pl_datapath:datapath|pl_dmem:dmem|ram[14][16]~574                    ; LCCOMB_X43_Y50_N12 ; 8       ; Clock enable             ; no     ; --                   ; --               ; --                        ;
; pl_cpu:cpu|pl_datapath:datapath|pl_dmem:dmem|ram[14][24]~113                    ; LCCOMB_X76_Y53_N26 ; 8       ; Clock enable             ; no     ; --                   ; --               ; --                        ;
; pl_cpu:cpu|pl_datapath:datapath|pl_dmem:dmem|ram[14][8]~326                     ; LCCOMB_X48_Y41_N14 ; 8       ; Clock enable             ; no     ; --                   ; --               ; --                        ;
; pl_cpu:cpu|pl_datapath:datapath|pl_dmem:dmem|ram[150][0]~1030                   ; LCCOMB_X73_Y42_N28 ; 8       ; Clock enable             ; no     ; --                   ; --               ; --                        ;
; pl_cpu:cpu|pl_datapath:datapath|pl_dmem:dmem|ram[150][16]~770                   ; LCCOMB_X43_Y53_N4  ; 8       ; Clock enable             ; no     ; --                   ; --               ; --                        ;
; pl_cpu:cpu|pl_datapath:datapath|pl_dmem:dmem|ram[150][24]~24                    ; LCCOMB_X74_Y53_N24 ; 8       ; Clock enable             ; no     ; --                   ; --               ; --                        ;
; pl_cpu:cpu|pl_datapath:datapath|pl_dmem:dmem|ram[150][8]~402                    ; LCCOMB_X34_Y43_N12 ; 8       ; Clock enable             ; no     ; --                   ; --               ; --                        ;
; pl_cpu:cpu|pl_datapath:datapath|pl_dmem:dmem|ram[151][0]~1029                   ; LCCOMB_X65_Y45_N4  ; 8       ; Clock enable             ; no     ; --                   ; --               ; --                        ;
; pl_cpu:cpu|pl_datapath:datapath|pl_dmem:dmem|ram[151][16]~782                   ; LCCOMB_X52_Y52_N28 ; 8       ; Clock enable             ; no     ; --                   ; --               ; --                        ;
; pl_cpu:cpu|pl_datapath:datapath|pl_dmem:dmem|ram[151][24]~70                    ; LCCOMB_X66_Y48_N22 ; 8       ; Clock enable             ; no     ; --                   ; --               ; --                        ;
; pl_cpu:cpu|pl_datapath:datapath|pl_dmem:dmem|ram[151][8]~401                    ; LCCOMB_X28_Y39_N24 ; 8       ; Clock enable             ; no     ; --                   ; --               ; --                        ;
; pl_cpu:cpu|pl_datapath:datapath|pl_dmem:dmem|ram[152][0]~870                    ; LCCOMB_X81_Y39_N4  ; 8       ; Clock enable             ; no     ; --                   ; --               ; --                        ;
; pl_cpu:cpu|pl_datapath:datapath|pl_dmem:dmem|ram[152][16]~648                   ; LCCOMB_X52_Y51_N12 ; 8       ; Clock enable             ; no     ; --                   ; --               ; --                        ;
; pl_cpu:cpu|pl_datapath:datapath|pl_dmem:dmem|ram[152][24]~218                   ; LCCOMB_X74_Y54_N28 ; 8       ; Clock enable             ; no     ; --                   ; --               ; --                        ;
; pl_cpu:cpu|pl_datapath:datapath|pl_dmem:dmem|ram[152][8]~520                    ; LCCOMB_X48_Y43_N6  ; 8       ; Clock enable             ; no     ; --                   ; --               ; --                        ;
; pl_cpu:cpu|pl_datapath:datapath|pl_dmem:dmem|ram[153][0]~868                    ; LCCOMB_X68_Y35_N22 ; 8       ; Clock enable             ; no     ; --                   ; --               ; --                        ;
; pl_cpu:cpu|pl_datapath:datapath|pl_dmem:dmem|ram[153][16]~651                   ; LCCOMB_X53_Y51_N14 ; 8       ; Clock enable             ; no     ; --                   ; --               ; --                        ;
; pl_cpu:cpu|pl_datapath:datapath|pl_dmem:dmem|ram[153][24]~210                   ; LCCOMB_X70_Y48_N14 ; 8       ; Clock enable             ; no     ; --                   ; --               ; --                        ;
; pl_cpu:cpu|pl_datapath:datapath|pl_dmem:dmem|ram[153][8]~489                    ; LCCOMB_X39_Y38_N14 ; 8       ; Clock enable             ; no     ; --                   ; --               ; --                        ;
; pl_cpu:cpu|pl_datapath:datapath|pl_dmem:dmem|ram[154][0]~1067                   ; LCCOMB_X81_Y39_N6  ; 8       ; Clock enable             ; no     ; --                   ; --               ; --                        ;
; pl_cpu:cpu|pl_datapath:datapath|pl_dmem:dmem|ram[154][16]~776                   ; LCCOMB_X57_Y47_N22 ; 8       ; Clock enable             ; no     ; --                   ; --               ; --                        ;
; pl_cpu:cpu|pl_datapath:datapath|pl_dmem:dmem|ram[154][24]~216                   ; LCCOMB_X60_Y52_N6  ; 8       ; Clock enable             ; no     ; --                   ; --               ; --                        ;
; pl_cpu:cpu|pl_datapath:datapath|pl_dmem:dmem|ram[154][8]~523                    ; LCCOMB_X41_Y43_N14 ; 8       ; Clock enable             ; no     ; --                   ; --               ; --                        ;
; pl_cpu:cpu|pl_datapath:datapath|pl_dmem:dmem|ram[155][0]~1059                   ; LCCOMB_X76_Y45_N20 ; 8       ; Clock enable             ; no     ; --                   ; --               ; --                        ;
; pl_cpu:cpu|pl_datapath:datapath|pl_dmem:dmem|ram[155][16]~772                   ; LCCOMB_X52_Y47_N18 ; 8       ; Clock enable             ; no     ; --                   ; --               ; --                        ;
; pl_cpu:cpu|pl_datapath:datapath|pl_dmem:dmem|ram[155][24]~208                   ; LCCOMB_X57_Y46_N22 ; 8       ; Clock enable             ; no     ; --                   ; --               ; --                        ;
; pl_cpu:cpu|pl_datapath:datapath|pl_dmem:dmem|ram[155][8]~485                    ; LCCOMB_X36_Y41_N22 ; 8       ; Clock enable             ; no     ; --                   ; --               ; --                        ;
; pl_cpu:cpu|pl_datapath:datapath|pl_dmem:dmem|ram[156][0]~834                    ; LCCOMB_X63_Y40_N30 ; 8       ; Clock enable             ; no     ; --                   ; --               ; --                        ;
; pl_cpu:cpu|pl_datapath:datapath|pl_dmem:dmem|ram[156][16]~644                   ; LCCOMB_X33_Y54_N26 ; 8       ; Clock enable             ; no     ; --                   ; --               ; --                        ;
; pl_cpu:cpu|pl_datapath:datapath|pl_dmem:dmem|ram[156][24]~217                   ; LCCOMB_X68_Y53_N28 ; 8       ; Clock enable             ; no     ; --                   ; --               ; --                        ;
; pl_cpu:cpu|pl_datapath:datapath|pl_dmem:dmem|ram[156][8]~512                    ; LCCOMB_X35_Y39_N22 ; 8       ; Clock enable             ; no     ; --                   ; --               ; --                        ;
; pl_cpu:cpu|pl_datapath:datapath|pl_dmem:dmem|ram[157][0]~832                    ; LCCOMB_X63_Y41_N20 ; 8       ; Clock enable             ; no     ; --                   ; --               ; --                        ;
; pl_cpu:cpu|pl_datapath:datapath|pl_dmem:dmem|ram[157][16]~647                   ; LCCOMB_X45_Y53_N22 ; 8       ; Clock enable             ; no     ; --                   ; --               ; --                        ;
; pl_cpu:cpu|pl_datapath:datapath|pl_dmem:dmem|ram[157][24]~209                   ; LCCOMB_X72_Y59_N6  ; 8       ; Clock enable             ; no     ; --                   ; --               ; --                        ;
; pl_cpu:cpu|pl_datapath:datapath|pl_dmem:dmem|ram[157][8]~491                    ; LCCOMB_X39_Y41_N30 ; 8       ; Clock enable             ; no     ; --                   ; --               ; --                        ;
; pl_cpu:cpu|pl_datapath:datapath|pl_dmem:dmem|ram[158][0]~1038                   ; LCCOMB_X75_Y40_N22 ; 8       ; Clock enable             ; no     ; --                   ; --               ; --                        ;
; pl_cpu:cpu|pl_datapath:datapath|pl_dmem:dmem|ram[158][16]~768                   ; LCCOMB_X41_Y53_N6  ; 8       ; Clock enable             ; no     ; --                   ; --               ; --                        ;
; pl_cpu:cpu|pl_datapath:datapath|pl_dmem:dmem|ram[158][24]~219                   ; LCCOMB_X56_Y49_N14 ; 8       ; Clock enable             ; no     ; --                   ; --               ; --                        ;
; pl_cpu:cpu|pl_datapath:datapath|pl_dmem:dmem|ram[158][8]~515                    ; LCCOMB_X34_Y43_N30 ; 8       ; Clock enable             ; no     ; --                   ; --               ; --                        ;
; pl_cpu:cpu|pl_datapath:datapath|pl_dmem:dmem|ram[159][0]~1036                   ; LCCOMB_X57_Y44_N18 ; 8       ; Clock enable             ; no     ; --                   ; --               ; --                        ;
; pl_cpu:cpu|pl_datapath:datapath|pl_dmem:dmem|ram[159][16]~780                   ; LCCOMB_X47_Y54_N12 ; 8       ; Clock enable             ; no     ; --                   ; --               ; --                        ;
; pl_cpu:cpu|pl_datapath:datapath|pl_dmem:dmem|ram[159][24]~211                   ; LCCOMB_X65_Y56_N26 ; 8       ; Clock enable             ; no     ; --                   ; --               ; --                        ;
; pl_cpu:cpu|pl_datapath:datapath|pl_dmem:dmem|ram[159][8]~487                    ; LCCOMB_X38_Y44_N12 ; 8       ; Clock enable             ; no     ; --                   ; --               ; --                        ;
; pl_cpu:cpu|pl_datapath:datapath|pl_dmem:dmem|ram[15][0]~911                     ; LCCOMB_X63_Y45_N10 ; 8       ; Clock enable             ; no     ; --                   ; --               ; --                        ;
; pl_cpu:cpu|pl_datapath:datapath|pl_dmem:dmem|ram[15][16]~573                    ; LCCOMB_X34_Y49_N2  ; 8       ; Clock enable             ; no     ; --                   ; --               ; --                        ;
; pl_cpu:cpu|pl_datapath:datapath|pl_dmem:dmem|ram[15][24]~125                    ; LCCOMB_X66_Y50_N10 ; 8       ; Clock enable             ; no     ; --                   ; --               ; --                        ;
; pl_cpu:cpu|pl_datapath:datapath|pl_dmem:dmem|ram[15][8]~275                     ; LCCOMB_X38_Y44_N30 ; 8       ; Clock enable             ; no     ; --                   ; --               ; --                        ;
; pl_cpu:cpu|pl_datapath:datapath|pl_dmem:dmem|ram[160][0]~864                    ; LCCOMB_X77_Y44_N14 ; 8       ; Clock enable             ; no     ; --                   ; --               ; --                        ;
; pl_cpu:cpu|pl_datapath:datapath|pl_dmem:dmem|ram[160][16]~665                   ; LCCOMB_X55_Y61_N2  ; 8       ; Clock enable             ; no     ; --                   ; --               ; --                        ;
; pl_cpu:cpu|pl_datapath:datapath|pl_dmem:dmem|ram[160][24]~162                   ; LCCOMB_X70_Y58_N14 ; 8       ; Clock enable             ; no     ; --                   ; --               ; --                        ;
; pl_cpu:cpu|pl_datapath:datapath|pl_dmem:dmem|ram[160][8]~434                    ; LCCOMB_X50_Y44_N26 ; 8       ; Clock enable             ; no     ; --                   ; --               ; --                        ;
; pl_cpu:cpu|pl_datapath:datapath|pl_dmem:dmem|ram[161][0]~867                    ; LCCOMB_X74_Y42_N28 ; 8       ; Clock enable             ; no     ; --                   ; --               ; --                        ;
; pl_cpu:cpu|pl_datapath:datapath|pl_dmem:dmem|ram[161][16]~667                   ; LCCOMB_X46_Y52_N14 ; 8       ; Clock enable             ; no     ; --                   ; --               ; --                        ;
; pl_cpu:cpu|pl_datapath:datapath|pl_dmem:dmem|ram[161][24]~174                   ; LCCOMB_X68_Y52_N6  ; 8       ; Clock enable             ; no     ; --                   ; --               ; --                        ;
; pl_cpu:cpu|pl_datapath:datapath|pl_dmem:dmem|ram[161][8]~466                    ; LCCOMB_X41_Y36_N14 ; 8       ; Clock enable             ; no     ; --                   ; --               ; --                        ;
; pl_cpu:cpu|pl_datapath:datapath|pl_dmem:dmem|ram[162][0]~1062                   ; LCCOMB_X76_Y46_N12 ; 8       ; Clock enable             ; no     ; --                   ; --               ; --                        ;
; pl_cpu:cpu|pl_datapath:datapath|pl_dmem:dmem|ram[162][16]~786                   ; LCCOMB_X40_Y52_N20 ; 8       ; Clock enable             ; no     ; --                   ; --               ; --                        ;
; pl_cpu:cpu|pl_datapath:datapath|pl_dmem:dmem|ram[162][24]~201                   ; LCCOMB_X61_Y53_N16 ; 8       ; Clock enable             ; no     ; --                   ; --               ; --                        ;
; pl_cpu:cpu|pl_datapath:datapath|pl_dmem:dmem|ram[162][8]~446                    ; LCCOMB_X35_Y42_N14 ; 8       ; Clock enable             ; no     ; --                   ; --               ; --                        ;
; pl_cpu:cpu|pl_datapath:datapath|pl_dmem:dmem|ram[163][0]~1070                   ; LCCOMB_X74_Y44_N22 ; 8       ; Clock enable             ; no     ; --                   ; --               ; --                        ;
; pl_cpu:cpu|pl_datapath:datapath|pl_dmem:dmem|ram[163][16]~798                   ; LCCOMB_X40_Y51_N14 ; 8       ; Clock enable             ; no     ; --                   ; --               ; --                        ;
; pl_cpu:cpu|pl_datapath:datapath|pl_dmem:dmem|ram[163][24]~193                   ; LCCOMB_X62_Y52_N28 ; 8       ; Clock enable             ; no     ; --                   ; --               ; --                        ;
; pl_cpu:cpu|pl_datapath:datapath|pl_dmem:dmem|ram[163][8]~478                    ; LCCOMB_X28_Y39_N18 ; 8       ; Clock enable             ; no     ; --                   ; --               ; --                        ;
; pl_cpu:cpu|pl_datapath:datapath|pl_dmem:dmem|ram[164][0]~828                    ; LCCOMB_X60_Y40_N12 ; 8       ; Clock enable             ; no     ; --                   ; --               ; --                        ;
; pl_cpu:cpu|pl_datapath:datapath|pl_dmem:dmem|ram[164][16]~661                   ; LCCOMB_X41_Y57_N26 ; 8       ; Clock enable             ; no     ; --                   ; --               ; --                        ;
; pl_cpu:cpu|pl_datapath:datapath|pl_dmem:dmem|ram[164][24]~161                   ; LCCOMB_X63_Y62_N8  ; 8       ; Clock enable             ; no     ; --                   ; --               ; --                        ;
; pl_cpu:cpu|pl_datapath:datapath|pl_dmem:dmem|ram[164][8]~433                    ; LCCOMB_X49_Y44_N22 ; 8       ; Clock enable             ; no     ; --                   ; --               ; --                        ;
; pl_cpu:cpu|pl_datapath:datapath|pl_dmem:dmem|ram[165][0]~831                    ; LCCOMB_X68_Y36_N2  ; 8       ; Clock enable             ; no     ; --                   ; --               ; --                        ;
; pl_cpu:cpu|pl_datapath:datapath|pl_dmem:dmem|ram[165][16]~663                   ; LCCOMB_X43_Y57_N12 ; 8       ; Clock enable             ; no     ; --                   ; --               ; --                        ;
; pl_cpu:cpu|pl_datapath:datapath|pl_dmem:dmem|ram[165][24]~173                   ; LCCOMB_X76_Y53_N22 ; 8       ; Clock enable             ; no     ; --                   ; --               ; --                        ;
; pl_cpu:cpu|pl_datapath:datapath|pl_dmem:dmem|ram[165][8]~465                    ; LCCOMB_X40_Y37_N20 ; 8       ; Clock enable             ; no     ; --                   ; --               ; --                        ;
; pl_cpu:cpu|pl_datapath:datapath|pl_dmem:dmem|ram[166][0]~1032                   ; LCCOMB_X77_Y35_N30 ; 8       ; Clock enable             ; no     ; --                   ; --               ; --                        ;
; pl_cpu:cpu|pl_datapath:datapath|pl_dmem:dmem|ram[166][16]~785                   ; LCCOMB_X43_Y58_N10 ; 8       ; Clock enable             ; no     ; --                   ; --               ; --                        ;
; pl_cpu:cpu|pl_datapath:datapath|pl_dmem:dmem|ram[166][24]~197                   ; LCCOMB_X73_Y50_N10 ; 8       ; Clock enable             ; no     ; --                   ; --               ; --                        ;
; pl_cpu:cpu|pl_datapath:datapath|pl_dmem:dmem|ram[166][8]~445                    ; LCCOMB_X29_Y40_N20 ; 8       ; Clock enable             ; no     ; --                   ; --               ; --                        ;
; pl_cpu:cpu|pl_datapath:datapath|pl_dmem:dmem|ram[167][0]~1035                   ; LCCOMB_X60_Y42_N18 ; 8       ; Clock enable             ; no     ; --                   ; --               ; --                        ;
; pl_cpu:cpu|pl_datapath:datapath|pl_dmem:dmem|ram[167][16]~797                   ; LCCOMB_X47_Y51_N28 ; 8       ; Clock enable             ; no     ; --                   ; --               ; --                        ;
; pl_cpu:cpu|pl_datapath:datapath|pl_dmem:dmem|ram[167][24]~205                   ; LCCOMB_X56_Y47_N20 ; 8       ; Clock enable             ; no     ; --                   ; --               ; --                        ;
; pl_cpu:cpu|pl_datapath:datapath|pl_dmem:dmem|ram[167][8]~477                    ; LCCOMB_X28_Y39_N8  ; 8       ; Clock enable             ; no     ; --                   ; --               ; --                        ;
; pl_cpu:cpu|pl_datapath:datapath|pl_dmem:dmem|ram[168][0]~861                    ; LCCOMB_X81_Y44_N14 ; 8       ; Clock enable             ; no     ; --                   ; --               ; --                        ;
; pl_cpu:cpu|pl_datapath:datapath|pl_dmem:dmem|ram[168][16]~656                   ; LCCOMB_X52_Y55_N18 ; 8       ; Clock enable             ; no     ; --                   ; --               ; --                        ;
; pl_cpu:cpu|pl_datapath:datapath|pl_dmem:dmem|ram[168][24]~138                   ; LCCOMB_X70_Y58_N28 ; 8       ; Clock enable             ; no     ; --                   ; --               ; --                        ;
; pl_cpu:cpu|pl_datapath:datapath|pl_dmem:dmem|ram[168][8]~296                    ; LCCOMB_X43_Y44_N14 ; 8       ; Clock enable             ; no     ; --                   ; --               ; --                        ;
; pl_cpu:cpu|pl_datapath:datapath|pl_dmem:dmem|ram[169][0]~863                    ; LCCOMB_X74_Y39_N28 ; 8       ; Clock enable             ; no     ; --                   ; --               ; --                        ;
; pl_cpu:cpu|pl_datapath:datapath|pl_dmem:dmem|ram[169][16]~659                   ; LCCOMB_X49_Y56_N28 ; 8       ; Clock enable             ; no     ; --                   ; --               ; --                        ;
; pl_cpu:cpu|pl_datapath:datapath|pl_dmem:dmem|ram[169][24]~134                   ; LCCOMB_X66_Y49_N2  ; 8       ; Clock enable             ; no     ; --                   ; --               ; --                        ;
; pl_cpu:cpu|pl_datapath:datapath|pl_dmem:dmem|ram[169][8]~336                    ; LCCOMB_X45_Y46_N30 ; 8       ; Clock enable             ; no     ; --                   ; --               ; --                        ;
; pl_cpu:cpu|pl_datapath:datapath|pl_dmem:dmem|ram[16][0]~998                     ; LCCOMB_X80_Y47_N14 ; 8       ; Clock enable             ; no     ; --                   ; --               ; --                        ;
; pl_cpu:cpu|pl_datapath:datapath|pl_dmem:dmem|ram[16][16]~726                    ; LCCOMB_X43_Y56_N20 ; 8       ; Clock enable             ; no     ; --                   ; --               ; --                        ;
; pl_cpu:cpu|pl_datapath:datapath|pl_dmem:dmem|ram[16][24]~48                     ; LCCOMB_X60_Y58_N14 ; 8       ; Clock enable             ; no     ; --                   ; --               ; --                        ;
; pl_cpu:cpu|pl_datapath:datapath|pl_dmem:dmem|ram[16][8]~394                     ; LCCOMB_X36_Y39_N20 ; 8       ; Clock enable             ; no     ; --                   ; --               ; --                        ;
; pl_cpu:cpu|pl_datapath:datapath|pl_dmem:dmem|ram[170][0]~1061                   ; LCCOMB_X81_Y41_N30 ; 8       ; Clock enable             ; no     ; --                   ; --               ; --                        ;
; pl_cpu:cpu|pl_datapath:datapath|pl_dmem:dmem|ram[170][16]~784                   ; LCCOMB_X49_Y52_N30 ; 8       ; Clock enable             ; no     ; --                   ; --               ; --                        ;
; pl_cpu:cpu|pl_datapath:datapath|pl_dmem:dmem|ram[170][24]~130                   ; LCCOMB_X66_Y47_N0  ; 8       ; Clock enable             ; no     ; --                   ; --               ; --                        ;
; pl_cpu:cpu|pl_datapath:datapath|pl_dmem:dmem|ram[170][8]~310                    ; LCCOMB_X41_Y43_N22 ; 8       ; Clock enable             ; no     ; --                   ; --               ; --                        ;
; pl_cpu:cpu|pl_datapath:datapath|pl_dmem:dmem|ram[171][0]~1069                   ; LCCOMB_X73_Y39_N14 ; 8       ; Clock enable             ; no     ; --                   ; --               ; --                        ;
; pl_cpu:cpu|pl_datapath:datapath|pl_dmem:dmem|ram[171][16]~796                   ; LCCOMB_X50_Y44_N12 ; 8       ; Clock enable             ; no     ; --                   ; --               ; --                        ;
; pl_cpu:cpu|pl_datapath:datapath|pl_dmem:dmem|ram[171][24]~142                   ; LCCOMB_X61_Y51_N14 ; 8       ; Clock enable             ; no     ; --                   ; --               ; --                        ;
; pl_cpu:cpu|pl_datapath:datapath|pl_dmem:dmem|ram[171][8]~332                    ; LCCOMB_X47_Y41_N4  ; 8       ; Clock enable             ; no     ; --                   ; --               ; --                        ;
; pl_cpu:cpu|pl_datapath:datapath|pl_dmem:dmem|ram[172][0]~825                    ; LCCOMB_X56_Y47_N18 ; 8       ; Clock enable             ; no     ; --                   ; --               ; --                        ;
; pl_cpu:cpu|pl_datapath:datapath|pl_dmem:dmem|ram[172][16]~668                   ; LCCOMB_X33_Y53_N12 ; 8       ; Clock enable             ; no     ; --                   ; --               ; --                        ;
; pl_cpu:cpu|pl_datapath:datapath|pl_dmem:dmem|ram[172][24]~137                   ; LCCOMB_X68_Y64_N12 ; 8       ; Clock enable             ; no     ; --                   ; --               ; --                        ;
; pl_cpu:cpu|pl_datapath:datapath|pl_dmem:dmem|ram[172][8]~293                    ; LCCOMB_X36_Y42_N12 ; 8       ; Clock enable             ; no     ; --                   ; --               ; --                        ;
; pl_cpu:cpu|pl_datapath:datapath|pl_dmem:dmem|ram[173][0]~827                    ; LCCOMB_X66_Y49_N16 ; 8       ; Clock enable             ; no     ; --                   ; --               ; --                        ;
; pl_cpu:cpu|pl_datapath:datapath|pl_dmem:dmem|ram[173][16]~671                   ; LCCOMB_X33_Y53_N30 ; 8       ; Clock enable             ; no     ; --                   ; --               ; --                        ;
; pl_cpu:cpu|pl_datapath:datapath|pl_dmem:dmem|ram[173][24]~133                   ; LCCOMB_X66_Y49_N8  ; 8       ; Clock enable             ; no     ; --                   ; --               ; --                        ;
; pl_cpu:cpu|pl_datapath:datapath|pl_dmem:dmem|ram[173][8]~328                    ; LCCOMB_X30_Y39_N14 ; 8       ; Clock enable             ; no     ; --                   ; --               ; --                        ;
; pl_cpu:cpu|pl_datapath:datapath|pl_dmem:dmem|ram[174][0]~1025                   ; LCCOMB_X77_Y47_N12 ; 8       ; Clock enable             ; no     ; --                   ; --               ; --                        ;
; pl_cpu:cpu|pl_datapath:datapath|pl_dmem:dmem|ram[174][16]~787                   ; LCCOMB_X41_Y50_N20 ; 8       ; Clock enable             ; no     ; --                   ; --               ; --                        ;
; pl_cpu:cpu|pl_datapath:datapath|pl_dmem:dmem|ram[174][24]~129                   ; LCCOMB_X76_Y53_N12 ; 8       ; Clock enable             ; no     ; --                   ; --               ; --                        ;
; pl_cpu:cpu|pl_datapath:datapath|pl_dmem:dmem|ram[174][8]~308                    ; LCCOMB_X48_Y41_N4  ; 8       ; Clock enable             ; no     ; --                   ; --               ; --                        ;
; pl_cpu:cpu|pl_datapath:datapath|pl_dmem:dmem|ram[175][0]~1027                   ; LCCOMB_X75_Y42_N14 ; 8       ; Clock enable             ; no     ; --                   ; --               ; --                        ;
; pl_cpu:cpu|pl_datapath:datapath|pl_dmem:dmem|ram[175][16]~799                   ; LCCOMB_X46_Y59_N28 ; 8       ; Clock enable             ; no     ; --                   ; --               ; --                        ;
; pl_cpu:cpu|pl_datapath:datapath|pl_dmem:dmem|ram[175][24]~141                   ; LCCOMB_X69_Y48_N0  ; 8       ; Clock enable             ; no     ; --                   ; --               ; --                        ;
; pl_cpu:cpu|pl_datapath:datapath|pl_dmem:dmem|ram[175][8]~340                    ; LCCOMB_X34_Y36_N14 ; 8       ; Clock enable             ; no     ; --                   ; --               ; --                        ;
; pl_cpu:cpu|pl_datapath:datapath|pl_dmem:dmem|ram[176][0]~856                    ; LCCOMB_X72_Y44_N4  ; 8       ; Clock enable             ; no     ; --                   ; --               ; --                        ;
; pl_cpu:cpu|pl_datapath:datapath|pl_dmem:dmem|ram[176][16]~642                   ; LCCOMB_X52_Y54_N28 ; 8       ; Clock enable             ; no     ; --                   ; --               ; --                        ;
; pl_cpu:cpu|pl_datapath:datapath|pl_dmem:dmem|ram[176][24]~49                    ; LCCOMB_X66_Y57_N10 ; 8       ; Clock enable             ; no     ; --                   ; --               ; --                        ;
; pl_cpu:cpu|pl_datapath:datapath|pl_dmem:dmem|ram[176][8]~376                    ; LCCOMB_X52_Y46_N28 ; 8       ; Clock enable             ; no     ; --                   ; --               ; --                        ;
; pl_cpu:cpu|pl_datapath:datapath|pl_dmem:dmem|ram[177][0]~859                    ; LCCOMB_X73_Y43_N14 ; 8       ; Clock enable             ; no     ; --                   ; --               ; --                        ;
; pl_cpu:cpu|pl_datapath:datapath|pl_dmem:dmem|ram[177][16]~640                   ; LCCOMB_X55_Y48_N24 ; 8       ; Clock enable             ; no     ; --                   ; --               ; --                        ;
; pl_cpu:cpu|pl_datapath:datapath|pl_dmem:dmem|ram[177][24]~1                     ; LCCOMB_X66_Y59_N6  ; 8       ; Clock enable             ; no     ; --                   ; --               ; --                        ;
; pl_cpu:cpu|pl_datapath:datapath|pl_dmem:dmem|ram[177][8]~379                    ; LCCOMB_X42_Y39_N22 ; 8       ; Clock enable             ; no     ; --                   ; --               ; --                        ;
; pl_cpu:cpu|pl_datapath:datapath|pl_dmem:dmem|ram[178][0]~1060                   ; LCCOMB_X76_Y46_N18 ; 8       ; Clock enable             ; no     ; --                   ; --               ; --                        ;
; pl_cpu:cpu|pl_datapath:datapath|pl_dmem:dmem|ram[178][16]~777                   ; LCCOMB_X48_Y54_N12 ; 8       ; Clock enable             ; no     ; --                   ; --               ; --                        ;
; pl_cpu:cpu|pl_datapath:datapath|pl_dmem:dmem|ram[178][24]~31                    ; LCCOMB_X61_Y53_N4  ; 8       ; Clock enable             ; no     ; --                   ; --               ; --                        ;
; pl_cpu:cpu|pl_datapath:datapath|pl_dmem:dmem|ram[178][8]~408                    ; LCCOMB_X49_Y42_N30 ; 8       ; Clock enable             ; no     ; --                   ; --               ; --                        ;
; pl_cpu:cpu|pl_datapath:datapath|pl_dmem:dmem|ram[179][0]~1068                   ; LCCOMB_X68_Y43_N30 ; 8       ; Clock enable             ; no     ; --                   ; --               ; --                        ;
; pl_cpu:cpu|pl_datapath:datapath|pl_dmem:dmem|ram[179][16]~773                   ; LCCOMB_X50_Y52_N20 ; 8       ; Clock enable             ; no     ; --                   ; --               ; --                        ;
; pl_cpu:cpu|pl_datapath:datapath|pl_dmem:dmem|ram[179][24]~55                    ; LCCOMB_X70_Y51_N30 ; 8       ; Clock enable             ; no     ; --                   ; --               ; --                        ;
; pl_cpu:cpu|pl_datapath:datapath|pl_dmem:dmem|ram[179][8]~411                    ; LCCOMB_X42_Y39_N12 ; 8       ; Clock enable             ; no     ; --                   ; --               ; --                        ;
; pl_cpu:cpu|pl_datapath:datapath|pl_dmem:dmem|ram[17][0]~996                     ; LCCOMB_X74_Y42_N22 ; 8       ; Clock enable             ; no     ; --                   ; --               ; --                        ;
; pl_cpu:cpu|pl_datapath:datapath|pl_dmem:dmem|ram[17][16]~724                    ; LCCOMB_X58_Y45_N22 ; 8       ; Clock enable             ; no     ; --                   ; --               ; --                        ;
; pl_cpu:cpu|pl_datapath:datapath|pl_dmem:dmem|ram[17][24]~12                     ; LCCOMB_X62_Y55_N30 ; 8       ; Clock enable             ; no     ; --                   ; --               ; --                        ;
; pl_cpu:cpu|pl_datapath:datapath|pl_dmem:dmem|ram[17][8]~393                     ; LCCOMB_X53_Y38_N18 ; 8       ; Clock enable             ; no     ; --                   ; --               ; --                        ;
; pl_cpu:cpu|pl_datapath:datapath|pl_dmem:dmem|ram[180][0]~817                    ; LCCOMB_X73_Y36_N0  ; 8       ; Clock enable             ; no     ; --                   ; --               ; --                        ;
; pl_cpu:cpu|pl_datapath:datapath|pl_dmem:dmem|ram[180][16]~654                   ; LCCOMB_X40_Y58_N10 ; 8       ; Clock enable             ; no     ; --                   ; --               ; --                        ;
; pl_cpu:cpu|pl_datapath:datapath|pl_dmem:dmem|ram[180][24]~45                    ; LCCOMB_X59_Y68_N14 ; 8       ; Clock enable             ; no     ; --                   ; --               ; --                        ;
; pl_cpu:cpu|pl_datapath:datapath|pl_dmem:dmem|ram[180][8]~365                    ; LCCOMB_X33_Y41_N14 ; 8       ; Clock enable             ; no     ; --                   ; --               ; --                        ;
; pl_cpu:cpu|pl_datapath:datapath|pl_dmem:dmem|ram[181][0]~821                    ; LCCOMB_X60_Y41_N30 ; 8       ; Clock enable             ; no     ; --                   ; --               ; --                        ;
; pl_cpu:cpu|pl_datapath:datapath|pl_dmem:dmem|ram[181][16]~652                   ; LCCOMB_X53_Y52_N26 ; 8       ; Clock enable             ; no     ; --                   ; --               ; --                        ;
; pl_cpu:cpu|pl_datapath:datapath|pl_dmem:dmem|ram[181][24]~14                    ; LCCOMB_X70_Y53_N20 ; 8       ; Clock enable             ; no     ; --                   ; --               ; --                        ;
; pl_cpu:cpu|pl_datapath:datapath|pl_dmem:dmem|ram[181][8]~369                    ; LCCOMB_X39_Y43_N14 ; 8       ; Clock enable             ; no     ; --                   ; --               ; --                        ;
; pl_cpu:cpu|pl_datapath:datapath|pl_dmem:dmem|ram[182][0]~1028                   ; LCCOMB_X73_Y42_N26 ; 8       ; Clock enable             ; no     ; --                   ; --               ; --                        ;
; pl_cpu:cpu|pl_datapath:datapath|pl_dmem:dmem|ram[182][16]~769                   ; LCCOMB_X39_Y55_N30 ; 8       ; Clock enable             ; no     ; --                   ; --               ; --                        ;
; pl_cpu:cpu|pl_datapath:datapath|pl_dmem:dmem|ram[182][24]~27                    ; LCCOMB_X69_Y51_N14 ; 8       ; Clock enable             ; no     ; --                   ; --               ; --                        ;
; pl_cpu:cpu|pl_datapath:datapath|pl_dmem:dmem|ram[182][8]~400                    ; LCCOMB_X47_Y42_N6  ; 8       ; Clock enable             ; no     ; --                   ; --               ; --                        ;
; pl_cpu:cpu|pl_datapath:datapath|pl_dmem:dmem|ram[183][0]~1031                   ; LCCOMB_X59_Y47_N12 ; 8       ; Clock enable             ; no     ; --                   ; --               ; --                        ;
; pl_cpu:cpu|pl_datapath:datapath|pl_dmem:dmem|ram[183][16]~781                   ; LCCOMB_X50_Y49_N0  ; 8       ; Clock enable             ; no     ; --                   ; --               ; --                        ;
; pl_cpu:cpu|pl_datapath:datapath|pl_dmem:dmem|ram[183][24]~68                    ; LCCOMB_X48_Y45_N20 ; 8       ; Clock enable             ; no     ; --                   ; --               ; --                        ;
; pl_cpu:cpu|pl_datapath:datapath|pl_dmem:dmem|ram[183][8]~403                    ; LCCOMB_X29_Y45_N22 ; 8       ; Clock enable             ; no     ; --                   ; --               ; --                        ;
; pl_cpu:cpu|pl_datapath:datapath|pl_dmem:dmem|ram[184][0]~869                    ; LCCOMB_X84_Y44_N14 ; 8       ; Clock enable             ; no     ; --                   ; --               ; --                        ;
; pl_cpu:cpu|pl_datapath:datapath|pl_dmem:dmem|ram[184][16]~641                   ; LCCOMB_X48_Y58_N20 ; 8       ; Clock enable             ; no     ; --                   ; --               ; --                        ;
; pl_cpu:cpu|pl_datapath:datapath|pl_dmem:dmem|ram[184][24]~266                   ; LCCOMB_X70_Y55_N14 ; 8       ; Clock enable             ; no     ; --                   ; --               ; --                        ;
; pl_cpu:cpu|pl_datapath:datapath|pl_dmem:dmem|ram[184][8]~502                    ; LCCOMB_X40_Y41_N30 ; 8       ; Clock enable             ; no     ; --                   ; --               ; --                        ;
; pl_cpu:cpu|pl_datapath:datapath|pl_dmem:dmem|ram[185][0]~871                    ; LCCOMB_X75_Y43_N14 ; 8       ; Clock enable             ; no     ; --                   ; --               ; --                        ;
; pl_cpu:cpu|pl_datapath:datapath|pl_dmem:dmem|ram[185][16]~643                   ; LCCOMB_X53_Y44_N0  ; 8       ; Clock enable             ; no     ; --                   ; --               ; --                        ;
; pl_cpu:cpu|pl_datapath:datapath|pl_dmem:dmem|ram[185][24]~258                   ; LCCOMB_X67_Y56_N12 ; 8       ; Clock enable             ; no     ; --                   ; --               ; --                        ;
; pl_cpu:cpu|pl_datapath:datapath|pl_dmem:dmem|ram[185][8]~534                    ; LCCOMB_X49_Y42_N6  ; 8       ; Clock enable             ; no     ; --                   ; --               ; --                        ;
; pl_cpu:cpu|pl_datapath:datapath|pl_dmem:dmem|ram[186][0]~1063                   ; LCCOMB_X85_Y43_N14 ; 8       ; Clock enable             ; no     ; --                   ; --               ; --                        ;
; pl_cpu:cpu|pl_datapath:datapath|pl_dmem:dmem|ram[186][16]~779                   ; LCCOMB_X57_Y47_N0  ; 8       ; Clock enable             ; no     ; --                   ; --               ; --                        ;
; pl_cpu:cpu|pl_datapath:datapath|pl_dmem:dmem|ram[186][24]~264                   ; LCCOMB_X73_Y49_N14 ; 8       ; Clock enable             ; no     ; --                   ; --               ; --                        ;
; pl_cpu:cpu|pl_datapath:datapath|pl_dmem:dmem|ram[186][8]~500                    ; LCCOMB_X32_Y40_N6  ; 8       ; Clock enable             ; no     ; --                   ; --               ; --                        ;
; pl_cpu:cpu|pl_datapath:datapath|pl_dmem:dmem|ram[187][0]~1071                   ; LCCOMB_X58_Y43_N18 ; 8       ; Clock enable             ; no     ; --                   ; --               ; --                        ;
; pl_cpu:cpu|pl_datapath:datapath|pl_dmem:dmem|ram[187][16]~775                   ; LCCOMB_X57_Y44_N6  ; 8       ; Clock enable             ; no     ; --                   ; --               ; --                        ;
; pl_cpu:cpu|pl_datapath:datapath|pl_dmem:dmem|ram[187][24]~256                   ; LCCOMB_X57_Y44_N8  ; 8       ; Clock enable             ; no     ; --                   ; --               ; --                        ;
; pl_cpu:cpu|pl_datapath:datapath|pl_dmem:dmem|ram[187][8]~533                    ; LCCOMB_X38_Y41_N24 ; 8       ; Clock enable             ; no     ; --                   ; --               ; --                        ;
; pl_cpu:cpu|pl_datapath:datapath|pl_dmem:dmem|ram[188][0]~833                    ; LCCOMB_X75_Y36_N28 ; 8       ; Clock enable             ; no     ; --                   ; --               ; --                        ;
; pl_cpu:cpu|pl_datapath:datapath|pl_dmem:dmem|ram[188][16]~653                   ; LCCOMB_X33_Y54_N28 ; 8       ; Clock enable             ; no     ; --                   ; --               ; --                        ;
; pl_cpu:cpu|pl_datapath:datapath|pl_dmem:dmem|ram[188][24]~265                   ; LCCOMB_X62_Y51_N22 ; 8       ; Clock enable             ; no     ; --                   ; --               ; --                        ;
; pl_cpu:cpu|pl_datapath:datapath|pl_dmem:dmem|ram[188][8]~510                    ; LCCOMB_X43_Y42_N30 ; 8       ; Clock enable             ; no     ; --                   ; --               ; --                        ;
; pl_cpu:cpu|pl_datapath:datapath|pl_dmem:dmem|ram[189][0]~835                    ; LCCOMB_X60_Y41_N4  ; 8       ; Clock enable             ; no     ; --                   ; --               ; --                        ;
; pl_cpu:cpu|pl_datapath:datapath|pl_dmem:dmem|ram[189][16]~655                   ; LCCOMB_X50_Y53_N30 ; 8       ; Clock enable             ; no     ; --                   ; --               ; --                        ;
; pl_cpu:cpu|pl_datapath:datapath|pl_dmem:dmem|ram[189][24]~257                   ; LCCOMB_X60_Y60_N20 ; 8       ; Clock enable             ; no     ; --                   ; --               ; --                        ;
; pl_cpu:cpu|pl_datapath:datapath|pl_dmem:dmem|ram[189][8]~542                    ; LCCOMB_X49_Y42_N10 ; 8       ; Clock enable             ; no     ; --                   ; --               ; --                        ;
; pl_cpu:cpu|pl_datapath:datapath|pl_dmem:dmem|ram[18][0]~902                     ; LCCOMB_X74_Y38_N18 ; 8       ; Clock enable             ; no     ; --                   ; --               ; --                        ;
; pl_cpu:cpu|pl_datapath:datapath|pl_dmem:dmem|ram[18][16]~586                    ; LCCOMB_X40_Y52_N24 ; 8       ; Clock enable             ; no     ; --                   ; --               ; --                        ;
; pl_cpu:cpu|pl_datapath:datapath|pl_dmem:dmem|ram[18][24]~30                     ; LCCOMB_X54_Y47_N14 ; 8       ; Clock enable             ; no     ; --                   ; --               ; --                        ;
; pl_cpu:cpu|pl_datapath:datapath|pl_dmem:dmem|ram[18][8]~358                     ; LCCOMB_X38_Y39_N4  ; 8       ; Clock enable             ; no     ; --                   ; --               ; --                        ;
; pl_cpu:cpu|pl_datapath:datapath|pl_dmem:dmem|ram[190][0]~1037                   ; LCCOMB_X77_Y38_N14 ; 8       ; Clock enable             ; no     ; --                   ; --               ; --                        ;
; pl_cpu:cpu|pl_datapath:datapath|pl_dmem:dmem|ram[190][16]~771                   ; LCCOMB_X41_Y50_N2  ; 8       ; Clock enable             ; no     ; --                   ; --               ; --                        ;
; pl_cpu:cpu|pl_datapath:datapath|pl_dmem:dmem|ram[190][24]~267                   ; LCCOMB_X56_Y49_N12 ; 8       ; Clock enable             ; no     ; --                   ; --               ; --                        ;
; pl_cpu:cpu|pl_datapath:datapath|pl_dmem:dmem|ram[190][8]~508                    ; LCCOMB_X40_Y47_N18 ; 8       ; Clock enable             ; no     ; --                   ; --               ; --                        ;
; pl_cpu:cpu|pl_datapath:datapath|pl_dmem:dmem|ram[191][0]~1039                   ; LCCOMB_X63_Y45_N8  ; 8       ; Clock enable             ; no     ; --                   ; --               ; --                        ;
; pl_cpu:cpu|pl_datapath:datapath|pl_dmem:dmem|ram[191][16]~783                   ; LCCOMB_X48_Y53_N10 ; 8       ; Clock enable             ; no     ; --                   ; --               ; --                        ;
; pl_cpu:cpu|pl_datapath:datapath|pl_dmem:dmem|ram[191][24]~259                   ; LCCOMB_X69_Y48_N2  ; 8       ; Clock enable             ; no     ; --                   ; --               ; --                        ;
; pl_cpu:cpu|pl_datapath:datapath|pl_dmem:dmem|ram[191][8]~541                    ; LCCOMB_X39_Y42_N8  ; 8       ; Clock enable             ; no     ; --                   ; --               ; --                        ;
; pl_cpu:cpu|pl_datapath:datapath|pl_dmem:dmem|ram[192][0]~850                    ; LCCOMB_X77_Y46_N14 ; 8       ; Clock enable             ; no     ; --                   ; --               ; --                        ;
; pl_cpu:cpu|pl_datapath:datapath|pl_dmem:dmem|ram[192][16]~632                   ; LCCOMB_X48_Y50_N14 ; 8       ; Clock enable             ; no     ; --                   ; --               ; --                        ;
; pl_cpu:cpu|pl_datapath:datapath|pl_dmem:dmem|ram[192][24]~168                   ; LCCOMB_X62_Y60_N14 ; 8       ; Clock enable             ; no     ; --                   ; --               ; --                        ;
; pl_cpu:cpu|pl_datapath:datapath|pl_dmem:dmem|ram[192][8]~448                    ; LCCOMB_X52_Y46_N14 ; 8       ; Clock enable             ; no     ; --                   ; --               ; --                        ;
; pl_cpu:cpu|pl_datapath:datapath|pl_dmem:dmem|ram[193][0]~849                    ; LCCOMB_X74_Y42_N8  ; 8       ; Clock enable             ; no     ; --                   ; --               ; --                        ;
; pl_cpu:cpu|pl_datapath:datapath|pl_dmem:dmem|ram[193][16]~631                   ; LCCOMB_X52_Y57_N4  ; 8       ; Clock enable             ; no     ; --                   ; --               ; --                        ;
; pl_cpu:cpu|pl_datapath:datapath|pl_dmem:dmem|ram[193][24]~164                   ; LCCOMB_X67_Y58_N12 ; 8       ; Clock enable             ; no     ; --                   ; --               ; --                        ;
; pl_cpu:cpu|pl_datapath:datapath|pl_dmem:dmem|ram[193][8]~416                    ; LCCOMB_X47_Y34_N8  ; 8       ; Clock enable             ; no     ; --                   ; --               ; --                        ;
; pl_cpu:cpu|pl_datapath:datapath|pl_dmem:dmem|ram[194][0]~1050                   ; LCCOMB_X72_Y44_N28 ; 8       ; Clock enable             ; no     ; --                   ; --               ; --                        ;
; pl_cpu:cpu|pl_datapath:datapath|pl_dmem:dmem|ram[194][16]~762                   ; LCCOMB_X45_Y51_N24 ; 8       ; Clock enable             ; no     ; --                   ; --               ; --                        ;
; pl_cpu:cpu|pl_datapath:datapath|pl_dmem:dmem|ram[194][24]~200                   ; LCCOMB_X61_Y53_N22 ; 8       ; Clock enable             ; no     ; --                   ; --               ; --                        ;
; pl_cpu:cpu|pl_datapath:datapath|pl_dmem:dmem|ram[194][8]~460                    ; LCCOMB_X45_Y42_N14 ; 8       ; Clock enable             ; no     ; --                   ; --               ; --                        ;
; pl_cpu:cpu|pl_datapath:datapath|pl_dmem:dmem|ram[195][0]~1046                   ; LCCOMB_X74_Y42_N26 ; 8       ; Clock enable             ; no     ; --                   ; --               ; --                        ;
; pl_cpu:cpu|pl_datapath:datapath|pl_dmem:dmem|ram[195][16]~761                   ; LCCOMB_X49_Y50_N22 ; 8       ; Clock enable             ; no     ; --                   ; --               ; --                        ;
; pl_cpu:cpu|pl_datapath:datapath|pl_dmem:dmem|ram[195][24]~192                   ; LCCOMB_X60_Y45_N30 ; 8       ; Clock enable             ; no     ; --                   ; --               ; --                        ;
; pl_cpu:cpu|pl_datapath:datapath|pl_dmem:dmem|ram[195][8]~428                    ; LCCOMB_X40_Y36_N30 ; 8       ; Clock enable             ; no     ; --                   ; --               ; --                        ;
; pl_cpu:cpu|pl_datapath:datapath|pl_dmem:dmem|ram[196][0]~882                    ; LCCOMB_X67_Y40_N22 ; 8       ; Clock enable             ; no     ; --                   ; --               ; --                        ;
; pl_cpu:cpu|pl_datapath:datapath|pl_dmem:dmem|ram[196][16]~626                   ; LCCOMB_X40_Y58_N16 ; 8       ; Clock enable             ; no     ; --                   ; --               ; --                        ;
; pl_cpu:cpu|pl_datapath:datapath|pl_dmem:dmem|ram[196][24]~171                   ; LCCOMB_X61_Y58_N28 ; 8       ; Clock enable             ; no     ; --                   ; --               ; --                        ;
; pl_cpu:cpu|pl_datapath:datapath|pl_dmem:dmem|ram[196][8]~451                    ; LCCOMB_X49_Y44_N18 ; 8       ; Clock enable             ; no     ; --                   ; --               ; --                        ;
; pl_cpu:cpu|pl_datapath:datapath|pl_dmem:dmem|ram[197][0]~881                    ; LCCOMB_X65_Y44_N26 ; 8       ; Clock enable             ; no     ; --                   ; --               ; --                        ;
; pl_cpu:cpu|pl_datapath:datapath|pl_dmem:dmem|ram[197][16]~625                   ; LCCOMB_X39_Y53_N26 ; 8       ; Clock enable             ; no     ; --                   ; --               ; --                        ;
; pl_cpu:cpu|pl_datapath:datapath|pl_dmem:dmem|ram[197][24]~167                   ; LCCOMB_X69_Y58_N20 ; 8       ; Clock enable             ; no     ; --                   ; --               ; --                        ;
; pl_cpu:cpu|pl_datapath:datapath|pl_dmem:dmem|ram[197][8]~419                    ; LCCOMB_X53_Y38_N28 ; 8       ; Clock enable             ; no     ; --                   ; --               ; --                        ;
; pl_cpu:cpu|pl_datapath:datapath|pl_dmem:dmem|ram[198][0]~1082                   ; LCCOMB_X77_Y42_N14 ; 8       ; Clock enable             ; no     ; --                   ; --               ; --                        ;
; pl_cpu:cpu|pl_datapath:datapath|pl_dmem:dmem|ram[198][16]~758                   ; LCCOMB_X49_Y48_N30 ; 8       ; Clock enable             ; no     ; --                   ; --               ; --                        ;
; pl_cpu:cpu|pl_datapath:datapath|pl_dmem:dmem|ram[198][24]~196                   ; LCCOMB_X74_Y53_N12 ; 8       ; Clock enable             ; no     ; --                   ; --               ; --                        ;
; pl_cpu:cpu|pl_datapath:datapath|pl_dmem:dmem|ram[198][8]~463                    ; LCCOMB_X47_Y42_N20 ; 8       ; Clock enable             ; no     ; --                   ; --               ; --                        ;
; pl_cpu:cpu|pl_datapath:datapath|pl_dmem:dmem|ram[199][0]~1080                   ; LCCOMB_X58_Y45_N30 ; 8       ; Clock enable             ; no     ; --                   ; --               ; --                        ;
; pl_cpu:cpu|pl_datapath:datapath|pl_dmem:dmem|ram[199][16]~757                   ; LCCOMB_X50_Y49_N28 ; 8       ; Clock enable             ; no     ; --                   ; --               ; --                        ;
; pl_cpu:cpu|pl_datapath:datapath|pl_dmem:dmem|ram[199][24]~204                   ; LCCOMB_X48_Y45_N22 ; 8       ; Clock enable             ; no     ; --                   ; --               ; --                        ;
; pl_cpu:cpu|pl_datapath:datapath|pl_dmem:dmem|ram[199][8]~431                    ; LCCOMB_X41_Y37_N14 ; 8       ; Clock enable             ; no     ; --                   ; --               ; --                        ;
; pl_cpu:cpu|pl_datapath:datapath|pl_dmem:dmem|ram[19][0]~901                     ; LCCOMB_X82_Y41_N30 ; 8       ; Clock enable             ; no     ; --                   ; --               ; --                        ;
; pl_cpu:cpu|pl_datapath:datapath|pl_dmem:dmem|ram[19][16]~584                    ; LCCOMB_X36_Y53_N22 ; 8       ; Clock enable             ; no     ; --                   ; --               ; --                        ;
; pl_cpu:cpu|pl_datapath:datapath|pl_dmem:dmem|ram[19][24]~66                     ; LCCOMB_X66_Y49_N22 ; 8       ; Clock enable             ; no     ; --                   ; --               ; --                        ;
; pl_cpu:cpu|pl_datapath:datapath|pl_dmem:dmem|ram[19][8]~357                     ; LCCOMB_X31_Y41_N4  ; 8       ; Clock enable             ; no     ; --                   ; --               ; --                        ;
; pl_cpu:cpu|pl_datapath:datapath|pl_dmem:dmem|ram[1][0]~1001                     ; LCCOMB_X74_Y47_N28 ; 8       ; Clock enable             ; no     ; --                   ; --               ; --                        ;
; pl_cpu:cpu|pl_datapath:datapath|pl_dmem:dmem|ram[1][16]~728                     ; LCCOMB_X46_Y56_N14 ; 8       ; Clock enable             ; no     ; --                   ; --               ; --                        ;
; pl_cpu:cpu|pl_datapath:datapath|pl_dmem:dmem|ram[1][24]~182                     ; LCCOMB_X76_Y52_N28 ; 8       ; Clock enable             ; no     ; --                   ; --               ; --                        ;
; pl_cpu:cpu|pl_datapath:datapath|pl_dmem:dmem|ram[1][8]~426                      ; LCCOMB_X32_Y37_N22 ; 8       ; Clock enable             ; no     ; --                   ; --               ; --                        ;
; pl_cpu:cpu|pl_datapath:datapath|pl_dmem:dmem|ram[200][0]~840                    ; LCCOMB_X81_Y38_N14 ; 8       ; Clock enable             ; no     ; --                   ; --               ; --                        ;
; pl_cpu:cpu|pl_datapath:datapath|pl_dmem:dmem|ram[200][16]~620                   ; LCCOMB_X52_Y55_N8  ; 8       ; Clock enable             ; no     ; --                   ; --               ; --                        ;
; pl_cpu:cpu|pl_datapath:datapath|pl_dmem:dmem|ram[200][24]~85                    ; LCCOMB_X62_Y51_N10 ; 8       ; Clock enable             ; no     ; --                   ; --               ; --                        ;
; pl_cpu:cpu|pl_datapath:datapath|pl_dmem:dmem|ram[200][8]~323                    ; LCCOMB_X52_Y46_N4  ; 8       ; Clock enable             ; no     ; --                   ; --               ; --                        ;
; pl_cpu:cpu|pl_datapath:datapath|pl_dmem:dmem|ram[201][0]~837                    ; LCCOMB_X76_Y37_N22 ; 8       ; Clock enable             ; no     ; --                   ; --               ; --                        ;
; pl_cpu:cpu|pl_datapath:datapath|pl_dmem:dmem|ram[201][16]~619                   ; LCCOMB_X53_Y52_N10 ; 8       ; Clock enable             ; no     ; --                   ; --               ; --                        ;
; pl_cpu:cpu|pl_datapath:datapath|pl_dmem:dmem|ram[201][24]~79                    ; LCCOMB_X57_Y50_N8  ; 8       ; Clock enable             ; no     ; --                   ; --               ; --                        ;
; pl_cpu:cpu|pl_datapath:datapath|pl_dmem:dmem|ram[201][8]~281                    ; LCCOMB_X42_Y37_N6  ; 8       ; Clock enable             ; no     ; --                   ; --               ; --                        ;
; pl_cpu:cpu|pl_datapath:datapath|pl_dmem:dmem|ram[202][0]~1049                   ; LCCOMB_X59_Y45_N14 ; 8       ; Clock enable             ; no     ; --                   ; --               ; --                        ;
; pl_cpu:cpu|pl_datapath:datapath|pl_dmem:dmem|ram[202][16]~760                   ; LCCOMB_X46_Y55_N28 ; 8       ; Clock enable             ; no     ; --                   ; --               ; --                        ;
; pl_cpu:cpu|pl_datapath:datapath|pl_dmem:dmem|ram[202][24]~73                    ; LCCOMB_X58_Y52_N4  ; 8       ; Clock enable             ; no     ; --                   ; --               ; --                        ;
; pl_cpu:cpu|pl_datapath:datapath|pl_dmem:dmem|ram[202][8]~319                    ; LCCOMB_X59_Y45_N18 ; 8       ; Clock enable             ; no     ; --                   ; --               ; --                        ;
; pl_cpu:cpu|pl_datapath:datapath|pl_dmem:dmem|ram[203][0]~1045                   ; LCCOMB_X72_Y38_N22 ; 8       ; Clock enable             ; no     ; --                   ; --               ; --                        ;
; pl_cpu:cpu|pl_datapath:datapath|pl_dmem:dmem|ram[203][16]~763                   ; LCCOMB_X54_Y48_N4  ; 8       ; Clock enable             ; no     ; --                   ; --               ; --                        ;
; pl_cpu:cpu|pl_datapath:datapath|pl_dmem:dmem|ram[203][24]~91                    ; LCCOMB_X57_Y46_N24 ; 8       ; Clock enable             ; no     ; --                   ; --               ; --                        ;
; pl_cpu:cpu|pl_datapath:datapath|pl_dmem:dmem|ram[203][8]~283                    ; LCCOMB_X47_Y41_N0  ; 8       ; Clock enable             ; no     ; --                   ; --               ; --                        ;
; pl_cpu:cpu|pl_datapath:datapath|pl_dmem:dmem|ram[204][0]~878                    ; LCCOMB_X77_Y37_N30 ; 8       ; Clock enable             ; no     ; --                   ; --               ; --                        ;
; pl_cpu:cpu|pl_datapath:datapath|pl_dmem:dmem|ram[204][16]~638                   ; LCCOMB_X32_Y48_N30 ; 8       ; Clock enable             ; no     ; --                   ; --               ; --                        ;
; pl_cpu:cpu|pl_datapath:datapath|pl_dmem:dmem|ram[204][24]~89                    ; LCCOMB_X45_Y51_N4  ; 8       ; Clock enable             ; no     ; --                   ; --               ; --                        ;
; pl_cpu:cpu|pl_datapath:datapath|pl_dmem:dmem|ram[204][8]~315                    ; LCCOMB_X31_Y40_N18 ; 8       ; Clock enable             ; no     ; --                   ; --               ; --                        ;
; pl_cpu:cpu|pl_datapath:datapath|pl_dmem:dmem|ram[205][0]~876                    ; LCCOMB_X77_Y37_N4  ; 8       ; Clock enable             ; no     ; --                   ; --               ; --                        ;
; pl_cpu:cpu|pl_datapath:datapath|pl_dmem:dmem|ram[205][16]~637                   ; LCCOMB_X53_Y52_N22 ; 8       ; Clock enable             ; no     ; --                   ; --               ; --                        ;
; pl_cpu:cpu|pl_datapath:datapath|pl_dmem:dmem|ram[205][24]~83                    ; LCCOMB_X58_Y57_N18 ; 8       ; Clock enable             ; no     ; --                   ; --               ; --                        ;
; pl_cpu:cpu|pl_datapath:datapath|pl_dmem:dmem|ram[205][8]~289                    ; LCCOMB_X30_Y39_N20 ; 8       ; Clock enable             ; no     ; --                   ; --               ; --                        ;
; pl_cpu:cpu|pl_datapath:datapath|pl_dmem:dmem|ram[206][0]~1078                   ; LCCOMB_X83_Y42_N14 ; 8       ; Clock enable             ; no     ; --                   ; --               ; --                        ;
; pl_cpu:cpu|pl_datapath:datapath|pl_dmem:dmem|ram[206][16]~756                   ; LCCOMB_X52_Y49_N18 ; 8       ; Clock enable             ; no     ; --                   ; --               ; --                        ;
; pl_cpu:cpu|pl_datapath:datapath|pl_dmem:dmem|ram[206][24]~77                    ; LCCOMB_X76_Y53_N14 ; 8       ; Clock enable             ; no     ; --                   ; --               ; --                        ;
; pl_cpu:cpu|pl_datapath:datapath|pl_dmem:dmem|ram[206][8]~327                    ; LCCOMB_X43_Y35_N22 ; 8       ; Clock enable             ; no     ; --                   ; --               ; --                        ;
; pl_cpu:cpu|pl_datapath:datapath|pl_dmem:dmem|ram[207][0]~1077                   ; LCCOMB_X63_Y45_N18 ; 8       ; Clock enable             ; no     ; --                   ; --               ; --                        ;
; pl_cpu:cpu|pl_datapath:datapath|pl_dmem:dmem|ram[207][16]~759                   ; LCCOMB_X34_Y49_N24 ; 8       ; Clock enable             ; no     ; --                   ; --               ; --                        ;
; pl_cpu:cpu|pl_datapath:datapath|pl_dmem:dmem|ram[207][24]~95                    ; LCCOMB_X60_Y49_N26 ; 8       ; Clock enable             ; no     ; --                   ; --               ; --                        ;
; pl_cpu:cpu|pl_datapath:datapath|pl_dmem:dmem|ram[207][8]~291                    ; LCCOMB_X41_Y40_N22 ; 8       ; Clock enable             ; no     ; --                   ; --               ; --                        ;
; pl_cpu:cpu|pl_datapath:datapath|pl_dmem:dmem|ram[208][0]~846                    ; LCCOMB_X84_Y46_N30 ; 8       ; Clock enable             ; no     ; --                   ; --               ; --                        ;
; pl_cpu:cpu|pl_datapath:datapath|pl_dmem:dmem|ram[208][16]~682                   ; LCCOMB_X58_Y47_N8  ; 8       ; Clock enable             ; no     ; --                   ; --               ; --                        ;
; pl_cpu:cpu|pl_datapath:datapath|pl_dmem:dmem|ram[208][24]~38                    ; LCCOMB_X65_Y65_N14 ; 8       ; Clock enable             ; no     ; --                   ; --               ; --                        ;
; pl_cpu:cpu|pl_datapath:datapath|pl_dmem:dmem|ram[208][8]~374                    ; LCCOMB_X53_Y39_N28 ; 8       ; Clock enable             ; no     ; --                   ; --               ; --                        ;
; pl_cpu:cpu|pl_datapath:datapath|pl_dmem:dmem|ram[209][0]~845                    ; LCCOMB_X74_Y42_N30 ; 8       ; Clock enable             ; no     ; --                   ; --               ; --                        ;
; pl_cpu:cpu|pl_datapath:datapath|pl_dmem:dmem|ram[209][16]~674                   ; LCCOMB_X53_Y49_N24 ; 8       ; Clock enable             ; no     ; --                   ; --               ; --                        ;
; pl_cpu:cpu|pl_datapath:datapath|pl_dmem:dmem|ram[209][24]~2                     ; LCCOMB_X59_Y54_N6  ; 8       ; Clock enable             ; no     ; --                   ; --               ; --                        ;
; pl_cpu:cpu|pl_datapath:datapath|pl_dmem:dmem|ram[209][8]~373                    ; LCCOMB_X47_Y34_N10 ; 8       ; Clock enable             ; no     ; --                   ; --               ; --                        ;
; pl_cpu:cpu|pl_datapath:datapath|pl_dmem:dmem|ram[20][0]~966                     ; LCCOMB_X61_Y43_N20 ; 8       ; Clock enable             ; no     ; --                   ; --               ; --                        ;
; pl_cpu:cpu|pl_datapath:datapath|pl_dmem:dmem|ram[20][16]~734                    ; LCCOMB_X42_Y53_N14 ; 8       ; Clock enable             ; no     ; --                   ; --               ; --                        ;
; pl_cpu:cpu|pl_datapath:datapath|pl_dmem:dmem|ram[20][24]~44                     ; LCCOMB_X61_Y52_N12 ; 8       ; Clock enable             ; no     ; --                   ; --               ; --                        ;
; pl_cpu:cpu|pl_datapath:datapath|pl_dmem:dmem|ram[20][8]~386                     ; LCCOMB_X49_Y44_N10 ; 8       ; Clock enable             ; no     ; --                   ; --               ; --                        ;
; pl_cpu:cpu|pl_datapath:datapath|pl_dmem:dmem|ram[210][0]~1048                   ; LCCOMB_X72_Y44_N2  ; 8       ; Clock enable             ; no     ; --                   ; --               ; --                        ;
; pl_cpu:cpu|pl_datapath:datapath|pl_dmem:dmem|ram[210][16]~810                   ; LCCOMB_X40_Y52_N30 ; 8       ; Clock enable             ; no     ; --                   ; --               ; --                        ;
; pl_cpu:cpu|pl_datapath:datapath|pl_dmem:dmem|ram[210][24]~19                    ; LCCOMB_X57_Y45_N14 ; 8       ; Clock enable             ; no     ; --                   ; --               ; --                        ;
; pl_cpu:cpu|pl_datapath:datapath|pl_dmem:dmem|ram[210][8]~406                    ; LCCOMB_X49_Y42_N4  ; 8       ; Clock enable             ; no     ; --                   ; --               ; --                        ;
; pl_cpu:cpu|pl_datapath:datapath|pl_dmem:dmem|ram[211][0]~1044                   ; LCCOMB_X77_Y41_N20 ; 8       ; Clock enable             ; no     ; --                   ; --               ; --                        ;
; pl_cpu:cpu|pl_datapath:datapath|pl_dmem:dmem|ram[211][16]~802                   ; LCCOMB_X48_Y55_N24 ; 8       ; Clock enable             ; no     ; --                   ; --               ; --                        ;
; pl_cpu:cpu|pl_datapath:datapath|pl_dmem:dmem|ram[211][24]~56                    ; LCCOMB_X59_Y48_N2  ; 8       ; Clock enable             ; no     ; --                   ; --               ; --                        ;
; pl_cpu:cpu|pl_datapath:datapath|pl_dmem:dmem|ram[211][8]~404                    ; LCCOMB_X41_Y34_N26 ; 8       ; Clock enable             ; no     ; --                   ; --               ; --                        ;
; pl_cpu:cpu|pl_datapath:datapath|pl_dmem:dmem|ram[212][0]~874                    ; LCCOMB_X67_Y39_N30 ; 8       ; Clock enable             ; no     ; --                   ; --               ; --                        ;
; pl_cpu:cpu|pl_datapath:datapath|pl_dmem:dmem|ram[212][16]~678                   ; LCCOMB_X42_Y53_N28 ; 8       ; Clock enable             ; no     ; --                   ; --               ; --                        ;
; pl_cpu:cpu|pl_datapath:datapath|pl_dmem:dmem|ram[212][24]~51                    ; LCCOMB_X61_Y52_N8  ; 8       ; Clock enable             ; no     ; --                   ; --               ; --                        ;
; pl_cpu:cpu|pl_datapath:datapath|pl_dmem:dmem|ram[212][8]~382                    ; LCCOMB_X49_Y44_N30 ; 8       ; Clock enable             ; no     ; --                   ; --               ; --                        ;
; pl_cpu:cpu|pl_datapath:datapath|pl_dmem:dmem|ram[213][0]~873                    ; LCCOMB_X68_Y35_N10 ; 8       ; Clock enable             ; no     ; --                   ; --               ; --                        ;
; pl_cpu:cpu|pl_datapath:datapath|pl_dmem:dmem|ram[213][16]~686                   ; LCCOMB_X40_Y57_N4  ; 8       ; Clock enable             ; no     ; --                   ; --               ; --                        ;
; pl_cpu:cpu|pl_datapath:datapath|pl_dmem:dmem|ram[213][24]~15                    ; LCCOMB_X69_Y58_N24 ; 8       ; Clock enable             ; no     ; --                   ; --               ; --                        ;
; pl_cpu:cpu|pl_datapath:datapath|pl_dmem:dmem|ram[213][8]~380                    ; LCCOMB_X49_Y42_N0  ; 8       ; Clock enable             ; no     ; --                   ; --               ; --                        ;
; pl_cpu:cpu|pl_datapath:datapath|pl_dmem:dmem|ram[214][0]~1074                   ; LCCOMB_X68_Y42_N8  ; 8       ; Clock enable             ; no     ; --                   ; --               ; --                        ;
; pl_cpu:cpu|pl_datapath:datapath|pl_dmem:dmem|ram[214][16]~808                   ; LCCOMB_X45_Y54_N14 ; 8       ; Clock enable             ; no     ; --                   ; --               ; --                        ;
; pl_cpu:cpu|pl_datapath:datapath|pl_dmem:dmem|ram[214][24]~32                    ; LCCOMB_X74_Y53_N20 ; 8       ; Clock enable             ; no     ; --                   ; --               ; --                        ;
; pl_cpu:cpu|pl_datapath:datapath|pl_dmem:dmem|ram[214][8]~414                    ; LCCOMB_X47_Y42_N26 ; 8       ; Clock enable             ; no     ; --                   ; --               ; --                        ;
; pl_cpu:cpu|pl_datapath:datapath|pl_dmem:dmem|ram[215][0]~1072                   ; LCCOMB_X65_Y45_N14 ; 8       ; Clock enable             ; no     ; --                   ; --               ; --                        ;
; pl_cpu:cpu|pl_datapath:datapath|pl_dmem:dmem|ram[215][16]~801                   ; LCCOMB_X49_Y49_N14 ; 8       ; Clock enable             ; no     ; --                   ; --               ; --                        ;
; pl_cpu:cpu|pl_datapath:datapath|pl_dmem:dmem|ram[215][24]~69                    ; LCCOMB_X50_Y53_N4  ; 8       ; Clock enable             ; no     ; --                   ; --               ; --                        ;
; pl_cpu:cpu|pl_datapath:datapath|pl_dmem:dmem|ram[215][8]~412                    ; LCCOMB_X38_Y47_N26 ; 8       ; Clock enable             ; no     ; --                   ; --               ; --                        ;
; pl_cpu:cpu|pl_datapath:datapath|pl_dmem:dmem|ram[216][0]~854                    ; LCCOMB_X81_Y44_N4  ; 8       ; Clock enable             ; no     ; --                   ; --               ; --                        ;
; pl_cpu:cpu|pl_datapath:datapath|pl_dmem:dmem|ram[216][16]~680                   ; LCCOMB_X49_Y58_N14 ; 8       ; Clock enable             ; no     ; --                   ; --               ; --                        ;
; pl_cpu:cpu|pl_datapath:datapath|pl_dmem:dmem|ram[216][24]~214                   ; LCCOMB_X60_Y53_N14 ; 8       ; Clock enable             ; no     ; --                   ; --               ; --                        ;
; pl_cpu:cpu|pl_datapath:datapath|pl_dmem:dmem|ram[216][8]~517                    ; LCCOMB_X53_Y39_N30 ; 8       ; Clock enable             ; no     ; --                   ; --               ; --                        ;
; pl_cpu:cpu|pl_datapath:datapath|pl_dmem:dmem|ram[217][0]~852                    ; LCCOMB_X82_Y37_N14 ; 8       ; Clock enable             ; no     ; --                   ; --               ; --                        ;
; pl_cpu:cpu|pl_datapath:datapath|pl_dmem:dmem|ram[217][16]~672                   ; LCCOMB_X54_Y58_N24 ; 8       ; Clock enable             ; no     ; --                   ; --               ; --                        ;
; pl_cpu:cpu|pl_datapath:datapath|pl_dmem:dmem|ram[217][24]~222                   ; LCCOMB_X65_Y55_N30 ; 8       ; Clock enable             ; no     ; --                   ; --               ; --                        ;
; pl_cpu:cpu|pl_datapath:datapath|pl_dmem:dmem|ram[217][8]~480                    ; LCCOMB_X50_Y38_N6  ; 8       ; Clock enable             ; no     ; --                   ; --               ; --                        ;
; pl_cpu:cpu|pl_datapath:datapath|pl_dmem:dmem|ram[218][0]~1051                   ; LCCOMB_X79_Y49_N16 ; 8       ; Clock enable             ; no     ; --                   ; --               ; --                        ;
; pl_cpu:cpu|pl_datapath:datapath|pl_dmem:dmem|ram[218][16]~809                   ; LCCOMB_X46_Y55_N30 ; 8       ; Clock enable             ; no     ; --                   ; --               ; --                        ;
; pl_cpu:cpu|pl_datapath:datapath|pl_dmem:dmem|ram[218][24]~212                   ; LCCOMB_X58_Y52_N22 ; 8       ; Clock enable             ; no     ; --                   ; --               ; --                        ;
; pl_cpu:cpu|pl_datapath:datapath|pl_dmem:dmem|ram[218][8]~519                    ; LCCOMB_X46_Y40_N22 ; 8       ; Clock enable             ; no     ; --                   ; --               ; --                        ;
; pl_cpu:cpu|pl_datapath:datapath|pl_dmem:dmem|ram[219][0]~1047                   ; LCCOMB_X82_Y37_N0  ; 8       ; Clock enable             ; no     ; --                   ; --               ; --                        ;
; pl_cpu:cpu|pl_datapath:datapath|pl_dmem:dmem|ram[219][16]~800                   ; LCCOMB_X45_Y49_N24 ; 8       ; Clock enable             ; no     ; --                   ; --               ; --                        ;
; pl_cpu:cpu|pl_datapath:datapath|pl_dmem:dmem|ram[219][24]~220                   ; LCCOMB_X63_Y55_N14 ; 8       ; Clock enable             ; no     ; --                   ; --               ; --                        ;
; pl_cpu:cpu|pl_datapath:datapath|pl_dmem:dmem|ram[219][8]~492                    ; LCCOMB_X40_Y34_N30 ; 8       ; Clock enable             ; no     ; --                   ; --               ; --                        ;
; pl_cpu:cpu|pl_datapath:datapath|pl_dmem:dmem|ram[21][0]~964                     ; LCCOMB_X62_Y41_N6  ; 8       ; Clock enable             ; no     ; --                   ; --               ; --                        ;
; pl_cpu:cpu|pl_datapath:datapath|pl_dmem:dmem|ram[21][16]~732                    ; LCCOMB_X39_Y54_N4  ; 8       ; Clock enable             ; no     ; --                   ; --               ; --                        ;
; pl_cpu:cpu|pl_datapath:datapath|pl_dmem:dmem|ram[21][24]~8                      ; LCCOMB_X60_Y57_N28 ; 8       ; Clock enable             ; no     ; --                   ; --               ; --                        ;
; pl_cpu:cpu|pl_datapath:datapath|pl_dmem:dmem|ram[21][8]~385                     ; LCCOMB_X56_Y46_N2  ; 8       ; Clock enable             ; no     ; --                   ; --               ; --                        ;
; pl_cpu:cpu|pl_datapath:datapath|pl_dmem:dmem|ram[220][0]~886                    ; LCCOMB_X62_Y43_N10 ; 8       ; Clock enable             ; no     ; --                   ; --               ; --                        ;
; pl_cpu:cpu|pl_datapath:datapath|pl_dmem:dmem|ram[220][16]~676                   ; LCCOMB_X43_Y54_N30 ; 8       ; Clock enable             ; no     ; --                   ; --               ; --                        ;
; pl_cpu:cpu|pl_datapath:datapath|pl_dmem:dmem|ram[220][24]~213                   ; LCCOMB_X62_Y51_N30 ; 8       ; Clock enable             ; no     ; --                   ; --               ; --                        ;
; pl_cpu:cpu|pl_datapath:datapath|pl_dmem:dmem|ram[220][8]~525                    ; LCCOMB_X47_Y35_N30 ; 8       ; Clock enable             ; no     ; --                   ; --               ; --                        ;
; pl_cpu:cpu|pl_datapath:datapath|pl_dmem:dmem|ram[221][0]~884                    ; LCCOMB_X63_Y39_N12 ; 8       ; Clock enable             ; no     ; --                   ; --               ; --                        ;
; pl_cpu:cpu|pl_datapath:datapath|pl_dmem:dmem|ram[221][16]~685                   ; LCCOMB_X50_Y46_N30 ; 8       ; Clock enable             ; no     ; --                   ; --               ; --                        ;
; pl_cpu:cpu|pl_datapath:datapath|pl_dmem:dmem|ram[221][24]~221                   ; LCCOMB_X57_Y58_N30 ; 8       ; Clock enable             ; no     ; --                   ; --               ; --                        ;
; pl_cpu:cpu|pl_datapath:datapath|pl_dmem:dmem|ram[221][8]~483                    ; LCCOMB_X46_Y40_N8  ; 8       ; Clock enable             ; no     ; --                   ; --               ; --                        ;
; pl_cpu:cpu|pl_datapath:datapath|pl_dmem:dmem|ram[222][0]~1086                   ; LCCOMB_X77_Y47_N14 ; 8       ; Clock enable             ; no     ; --                   ; --               ; --                        ;
; pl_cpu:cpu|pl_datapath:datapath|pl_dmem:dmem|ram[222][16]~811                   ; LCCOMB_X52_Y49_N22 ; 8       ; Clock enable             ; no     ; --                   ; --               ; --                        ;
; pl_cpu:cpu|pl_datapath:datapath|pl_dmem:dmem|ram[222][24]~215                   ; LCCOMB_X56_Y49_N20 ; 8       ; Clock enable             ; no     ; --                   ; --               ; --                        ;
; pl_cpu:cpu|pl_datapath:datapath|pl_dmem:dmem|ram[222][8]~527                    ; LCCOMB_X45_Y38_N30 ; 8       ; Clock enable             ; no     ; --                   ; --               ; --                        ;
; pl_cpu:cpu|pl_datapath:datapath|pl_dmem:dmem|ram[223][0]~1085                   ; LCCOMB_X74_Y41_N14 ; 8       ; Clock enable             ; no     ; --                   ; --               ; --                        ;
; pl_cpu:cpu|pl_datapath:datapath|pl_dmem:dmem|ram[223][16]~803                   ; LCCOMB_X54_Y53_N14 ; 8       ; Clock enable             ; no     ; --                   ; --               ; --                        ;
; pl_cpu:cpu|pl_datapath:datapath|pl_dmem:dmem|ram[223][24]~223                   ; LCCOMB_X62_Y50_N8  ; 8       ; Clock enable             ; no     ; --                   ; --               ; --                        ;
; pl_cpu:cpu|pl_datapath:datapath|pl_dmem:dmem|ram[223][8]~495                    ; LCCOMB_X41_Y38_N22 ; 8       ; Clock enable             ; no     ; --                   ; --               ; --                        ;
; pl_cpu:cpu|pl_datapath:datapath|pl_dmem:dmem|ram[224][0]~848                    ; LCCOMB_X77_Y44_N28 ; 8       ; Clock enable             ; no     ; --                   ; --               ; --                        ;
; pl_cpu:cpu|pl_datapath:datapath|pl_dmem:dmem|ram[224][16]~629                   ; LCCOMB_X43_Y51_N24 ; 8       ; Clock enable             ; no     ; --                   ; --               ; --                        ;
; pl_cpu:cpu|pl_datapath:datapath|pl_dmem:dmem|ram[224][24]~160                   ; LCCOMB_X69_Y59_N14 ; 8       ; Clock enable             ; no     ; --                   ; --               ; --                        ;
; pl_cpu:cpu|pl_datapath:datapath|pl_dmem:dmem|ram[224][8]~432                    ; LCCOMB_X52_Y39_N0  ; 8       ; Clock enable             ; no     ; --                   ; --               ; --                        ;
; pl_cpu:cpu|pl_datapath:datapath|pl_dmem:dmem|ram[225][0]~851                    ; LCCOMB_X76_Y43_N14 ; 8       ; Clock enable             ; no     ; --                   ; --               ; --                        ;
; pl_cpu:cpu|pl_datapath:datapath|pl_dmem:dmem|ram[225][16]~633                   ; LCCOMB_X39_Y48_N16 ; 8       ; Clock enable             ; no     ; --                   ; --               ; --                        ;
; pl_cpu:cpu|pl_datapath:datapath|pl_dmem:dmem|ram[225][24]~172                   ; LCCOMB_X66_Y58_N2  ; 8       ; Clock enable             ; no     ; --                   ; --               ; --                        ;
; pl_cpu:cpu|pl_datapath:datapath|pl_dmem:dmem|ram[225][8]~464                    ; LCCOMB_X47_Y34_N2  ; 8       ; Clock enable             ; no     ; --                   ; --               ; --                        ;
; pl_cpu:cpu|pl_datapath:datapath|pl_dmem:dmem|ram[226][0]~1042                   ; LCCOMB_X72_Y44_N8  ; 8       ; Clock enable             ; no     ; --                   ; --               ; --                        ;
; pl_cpu:cpu|pl_datapath:datapath|pl_dmem:dmem|ram[226][16]~754                   ; LCCOMB_X45_Y51_N14 ; 8       ; Clock enable             ; no     ; --                   ; --               ; --                        ;
; pl_cpu:cpu|pl_datapath:datapath|pl_dmem:dmem|ram[226][24]~203                   ; LCCOMB_X70_Y50_N30 ; 8       ; Clock enable             ; no     ; --                   ; --               ; --                        ;
; pl_cpu:cpu|pl_datapath:datapath|pl_dmem:dmem|ram[226][8]~444                    ; LCCOMB_X49_Y42_N2  ; 8       ; Clock enable             ; no     ; --                   ; --               ; --                        ;
; pl_cpu:cpu|pl_datapath:datapath|pl_dmem:dmem|ram[227][0]~1054                   ; LCCOMB_X74_Y42_N12 ; 8       ; Clock enable             ; no     ; --                   ; --               ; --                        ;
; pl_cpu:cpu|pl_datapath:datapath|pl_dmem:dmem|ram[227][16]~753                   ; LCCOMB_X41_Y51_N2  ; 8       ; Clock enable             ; no     ; --                   ; --               ; --                        ;
; pl_cpu:cpu|pl_datapath:datapath|pl_dmem:dmem|ram[227][24]~195                   ; LCCOMB_X68_Y49_N16 ; 8       ; Clock enable             ; no     ; --                   ; --               ; --                        ;
; pl_cpu:cpu|pl_datapath:datapath|pl_dmem:dmem|ram[227][8]~476                    ; LCCOMB_X41_Y39_N14 ; 8       ; Clock enable             ; no     ; --                   ; --               ; --                        ;
; pl_cpu:cpu|pl_datapath:datapath|pl_dmem:dmem|ram[228][0]~880                    ; LCCOMB_X60_Y40_N22 ; 8       ; Clock enable             ; no     ; --                   ; --               ; --                        ;
; pl_cpu:cpu|pl_datapath:datapath|pl_dmem:dmem|ram[228][16]~623                   ; LCCOMB_X41_Y51_N0  ; 8       ; Clock enable             ; no     ; --                   ; --               ; --                        ;
; pl_cpu:cpu|pl_datapath:datapath|pl_dmem:dmem|ram[228][24]~163                   ; LCCOMB_X63_Y62_N10 ; 8       ; Clock enable             ; no     ; --                   ; --               ; --                        ;
; pl_cpu:cpu|pl_datapath:datapath|pl_dmem:dmem|ram[228][8]~435                    ; LCCOMB_X49_Y41_N14 ; 8       ; Clock enable             ; no     ; --                   ; --               ; --                        ;
; pl_cpu:cpu|pl_datapath:datapath|pl_dmem:dmem|ram[229][0]~883                    ; LCCOMB_X68_Y36_N28 ; 8       ; Clock enable             ; no     ; --                   ; --               ; --                        ;
; pl_cpu:cpu|pl_datapath:datapath|pl_dmem:dmem|ram[229][16]~627                   ; LCCOMB_X53_Y52_N12 ; 8       ; Clock enable             ; no     ; --                   ; --               ; --                        ;
; pl_cpu:cpu|pl_datapath:datapath|pl_dmem:dmem|ram[229][24]~175                   ; LCCOMB_X76_Y53_N0  ; 8       ; Clock enable             ; no     ; --                   ; --               ; --                        ;
; pl_cpu:cpu|pl_datapath:datapath|pl_dmem:dmem|ram[229][8]~467                    ; LCCOMB_X40_Y37_N6  ; 8       ; Clock enable             ; no     ; --                   ; --               ; --                        ;
; pl_cpu:cpu|pl_datapath:datapath|pl_dmem:dmem|ram[22][0]~898                     ; LCCOMB_X72_Y43_N14 ; 8       ; Clock enable             ; no     ; --                   ; --               ; --                        ;
; pl_cpu:cpu|pl_datapath:datapath|pl_dmem:dmem|ram[22][16]~598                    ; LCCOMB_X39_Y55_N2  ; 8       ; Clock enable             ; no     ; --                   ; --               ; --                        ;
; pl_cpu:cpu|pl_datapath:datapath|pl_dmem:dmem|ram[22][24]~26                     ; LCCOMB_X57_Y53_N26 ; 8       ; Clock enable             ; no     ; --                   ; --               ; --                        ;
; pl_cpu:cpu|pl_datapath:datapath|pl_dmem:dmem|ram[22][8]~348                     ; LCCOMB_X39_Y46_N28 ; 8       ; Clock enable             ; no     ; --                   ; --               ; --                        ;
; pl_cpu:cpu|pl_datapath:datapath|pl_dmem:dmem|ram[230][0]~1081                   ; LCCOMB_X77_Y36_N14 ; 8       ; Clock enable             ; no     ; --                   ; --               ; --                        ;
; pl_cpu:cpu|pl_datapath:datapath|pl_dmem:dmem|ram[230][16]~766                   ; LCCOMB_X48_Y48_N22 ; 8       ; Clock enable             ; no     ; --                   ; --               ; --                        ;
; pl_cpu:cpu|pl_datapath:datapath|pl_dmem:dmem|ram[230][24]~199                   ; LCCOMB_X70_Y50_N28 ; 8       ; Clock enable             ; no     ; --                   ; --               ; --                        ;
; pl_cpu:cpu|pl_datapath:datapath|pl_dmem:dmem|ram[230][8]~447                    ; LCCOMB_X39_Y40_N14 ; 8       ; Clock enable             ; no     ; --                   ; --               ; --                        ;
; pl_cpu:cpu|pl_datapath:datapath|pl_dmem:dmem|ram[231][0]~1083                   ; LCCOMB_X58_Y45_N16 ; 8       ; Clock enable             ; no     ; --                   ; --               ; --                        ;
; pl_cpu:cpu|pl_datapath:datapath|pl_dmem:dmem|ram[231][16]~765                   ; LCCOMB_X50_Y49_N6  ; 8       ; Clock enable             ; no     ; --                   ; --               ; --                        ;
; pl_cpu:cpu|pl_datapath:datapath|pl_dmem:dmem|ram[231][24]~207                   ; LCCOMB_X48_Y45_N24 ; 8       ; Clock enable             ; no     ; --                   ; --               ; --                        ;
; pl_cpu:cpu|pl_datapath:datapath|pl_dmem:dmem|ram[231][8]~479                    ; LCCOMB_X38_Y37_N6  ; 8       ; Clock enable             ; no     ; --                   ; --               ; --                        ;
; pl_cpu:cpu|pl_datapath:datapath|pl_dmem:dmem|ram[232][0]~839                    ; LCCOMB_X81_Y44_N16 ; 8       ; Clock enable             ; no     ; --                   ; --               ; --                        ;
; pl_cpu:cpu|pl_datapath:datapath|pl_dmem:dmem|ram[232][16]~617                   ; LCCOMB_X52_Y53_N4  ; 8       ; Clock enable             ; no     ; --                   ; --               ; --                        ;
; pl_cpu:cpu|pl_datapath:datapath|pl_dmem:dmem|ram[232][24]~136                   ; LCCOMB_X62_Y51_N4  ; 8       ; Clock enable             ; no     ; --                   ; --               ; --                        ;
; pl_cpu:cpu|pl_datapath:datapath|pl_dmem:dmem|ram[232][8]~295                    ; LCCOMB_X48_Y45_N10 ; 8       ; Clock enable             ; no     ; --                   ; --               ; --                        ;
; pl_cpu:cpu|pl_datapath:datapath|pl_dmem:dmem|ram[233][0]~841                    ; LCCOMB_X56_Y45_N4  ; 8       ; Clock enable             ; no     ; --                   ; --               ; --                        ;
; pl_cpu:cpu|pl_datapath:datapath|pl_dmem:dmem|ram[233][16]~621                   ; LCCOMB_X47_Y52_N28 ; 8       ; Clock enable             ; no     ; --                   ; --               ; --                        ;
; pl_cpu:cpu|pl_datapath:datapath|pl_dmem:dmem|ram[233][24]~132                   ; LCCOMB_X56_Y58_N14 ; 8       ; Clock enable             ; no     ; --                   ; --               ; --                        ;
; pl_cpu:cpu|pl_datapath:datapath|pl_dmem:dmem|ram[233][8]~339                    ; LCCOMB_X49_Y40_N30 ; 8       ; Clock enable             ; no     ; --                   ; --               ; --                        ;
; pl_cpu:cpu|pl_datapath:datapath|pl_dmem:dmem|ram[234][0]~1040                   ; LCCOMB_X81_Y44_N24 ; 8       ; Clock enable             ; no     ; --                   ; --               ; --                        ;
; pl_cpu:cpu|pl_datapath:datapath|pl_dmem:dmem|ram[234][16]~752                   ; LCCOMB_X48_Y46_N24 ; 8       ; Clock enable             ; no     ; --                   ; --               ; --                        ;
; pl_cpu:cpu|pl_datapath:datapath|pl_dmem:dmem|ram[234][24]~128                   ; LCCOMB_X66_Y51_N0  ; 8       ; Clock enable             ; no     ; --                   ; --               ; --                        ;
; pl_cpu:cpu|pl_datapath:datapath|pl_dmem:dmem|ram[234][8]~309                    ; LCCOMB_X41_Y43_N4  ; 8       ; Clock enable             ; no     ; --                   ; --               ; --                        ;
; pl_cpu:cpu|pl_datapath:datapath|pl_dmem:dmem|ram[235][0]~1052                   ; LCCOMB_X73_Y46_N14 ; 8       ; Clock enable             ; no     ; --                   ; --               ; --                        ;
; pl_cpu:cpu|pl_datapath:datapath|pl_dmem:dmem|ram[235][16]~755                   ; LCCOMB_X46_Y48_N22 ; 8       ; Clock enable             ; no     ; --                   ; --               ; --                        ;
; pl_cpu:cpu|pl_datapath:datapath|pl_dmem:dmem|ram[235][24]~140                   ; LCCOMB_X57_Y49_N22 ; 8       ; Clock enable             ; no     ; --                   ; --               ; --                        ;
; pl_cpu:cpu|pl_datapath:datapath|pl_dmem:dmem|ram[235][8]~335                    ; LCCOMB_X47_Y41_N8  ; 8       ; Clock enable             ; no     ; --                   ; --               ; --                        ;
; pl_cpu:cpu|pl_datapath:datapath|pl_dmem:dmem|ram[236][0]~877                    ; LCCOMB_X76_Y37_N14 ; 8       ; Clock enable             ; no     ; --                   ; --               ; --                        ;
; pl_cpu:cpu|pl_datapath:datapath|pl_dmem:dmem|ram[236][16]~635                   ; LCCOMB_X33_Y54_N16 ; 8       ; Clock enable             ; no     ; --                   ; --               ; --                        ;
; pl_cpu:cpu|pl_datapath:datapath|pl_dmem:dmem|ram[236][24]~139                   ; LCCOMB_X63_Y54_N26 ; 8       ; Clock enable             ; no     ; --                   ; --               ; --                        ;
; pl_cpu:cpu|pl_datapath:datapath|pl_dmem:dmem|ram[236][8]~297                    ; LCCOMB_X47_Y40_N30 ; 8       ; Clock enable             ; no     ; --                   ; --               ; --                        ;
; pl_cpu:cpu|pl_datapath:datapath|pl_dmem:dmem|ram[237][0]~879                    ; LCCOMB_X70_Y37_N16 ; 8       ; Clock enable             ; no     ; --                   ; --               ; --                        ;
; pl_cpu:cpu|pl_datapath:datapath|pl_dmem:dmem|ram[237][16]~639                   ; LCCOMB_X43_Y59_N0  ; 8       ; Clock enable             ; no     ; --                   ; --               ; --                        ;
; pl_cpu:cpu|pl_datapath:datapath|pl_dmem:dmem|ram[237][24]~135                   ; LCCOMB_X66_Y52_N26 ; 8       ; Clock enable             ; no     ; --                   ; --               ; --                        ;
; pl_cpu:cpu|pl_datapath:datapath|pl_dmem:dmem|ram[237][8]~331                    ; LCCOMB_X46_Y40_N24 ; 8       ; Clock enable             ; no     ; --                   ; --               ; --                        ;
; pl_cpu:cpu|pl_datapath:datapath|pl_dmem:dmem|ram[238][0]~1076                   ; LCCOMB_X86_Y39_N12 ; 8       ; Clock enable             ; no     ; --                   ; --               ; --                        ;
; pl_cpu:cpu|pl_datapath:datapath|pl_dmem:dmem|ram[238][16]~764                   ; LCCOMB_X52_Y49_N4  ; 8       ; Clock enable             ; no     ; --                   ; --               ; --                        ;
; pl_cpu:cpu|pl_datapath:datapath|pl_dmem:dmem|ram[238][24]~131                   ; LCCOMB_X63_Y54_N16 ; 8       ; Clock enable             ; no     ; --                   ; --               ; --                        ;
; pl_cpu:cpu|pl_datapath:datapath|pl_dmem:dmem|ram[238][8]~311                    ; LCCOMB_X38_Y42_N14 ; 8       ; Clock enable             ; no     ; --                   ; --               ; --                        ;
; pl_cpu:cpu|pl_datapath:datapath|pl_dmem:dmem|ram[239][0]~1079                   ; LCCOMB_X63_Y45_N4  ; 8       ; Clock enable             ; no     ; --                   ; --               ; --                        ;
; pl_cpu:cpu|pl_datapath:datapath|pl_dmem:dmem|ram[239][16]~767                   ; LCCOMB_X34_Y49_N26 ; 8       ; Clock enable             ; no     ; --                   ; --               ; --                        ;
; pl_cpu:cpu|pl_datapath:datapath|pl_dmem:dmem|ram[239][24]~143                   ; LCCOMB_X65_Y52_N30 ; 8       ; Clock enable             ; no     ; --                   ; --               ; --                        ;
; pl_cpu:cpu|pl_datapath:datapath|pl_dmem:dmem|ram[239][8]~343                    ; LCCOMB_X48_Y40_N14 ; 8       ; Clock enable             ; no     ; --                   ; --               ; --                        ;
; pl_cpu:cpu|pl_datapath:datapath|pl_dmem:dmem|ram[23][0]~895                     ; LCCOMB_X62_Y42_N28 ; 8       ; Clock enable             ; no     ; --                   ; --               ; --                        ;
; pl_cpu:cpu|pl_datapath:datapath|pl_dmem:dmem|ram[23][16]~596                    ; LCCOMB_X50_Y49_N8  ; 8       ; Clock enable             ; no     ; --                   ; --               ; --                        ;
; pl_cpu:cpu|pl_datapath:datapath|pl_dmem:dmem|ram[23][24]~62                     ; LCCOMB_X48_Y45_N26 ; 8       ; Clock enable             ; no     ; --                   ; --               ; --                        ;
; pl_cpu:cpu|pl_datapath:datapath|pl_dmem:dmem|ram[23][8]~347                     ; LCCOMB_X28_Y39_N26 ; 8       ; Clock enable             ; no     ; --                   ; --               ; --                        ;
; pl_cpu:cpu|pl_datapath:datapath|pl_dmem:dmem|ram[240][0]~843                    ; LCCOMB_X72_Y44_N10 ; 8       ; Clock enable             ; no     ; --                   ; --               ; --                        ;
; pl_cpu:cpu|pl_datapath:datapath|pl_dmem:dmem|ram[240][16]~681                   ; LCCOMB_X32_Y48_N8  ; 8       ; Clock enable             ; no     ; --                   ; --               ; --                        ;
; pl_cpu:cpu|pl_datapath:datapath|pl_dmem:dmem|ram[240][24]~40                    ; LCCOMB_X53_Y52_N6  ; 8       ; Clock enable             ; no     ; --                   ; --               ; --                        ;
; pl_cpu:cpu|pl_datapath:datapath|pl_dmem:dmem|ram[240][8]~371                    ; LCCOMB_X30_Y46_N8  ; 8       ; Clock enable             ; no     ; --                   ; --               ; --                        ;
; pl_cpu:cpu|pl_datapath:datapath|pl_dmem:dmem|ram[241][0]~847                    ; LCCOMB_X73_Y42_N0  ; 8       ; Clock enable             ; no     ; --                   ; --               ; --                        ;
; pl_cpu:cpu|pl_datapath:datapath|pl_dmem:dmem|ram[241][16]~673                   ; LCCOMB_X41_Y52_N8  ; 8       ; Clock enable             ; no     ; --                   ; --               ; --                        ;
; pl_cpu:cpu|pl_datapath:datapath|pl_dmem:dmem|ram[241][24]~4                     ; LCCOMB_X59_Y54_N16 ; 8       ; Clock enable             ; no     ; --                   ; --               ; --                        ;
; pl_cpu:cpu|pl_datapath:datapath|pl_dmem:dmem|ram[241][8]~375                    ; LCCOMB_X47_Y34_N12 ; 8       ; Clock enable             ; no     ; --                   ; --               ; --                        ;
; pl_cpu:cpu|pl_datapath:datapath|pl_dmem:dmem|ram[242][0]~1041                   ; LCCOMB_X72_Y44_N14 ; 8       ; Clock enable             ; no     ; --                   ; --               ; --                        ;
; pl_cpu:cpu|pl_datapath:datapath|pl_dmem:dmem|ram[242][16]~806                   ; LCCOMB_X45_Y51_N12 ; 8       ; Clock enable             ; no     ; --                   ; --               ; --                        ;
; pl_cpu:cpu|pl_datapath:datapath|pl_dmem:dmem|ram[242][24]~22                    ; LCCOMB_X66_Y54_N16 ; 8       ; Clock enable             ; no     ; --                   ; --               ; --                        ;
; pl_cpu:cpu|pl_datapath:datapath|pl_dmem:dmem|ram[242][8]~405                    ; LCCOMB_X48_Y40_N10 ; 8       ; Clock enable             ; no     ; --                   ; --               ; --                        ;
; pl_cpu:cpu|pl_datapath:datapath|pl_dmem:dmem|ram[243][0]~1053                   ; LCCOMB_X69_Y45_N0  ; 8       ; Clock enable             ; no     ; --                   ; --               ; --                        ;
; pl_cpu:cpu|pl_datapath:datapath|pl_dmem:dmem|ram[243][16]~814                   ; LCCOMB_X50_Y52_N14 ; 8       ; Clock enable             ; no     ; --                   ; --               ; --                        ;
; pl_cpu:cpu|pl_datapath:datapath|pl_dmem:dmem|ram[243][24]~58                    ; LCCOMB_X66_Y49_N4  ; 8       ; Clock enable             ; no     ; --                   ; --               ; --                        ;
; pl_cpu:cpu|pl_datapath:datapath|pl_dmem:dmem|ram[243][8]~407                    ; LCCOMB_X45_Y35_N4  ; 8       ; Clock enable             ; no     ; --                   ; --               ; --                        ;
; pl_cpu:cpu|pl_datapath:datapath|pl_dmem:dmem|ram[244][0]~872                    ; LCCOMB_X61_Y43_N16 ; 8       ; Clock enable             ; no     ; --                   ; --               ; --                        ;
; pl_cpu:cpu|pl_datapath:datapath|pl_dmem:dmem|ram[244][16]~677                   ; LCCOMB_X40_Y58_N28 ; 8       ; Clock enable             ; no     ; --                   ; --               ; --                        ;
; pl_cpu:cpu|pl_datapath:datapath|pl_dmem:dmem|ram[244][24]~53                    ; LCCOMB_X62_Y58_N26 ; 8       ; Clock enable             ; no     ; --                   ; --               ; --                        ;
; pl_cpu:cpu|pl_datapath:datapath|pl_dmem:dmem|ram[244][8]~381                    ; LCCOMB_X49_Y44_N4  ; 8       ; Clock enable             ; no     ; --                   ; --               ; --                        ;
; pl_cpu:cpu|pl_datapath:datapath|pl_dmem:dmem|ram[245][0]~875                    ; LCCOMB_X68_Y39_N16 ; 8       ; Clock enable             ; no     ; --                   ; --               ; --                        ;
; pl_cpu:cpu|pl_datapath:datapath|pl_dmem:dmem|ram[245][16]~684                   ; LCCOMB_X53_Y52_N24 ; 8       ; Clock enable             ; no     ; --                   ; --               ; --                        ;
; pl_cpu:cpu|pl_datapath:datapath|pl_dmem:dmem|ram[245][24]~17                    ; LCCOMB_X67_Y59_N8  ; 8       ; Clock enable             ; no     ; --                   ; --               ; --                        ;
; pl_cpu:cpu|pl_datapath:datapath|pl_dmem:dmem|ram[245][8]~383                    ; LCCOMB_X49_Y37_N12 ; 8       ; Clock enable             ; no     ; --                   ; --               ; --                        ;
; pl_cpu:cpu|pl_datapath:datapath|pl_dmem:dmem|ram[246][0]~1073                   ; LCCOMB_X73_Y42_N22 ; 8       ; Clock enable             ; no     ; --                   ; --               ; --                        ;
; pl_cpu:cpu|pl_datapath:datapath|pl_dmem:dmem|ram[246][16]~804                   ; LCCOMB_X45_Y54_N18 ; 8       ; Clock enable             ; no     ; --                   ; --               ; --                        ;
; pl_cpu:cpu|pl_datapath:datapath|pl_dmem:dmem|ram[246][24]~35                    ; LCCOMB_X74_Y53_N8  ; 8       ; Clock enable             ; no     ; --                   ; --               ; --                        ;
; pl_cpu:cpu|pl_datapath:datapath|pl_dmem:dmem|ram[246][8]~413                    ; LCCOMB_X47_Y42_N16 ; 8       ; Clock enable             ; no     ; --                   ; --               ; --                        ;
; pl_cpu:cpu|pl_datapath:datapath|pl_dmem:dmem|ram[247][0]~1075                   ; LCCOMB_X67_Y43_N20 ; 8       ; Clock enable             ; no     ; --                   ; --               ; --                        ;
; pl_cpu:cpu|pl_datapath:datapath|pl_dmem:dmem|ram[247][16]~813                   ; LCCOMB_X50_Y49_N12 ; 8       ; Clock enable             ; no     ; --                   ; --               ; --                        ;
; pl_cpu:cpu|pl_datapath:datapath|pl_dmem:dmem|ram[247][24]~71                    ; LCCOMB_X56_Y47_N2  ; 8       ; Clock enable             ; no     ; --                   ; --               ; --                        ;
; pl_cpu:cpu|pl_datapath:datapath|pl_dmem:dmem|ram[247][8]~415                    ; LCCOMB_X42_Y41_N20 ; 8       ; Clock enable             ; no     ; --                   ; --               ; --                        ;
; pl_cpu:cpu|pl_datapath:datapath|pl_dmem:dmem|ram[248][0]~853                    ; LCCOMB_X81_Y44_N2  ; 8       ; Clock enable             ; no     ; --                   ; --               ; --                        ;
; pl_cpu:cpu|pl_datapath:datapath|pl_dmem:dmem|ram[248][16]~683                   ; LCCOMB_X48_Y58_N22 ; 8       ; Clock enable             ; no     ; --                   ; --               ; --                        ;
; pl_cpu:cpu|pl_datapath:datapath|pl_dmem:dmem|ram[248][24]~262                   ; LCCOMB_X62_Y51_N28 ; 8       ; Clock enable             ; no     ; --                   ; --               ; --                        ;
; pl_cpu:cpu|pl_datapath:datapath|pl_dmem:dmem|ram[248][8]~501                    ; LCCOMB_X45_Y41_N14 ; 8       ; Clock enable             ; no     ; --                   ; --               ; --                        ;
; pl_cpu:cpu|pl_datapath:datapath|pl_dmem:dmem|ram[249][0]~855                    ; LCCOMB_X68_Y35_N2  ; 8       ; Clock enable             ; no     ; --                   ; --               ; --                        ;
; pl_cpu:cpu|pl_datapath:datapath|pl_dmem:dmem|ram[249][16]~675                   ; LCCOMB_X56_Y47_N8  ; 8       ; Clock enable             ; no     ; --                   ; --               ; --                        ;
; pl_cpu:cpu|pl_datapath:datapath|pl_dmem:dmem|ram[249][24]~270                   ; LCCOMB_X66_Y49_N14 ; 8       ; Clock enable             ; no     ; --                   ; --               ; --                        ;
; pl_cpu:cpu|pl_datapath:datapath|pl_dmem:dmem|ram[249][8]~532                    ; LCCOMB_X42_Y37_N14 ; 8       ; Clock enable             ; no     ; --                   ; --               ; --                        ;
; pl_cpu:cpu|pl_datapath:datapath|pl_dmem:dmem|ram[24][0]~1006                    ; LCCOMB_X81_Y44_N22 ; 8       ; Clock enable             ; no     ; --                   ; --               ; --                        ;
; pl_cpu:cpu|pl_datapath:datapath|pl_dmem:dmem|ram[24][16]~710                    ; LCCOMB_X48_Y58_N10 ; 8       ; Clock enable             ; no     ; --                   ; --               ; --                        ;
; pl_cpu:cpu|pl_datapath:datapath|pl_dmem:dmem|ram[24][24]~250                    ; LCCOMB_X63_Y58_N22 ; 8       ; Clock enable             ; no     ; --                   ; --               ; --                        ;
; pl_cpu:cpu|pl_datapath:datapath|pl_dmem:dmem|ram[24][8]~522                     ; LCCOMB_X48_Y39_N4  ; 8       ; Clock enable             ; no     ; --                   ; --               ; --                        ;
; pl_cpu:cpu|pl_datapath:datapath|pl_dmem:dmem|ram[250][0]~1043                   ; LCCOMB_X81_Y44_N26 ; 8       ; Clock enable             ; no     ; --                   ; --               ; --                        ;
; pl_cpu:cpu|pl_datapath:datapath|pl_dmem:dmem|ram[250][16]~805                   ; LCCOMB_X53_Y46_N4  ; 8       ; Clock enable             ; no     ; --                   ; --               ; --                        ;
; pl_cpu:cpu|pl_datapath:datapath|pl_dmem:dmem|ram[250][24]~260                   ; LCCOMB_X61_Y49_N18 ; 8       ; Clock enable             ; no     ; --                   ; --               ; --                        ;
; pl_cpu:cpu|pl_datapath:datapath|pl_dmem:dmem|ram[250][8]~503                    ; LCCOMB_X43_Y41_N14 ; 8       ; Clock enable             ; no     ; --                   ; --               ; --                        ;
; pl_cpu:cpu|pl_datapath:datapath|pl_dmem:dmem|ram[251][0]~1055                   ; LCCOMB_X76_Y47_N4  ; 8       ; Clock enable             ; no     ; --                   ; --               ; --                        ;
; pl_cpu:cpu|pl_datapath:datapath|pl_dmem:dmem|ram[251][16]~812                   ; LCCOMB_X57_Y44_N24 ; 8       ; Clock enable             ; no     ; --                   ; --               ; --                        ;
; pl_cpu:cpu|pl_datapath:datapath|pl_dmem:dmem|ram[251][24]~268                   ; LCCOMB_X57_Y44_N26 ; 8       ; Clock enable             ; no     ; --                   ; --               ; --                        ;
; pl_cpu:cpu|pl_datapath:datapath|pl_dmem:dmem|ram[251][8]~535                    ; LCCOMB_X43_Y36_N22 ; 8       ; Clock enable             ; no     ; --                   ; --               ; --                        ;
; pl_cpu:cpu|pl_datapath:datapath|pl_dmem:dmem|ram[252][0]~885                    ; LCCOMB_X56_Y47_N6  ; 8       ; Clock enable             ; no     ; --                   ; --               ; --                        ;
; pl_cpu:cpu|pl_datapath:datapath|pl_dmem:dmem|ram[252][16]~679                   ; LCCOMB_X33_Y54_N8  ; 8       ; Clock enable             ; no     ; --                   ; --               ; --                        ;
; pl_cpu:cpu|pl_datapath:datapath|pl_dmem:dmem|ram[252][24]~261                   ; LCCOMB_X62_Y51_N18 ; 8       ; Clock enable             ; no     ; --                   ; --               ; --                        ;
; pl_cpu:cpu|pl_datapath:datapath|pl_dmem:dmem|ram[252][8]~509                    ; LCCOMB_X48_Y41_N20 ; 8       ; Clock enable             ; no     ; --                   ; --               ; --                        ;
; pl_cpu:cpu|pl_datapath:datapath|pl_dmem:dmem|ram[253][0]~887                    ; LCCOMB_X70_Y37_N2  ; 8       ; Clock enable             ; no     ; --                   ; --               ; --                        ;
; pl_cpu:cpu|pl_datapath:datapath|pl_dmem:dmem|ram[253][16]~687                   ; LCCOMB_X55_Y46_N2  ; 8       ; Clock enable             ; no     ; --                   ; --               ; --                        ;
; pl_cpu:cpu|pl_datapath:datapath|pl_dmem:dmem|ram[253][24]~269                   ; LCCOMB_X66_Y52_N28 ; 8       ; Clock enable             ; no     ; --                   ; --               ; --                        ;
; pl_cpu:cpu|pl_datapath:datapath|pl_dmem:dmem|ram[253][8]~540                    ; LCCOMB_X49_Y37_N14 ; 8       ; Clock enable             ; no     ; --                   ; --               ; --                        ;
; pl_cpu:cpu|pl_datapath:datapath|pl_dmem:dmem|ram[254][0]~1084                   ; LCCOMB_X69_Y42_N10 ; 8       ; Clock enable             ; no     ; --                   ; --               ; --                        ;
; pl_cpu:cpu|pl_datapath:datapath|pl_dmem:dmem|ram[254][16]~807                   ; LCCOMB_X43_Y52_N10 ; 8       ; Clock enable             ; no     ; --                   ; --               ; --                        ;
; pl_cpu:cpu|pl_datapath:datapath|pl_dmem:dmem|ram[254][24]~263                   ; LCCOMB_X56_Y49_N2  ; 8       ; Clock enable             ; no     ; --                   ; --               ; --                        ;
; pl_cpu:cpu|pl_datapath:datapath|pl_dmem:dmem|ram[254][8]~511                    ; LCCOMB_X48_Y41_N22 ; 8       ; Clock enable             ; no     ; --                   ; --               ; --                        ;
; pl_cpu:cpu|pl_datapath:datapath|pl_dmem:dmem|ram[255][0]~1087                   ; LCCOMB_X69_Y42_N4  ; 8       ; Clock enable             ; no     ; --                   ; --               ; --                        ;
; pl_cpu:cpu|pl_datapath:datapath|pl_dmem:dmem|ram[255][16]~815                   ; LCCOMB_X34_Y49_N20 ; 8       ; Clock enable             ; no     ; --                   ; --               ; --                        ;
; pl_cpu:cpu|pl_datapath:datapath|pl_dmem:dmem|ram[255][24]~271                   ; LCCOMB_X69_Y49_N12 ; 8       ; Clock enable             ; no     ; --                   ; --               ; --                        ;
; pl_cpu:cpu|pl_datapath:datapath|pl_dmem:dmem|ram[255][8]~543                    ; LCCOMB_X48_Y40_N8  ; 8       ; Clock enable             ; no     ; --                   ; --               ; --                        ;
; pl_cpu:cpu|pl_datapath:datapath|pl_dmem:dmem|ram[25][0]~1004                    ; LCCOMB_X70_Y40_N16 ; 8       ; Clock enable             ; no     ; --                   ; --               ; --                        ;
; pl_cpu:cpu|pl_datapath:datapath|pl_dmem:dmem|ram[25][16]~708                    ; LCCOMB_X53_Y44_N28 ; 8       ; Clock enable             ; no     ; --                   ; --               ; --                        ;
; pl_cpu:cpu|pl_datapath:datapath|pl_dmem:dmem|ram[25][24]~249                    ; LCCOMB_X62_Y55_N0  ; 8       ; Clock enable             ; no     ; --                   ; --               ; --                        ;
; pl_cpu:cpu|pl_datapath:datapath|pl_dmem:dmem|ram[25][8]~490                     ; LCCOMB_X42_Y37_N28 ; 8       ; Clock enable             ; no     ; --                   ; --               ; --                        ;
; pl_cpu:cpu|pl_datapath:datapath|pl_dmem:dmem|ram[26][0]~954                     ; LCCOMB_X81_Y44_N12 ; 8       ; Clock enable             ; no     ; --                   ; --               ; --                        ;
; pl_cpu:cpu|pl_datapath:datapath|pl_dmem:dmem|ram[26][16]~576                    ; LCCOMB_X48_Y51_N14 ; 8       ; Clock enable             ; no     ; --                   ; --               ; --                        ;
; pl_cpu:cpu|pl_datapath:datapath|pl_dmem:dmem|ram[26][24]~248                    ; LCCOMB_X60_Y52_N10 ; 8       ; Clock enable             ; no     ; --                   ; --               ; --                        ;
; pl_cpu:cpu|pl_datapath:datapath|pl_dmem:dmem|ram[26][8]~521                     ; LCCOMB_X39_Y39_N28 ; 8       ; Clock enable             ; no     ; --                   ; --               ; --                        ;
; pl_cpu:cpu|pl_datapath:datapath|pl_dmem:dmem|ram[27][0]~950                     ; LCCOMB_X84_Y45_N8  ; 8       ; Clock enable             ; no     ; --                   ; --               ; --                        ;
; pl_cpu:cpu|pl_datapath:datapath|pl_dmem:dmem|ram[27][16]~579                    ; LCCOMB_X48_Y49_N14 ; 8       ; Clock enable             ; no     ; --                   ; --               ; --                        ;
; pl_cpu:cpu|pl_datapath:datapath|pl_dmem:dmem|ram[27][24]~251                    ; LCCOMB_X65_Y54_N30 ; 8       ; Clock enable             ; no     ; --                   ; --               ; --                        ;
; pl_cpu:cpu|pl_datapath:datapath|pl_dmem:dmem|ram[27][8]~486                     ; LCCOMB_X35_Y38_N12 ; 8       ; Clock enable             ; no     ; --                   ; --               ; --                        ;
; pl_cpu:cpu|pl_datapath:datapath|pl_dmem:dmem|ram[28][0]~974                     ; LCCOMB_X62_Y40_N14 ; 8       ; Clock enable             ; no     ; --                   ; --               ; --                        ;
; pl_cpu:cpu|pl_datapath:datapath|pl_dmem:dmem|ram[28][16]~718                    ; LCCOMB_X33_Y54_N12 ; 8       ; Clock enable             ; no     ; --                   ; --               ; --                        ;
; pl_cpu:cpu|pl_datapath:datapath|pl_dmem:dmem|ram[28][24]~242                    ; LCCOMB_X58_Y53_N14 ; 8       ; Clock enable             ; no     ; --                   ; --               ; --                        ;
; pl_cpu:cpu|pl_datapath:datapath|pl_dmem:dmem|ram[28][8]~514                     ; LCCOMB_X31_Y42_N28 ; 8       ; Clock enable             ; no     ; --                   ; --               ; --                        ;
; pl_cpu:cpu|pl_datapath:datapath|pl_dmem:dmem|ram[29][0]~972                     ; LCCOMB_X63_Y41_N6  ; 8       ; Clock enable             ; no     ; --                   ; --               ; --                        ;
; pl_cpu:cpu|pl_datapath:datapath|pl_dmem:dmem|ram[29][16]~717                    ; LCCOMB_X35_Y57_N14 ; 8       ; Clock enable             ; no     ; --                   ; --               ; --                        ;
; pl_cpu:cpu|pl_datapath:datapath|pl_dmem:dmem|ram[29][24]~241                    ; LCCOMB_X59_Y58_N14 ; 8       ; Clock enable             ; no     ; --                   ; --               ; --                        ;
; pl_cpu:cpu|pl_datapath:datapath|pl_dmem:dmem|ram[29][8]~488                     ; LCCOMB_X32_Y41_N14 ; 8       ; Clock enable             ; no     ; --                   ; --               ; --                        ;
; pl_cpu:cpu|pl_datapath:datapath|pl_dmem:dmem|ram[2][0]~938                      ; LCCOMB_X74_Y43_N30 ; 8       ; Clock enable             ; no     ; --                   ; --               ; --                        ;
; pl_cpu:cpu|pl_datapath:datapath|pl_dmem:dmem|ram[2][16]~594                     ; LCCOMB_X38_Y55_N28 ; 8       ; Clock enable             ; no     ; --                   ; --               ; --                        ;
; pl_cpu:cpu|pl_datapath:datapath|pl_dmem:dmem|ram[2][24]~154                     ; LCCOMB_X63_Y49_N22 ; 8       ; Clock enable             ; no     ; --                   ; --               ; --                        ;
; pl_cpu:cpu|pl_datapath:datapath|pl_dmem:dmem|ram[2][8]~454                      ; LCCOMB_X31_Y39_N12 ; 8       ; Clock enable             ; no     ; --                   ; --               ; --                        ;
; pl_cpu:cpu|pl_datapath:datapath|pl_dmem:dmem|ram[30][0]~952                     ; LCCOMB_X75_Y40_N20 ; 8       ; Clock enable             ; no     ; --                   ; --               ; --                        ;
; pl_cpu:cpu|pl_datapath:datapath|pl_dmem:dmem|ram[30][16]~571                    ; LCCOMB_X47_Y61_N20 ; 8       ; Clock enable             ; no     ; --                   ; --               ; --                        ;
; pl_cpu:cpu|pl_datapath:datapath|pl_dmem:dmem|ram[30][24]~240                    ; LCCOMB_X58_Y53_N28 ; 8       ; Clock enable             ; no     ; --                   ; --               ; --                        ;
; pl_cpu:cpu|pl_datapath:datapath|pl_dmem:dmem|ram[30][8]~513                     ; LCCOMB_X39_Y46_N6  ; 8       ; Clock enable             ; no     ; --                   ; --               ; --                        ;
; pl_cpu:cpu|pl_datapath:datapath|pl_dmem:dmem|ram[31][0]~948                     ; LCCOMB_X61_Y44_N2  ; 8       ; Clock enable             ; no     ; --                   ; --               ; --                        ;
; pl_cpu:cpu|pl_datapath:datapath|pl_dmem:dmem|ram[31][16]~575                    ; LCCOMB_X35_Y53_N0  ; 8       ; Clock enable             ; no     ; --                   ; --               ; --                        ;
; pl_cpu:cpu|pl_datapath:datapath|pl_dmem:dmem|ram[31][24]~243                    ; LCCOMB_X60_Y49_N12 ; 8       ; Clock enable             ; no     ; --                   ; --               ; --                        ;
; pl_cpu:cpu|pl_datapath:datapath|pl_dmem:dmem|ram[31][8]~484                     ; LCCOMB_X30_Y42_N4  ; 8       ; Clock enable             ; no     ; --                   ; --               ; --                        ;
; pl_cpu:cpu|pl_datapath:datapath|pl_dmem:dmem|ram[32][0]~1000                    ; LCCOMB_X72_Y44_N20 ; 8       ; Clock enable             ; no     ; --                   ; --               ; --                        ;
; pl_cpu:cpu|pl_datapath:datapath|pl_dmem:dmem|ram[32][16]~729                    ; LCCOMB_X39_Y50_N14 ; 8       ; Clock enable             ; no     ; --                   ; --               ; --                        ;
; pl_cpu:cpu|pl_datapath:datapath|pl_dmem:dmem|ram[32][24]~178                    ; LCCOMB_X62_Y60_N30 ; 8       ; Clock enable             ; no     ; --                   ; --               ; --                        ;
; pl_cpu:cpu|pl_datapath:datapath|pl_dmem:dmem|ram[32][8]~442                     ; LCCOMB_X36_Y43_N6  ; 8       ; Clock enable             ; no     ; --                   ; --               ; --                        ;
; pl_cpu:cpu|pl_datapath:datapath|pl_dmem:dmem|ram[33][0]~1003                    ; LCCOMB_X74_Y42_N16 ; 8       ; Clock enable             ; no     ; --                   ; --               ; --                        ;
; pl_cpu:cpu|pl_datapath:datapath|pl_dmem:dmem|ram[33][16]~731                    ; LCCOMB_X38_Y56_N28 ; 8       ; Clock enable             ; no     ; --                   ; --               ; --                        ;
; pl_cpu:cpu|pl_datapath:datapath|pl_dmem:dmem|ram[33][24]~190                    ; LCCOMB_X66_Y60_N14 ; 8       ; Clock enable             ; no     ; --                   ; --               ; --                        ;
; pl_cpu:cpu|pl_datapath:datapath|pl_dmem:dmem|ram[33][8]~474                     ; LCCOMB_X27_Y35_N0  ; 8       ; Clock enable             ; no     ; --                   ; --               ; --                        ;
; pl_cpu:cpu|pl_datapath:datapath|pl_dmem:dmem|ram[34][0]~930                     ; LCCOMB_X72_Y44_N0  ; 8       ; Clock enable             ; no     ; --                   ; --               ; --                        ;
; pl_cpu:cpu|pl_datapath:datapath|pl_dmem:dmem|ram[34][16]~593                    ; LCCOMB_X40_Y52_N2  ; 8       ; Clock enable             ; no     ; --                   ; --               ; --                        ;
; pl_cpu:cpu|pl_datapath:datapath|pl_dmem:dmem|ram[34][24]~146                    ; LCCOMB_X65_Y51_N22 ; 8       ; Clock enable             ; no     ; --                   ; --               ; --                        ;
; pl_cpu:cpu|pl_datapath:datapath|pl_dmem:dmem|ram[34][8]~438                     ; LCCOMB_X31_Y39_N14 ; 8       ; Clock enable             ; no     ; --                   ; --               ; --                        ;
; pl_cpu:cpu|pl_datapath:datapath|pl_dmem:dmem|ram[35][0]~942                     ; LCCOMB_X77_Y40_N22 ; 8       ; Clock enable             ; no     ; --                   ; --               ; --                        ;
; pl_cpu:cpu|pl_datapath:datapath|pl_dmem:dmem|ram[35][16]~595                    ; LCCOMB_X39_Y52_N14 ; 8       ; Clock enable             ; no     ; --                   ; --               ; --                        ;
; pl_cpu:cpu|pl_datapath:datapath|pl_dmem:dmem|ram[35][24]~158                    ; LCCOMB_X59_Y48_N22 ; 8       ; Clock enable             ; no     ; --                   ; --               ; --                        ;
; pl_cpu:cpu|pl_datapath:datapath|pl_dmem:dmem|ram[35][8]~470                     ; LCCOMB_X28_Y39_N14 ; 8       ; Clock enable             ; no     ; --                   ; --               ; --                        ;
; pl_cpu:cpu|pl_datapath:datapath|pl_dmem:dmem|ram[36][0]~968                     ; LCCOMB_X72_Y40_N22 ; 8       ; Clock enable             ; no     ; --                   ; --               ; --                        ;
; pl_cpu:cpu|pl_datapath:datapath|pl_dmem:dmem|ram[36][16]~721                    ; LCCOMB_X40_Y58_N20 ; 8       ; Clock enable             ; no     ; --                   ; --               ; --                        ;
; pl_cpu:cpu|pl_datapath:datapath|pl_dmem:dmem|ram[36][24]~177                    ; LCCOMB_X62_Y59_N10 ; 8       ; Clock enable             ; no     ; --                   ; --               ; --                        ;
; pl_cpu:cpu|pl_datapath:datapath|pl_dmem:dmem|ram[36][8]~441                     ; LCCOMB_X32_Y43_N20 ; 8       ; Clock enable             ; no     ; --                   ; --               ; --                        ;
; pl_cpu:cpu|pl_datapath:datapath|pl_dmem:dmem|ram[37][0]~971                     ; LCCOMB_X68_Y38_N4  ; 8       ; Clock enable             ; no     ; --                   ; --               ; --                        ;
; pl_cpu:cpu|pl_datapath:datapath|pl_dmem:dmem|ram[37][16]~723                    ; LCCOMB_X38_Y57_N6  ; 8       ; Clock enable             ; no     ; --                   ; --               ; --                        ;
; pl_cpu:cpu|pl_datapath:datapath|pl_dmem:dmem|ram[37][24]~189                    ; LCCOMB_X66_Y60_N12 ; 8       ; Clock enable             ; no     ; --                   ; --               ; --                        ;
; pl_cpu:cpu|pl_datapath:datapath|pl_dmem:dmem|ram[37][8]~472                     ; LCCOMB_X56_Y46_N4  ; 8       ; Clock enable             ; no     ; --                   ; --               ; --                        ;
; pl_cpu:cpu|pl_datapath:datapath|pl_dmem:dmem|ram[38][0]~928                     ; LCCOMB_X75_Y44_N30 ; 8       ; Clock enable             ; no     ; --                   ; --               ; --                        ;
; pl_cpu:cpu|pl_datapath:datapath|pl_dmem:dmem|ram[38][16]~589                    ; LCCOMB_X39_Y55_N22 ; 8       ; Clock enable             ; no     ; --                   ; --               ; --                        ;
; pl_cpu:cpu|pl_datapath:datapath|pl_dmem:dmem|ram[38][24]~145                    ; LCCOMB_X74_Y53_N2  ; 8       ; Clock enable             ; no     ; --                   ; --               ; --                        ;
; pl_cpu:cpu|pl_datapath:datapath|pl_dmem:dmem|ram[38][8]~437                     ; LCCOMB_X28_Y40_N30 ; 8       ; Clock enable             ; no     ; --                   ; --               ; --                        ;
; pl_cpu:cpu|pl_datapath:datapath|pl_dmem:dmem|ram[39][0]~940                     ; LCCOMB_X58_Y45_N26 ; 8       ; Clock enable             ; no     ; --                   ; --               ; --                        ;
; pl_cpu:cpu|pl_datapath:datapath|pl_dmem:dmem|ram[39][16]~591                    ; LCCOMB_X50_Y49_N22 ; 8       ; Clock enable             ; no     ; --                   ; --               ; --                        ;
; pl_cpu:cpu|pl_datapath:datapath|pl_dmem:dmem|ram[39][24]~157                    ; LCCOMB_X68_Y50_N30 ; 8       ; Clock enable             ; no     ; --                   ; --               ; --                        ;
; pl_cpu:cpu|pl_datapath:datapath|pl_dmem:dmem|ram[39][8]~468                     ; LCCOMB_X28_Y39_N12 ; 8       ; Clock enable             ; no     ; --                   ; --               ; --                        ;
; pl_cpu:cpu|pl_datapath:datapath|pl_dmem:dmem|ram[3][0]~934                      ; LCCOMB_X66_Y42_N8  ; 8       ; Clock enable             ; no     ; --                   ; --               ; --                        ;
; pl_cpu:cpu|pl_datapath:datapath|pl_dmem:dmem|ram[3][16]~592                     ; LCCOMB_X41_Y51_N8  ; 8       ; Clock enable             ; no     ; --                   ; --               ; --                        ;
; pl_cpu:cpu|pl_datapath:datapath|pl_dmem:dmem|ram[3][24]~150                     ; LCCOMB_X61_Y45_N2  ; 8       ; Clock enable             ; no     ; --                   ; --               ; --                        ;
; pl_cpu:cpu|pl_datapath:datapath|pl_dmem:dmem|ram[3][8]~422                      ; LCCOMB_X31_Y41_N30 ; 8       ; Clock enable             ; no     ; --                   ; --               ; --                        ;
; pl_cpu:cpu|pl_datapath:datapath|pl_dmem:dmem|ram[40][0]~992                     ; LCCOMB_X82_Y42_N14 ; 8       ; Clock enable             ; no     ; --                   ; --               ; --                        ;
; pl_cpu:cpu|pl_datapath:datapath|pl_dmem:dmem|ram[40][16]~713                    ; LCCOMB_X45_Y55_N30 ; 8       ; Clock enable             ; no     ; --                   ; --               ; --                        ;
; pl_cpu:cpu|pl_datapath:datapath|pl_dmem:dmem|ram[40][24]~106                    ; LCCOMB_X53_Y54_N22 ; 8       ; Clock enable             ; no     ; --                   ; --               ; --                        ;
; pl_cpu:cpu|pl_datapath:datapath|pl_dmem:dmem|ram[40][8]~306                     ; LCCOMB_X39_Y44_N30 ; 8       ; Clock enable             ; no     ; --                   ; --               ; --                        ;
; pl_cpu:cpu|pl_datapath:datapath|pl_dmem:dmem|ram[41][0]~995                     ; LCCOMB_X72_Y40_N28 ; 8       ; Clock enable             ; no     ; --                   ; --               ; --                        ;
; pl_cpu:cpu|pl_datapath:datapath|pl_dmem:dmem|ram[41][16]~715                    ; LCCOMB_X48_Y47_N6  ; 8       ; Clock enable             ; no     ; --                   ; --               ; --                        ;
; pl_cpu:cpu|pl_datapath:datapath|pl_dmem:dmem|ram[41][24]~102                    ; LCCOMB_X67_Y56_N14 ; 8       ; Clock enable             ; no     ; --                   ; --               ; --                        ;
; pl_cpu:cpu|pl_datapath:datapath|pl_dmem:dmem|ram[41][8]~338                     ; LCCOMB_X46_Y38_N6  ; 8       ; Clock enable             ; no     ; --                   ; --               ; --                        ;
; pl_cpu:cpu|pl_datapath:datapath|pl_dmem:dmem|ram[42][0]~918                     ; LCCOMB_X83_Y41_N28 ; 8       ; Clock enable             ; no     ; --                   ; --               ; --                        ;
; pl_cpu:cpu|pl_datapath:datapath|pl_dmem:dmem|ram[42][16]~568                    ; LCCOMB_X48_Y60_N4  ; 8       ; Clock enable             ; no     ; --                   ; --               ; --                        ;
; pl_cpu:cpu|pl_datapath:datapath|pl_dmem:dmem|ram[42][24]~98                     ; LCCOMB_X66_Y47_N20 ; 8       ; Clock enable             ; no     ; --                   ; --               ; --                        ;
; pl_cpu:cpu|pl_datapath:datapath|pl_dmem:dmem|ram[42][8]~302                     ; LCCOMB_X41_Y43_N10 ; 8       ; Clock enable             ; no     ; --                   ; --               ; --                        ;
; pl_cpu:cpu|pl_datapath:datapath|pl_dmem:dmem|ram[43][0]~926                     ; LCCOMB_X84_Y45_N6  ; 8       ; Clock enable             ; no     ; --                   ; --               ; --                        ;
; pl_cpu:cpu|pl_datapath:datapath|pl_dmem:dmem|ram[43][16]~567                    ; LCCOMB_X57_Y44_N12 ; 8       ; Clock enable             ; no     ; --                   ; --               ; --                        ;
; pl_cpu:cpu|pl_datapath:datapath|pl_dmem:dmem|ram[43][24]~110                    ; LCCOMB_X62_Y46_N4  ; 8       ; Clock enable             ; no     ; --                   ; --               ; --                        ;
; pl_cpu:cpu|pl_datapath:datapath|pl_dmem:dmem|ram[43][8]~334                     ; LCCOMB_X39_Y36_N28 ; 8       ; Clock enable             ; no     ; --                   ; --               ; --                        ;
; pl_cpu:cpu|pl_datapath:datapath|pl_dmem:dmem|ram[44][0]~960                     ; LCCOMB_X72_Y35_N12 ; 8       ; Clock enable             ; no     ; --                   ; --               ; --                        ;
; pl_cpu:cpu|pl_datapath:datapath|pl_dmem:dmem|ram[44][16]~704                    ; LCCOMB_X33_Y54_N10 ; 8       ; Clock enable             ; no     ; --                   ; --               ; --                        ;
; pl_cpu:cpu|pl_datapath:datapath|pl_dmem:dmem|ram[44][24]~105                    ; LCCOMB_X58_Y55_N30 ; 8       ; Clock enable             ; no     ; --                   ; --               ; --                        ;
; pl_cpu:cpu|pl_datapath:datapath|pl_dmem:dmem|ram[44][8]~304                     ; LCCOMB_X36_Y44_N14 ; 8       ; Clock enable             ; no     ; --                   ; --               ; --                        ;
; pl_cpu:cpu|pl_datapath:datapath|pl_dmem:dmem|ram[45][0]~963                     ; LCCOMB_X68_Y38_N10 ; 8       ; Clock enable             ; no     ; --                   ; --               ; --                        ;
; pl_cpu:cpu|pl_datapath:datapath|pl_dmem:dmem|ram[45][16]~707                    ; LCCOMB_X31_Y46_N28 ; 8       ; Clock enable             ; no     ; --                   ; --               ; --                        ;
; pl_cpu:cpu|pl_datapath:datapath|pl_dmem:dmem|ram[45][24]~101                    ; LCCOMB_X72_Y59_N20 ; 8       ; Clock enable             ; no     ; --                   ; --               ; --                        ;
; pl_cpu:cpu|pl_datapath:datapath|pl_dmem:dmem|ram[45][8]~330                     ; LCCOMB_X34_Y37_N14 ; 8       ; Clock enable             ; no     ; --                   ; --               ; --                        ;
; pl_cpu:cpu|pl_datapath:datapath|pl_dmem:dmem|ram[46][0]~915                     ; LCCOMB_X69_Y42_N22 ; 8       ; Clock enable             ; no     ; --                   ; --               ; --                        ;
; pl_cpu:cpu|pl_datapath:datapath|pl_dmem:dmem|ram[46][16]~582                    ; LCCOMB_X43_Y50_N30 ; 8       ; Clock enable             ; no     ; --                   ; --               ; --                        ;
; pl_cpu:cpu|pl_datapath:datapath|pl_dmem:dmem|ram[46][24]~97                     ; LCCOMB_X59_Y50_N8  ; 8       ; Clock enable             ; no     ; --                   ; --               ; --                        ;
; pl_cpu:cpu|pl_datapath:datapath|pl_dmem:dmem|ram[46][8]~299                     ; LCCOMB_X48_Y41_N16 ; 8       ; Clock enable             ; no     ; --                   ; --               ; --                        ;
; pl_cpu:cpu|pl_datapath:datapath|pl_dmem:dmem|ram[47][0]~924                     ; LCCOMB_X69_Y42_N0  ; 8       ; Clock enable             ; no     ; --                   ; --               ; --                        ;
; pl_cpu:cpu|pl_datapath:datapath|pl_dmem:dmem|ram[47][16]~580                    ; LCCOMB_X34_Y49_N12 ; 8       ; Clock enable             ; no     ; --                   ; --               ; --                        ;
; pl_cpu:cpu|pl_datapath:datapath|pl_dmem:dmem|ram[47][24]~109                    ; LCCOMB_X63_Y44_N18 ; 8       ; Clock enable             ; no     ; --                   ; --               ; --                        ;
; pl_cpu:cpu|pl_datapath:datapath|pl_dmem:dmem|ram[47][8]~342                     ; LCCOMB_X38_Y44_N26 ; 8       ; Clock enable             ; no     ; --                   ; --               ; --                        ;
; pl_cpu:cpu|pl_datapath:datapath|pl_dmem:dmem|ram[48][0]~997                     ; LCCOMB_X68_Y46_N26 ; 8       ; Clock enable             ; no     ; --                   ; --               ; --                        ;
; pl_cpu:cpu|pl_datapath:datapath|pl_dmem:dmem|ram[48][16]~725                    ; LCCOMB_X38_Y58_N18 ; 8       ; Clock enable             ; no     ; --                   ; --               ; --                        ;
; pl_cpu:cpu|pl_datapath:datapath|pl_dmem:dmem|ram[48][24]~46                     ; LCCOMB_X59_Y54_N22 ; 8       ; Clock enable             ; no     ; --                   ; --               ; --                        ;
; pl_cpu:cpu|pl_datapath:datapath|pl_dmem:dmem|ram[48][8]~392                     ; LCCOMB_X30_Y46_N26 ; 8       ; Clock enable             ; no     ; --                   ; --               ; --                        ;
; pl_cpu:cpu|pl_datapath:datapath|pl_dmem:dmem|ram[49][0]~999                     ; LCCOMB_X68_Y46_N4  ; 8       ; Clock enable             ; no     ; --                   ; --               ; --                        ;
; pl_cpu:cpu|pl_datapath:datapath|pl_dmem:dmem|ram[49][16]~727                    ; LCCOMB_X36_Y56_N30 ; 8       ; Clock enable             ; no     ; --                   ; --               ; --                        ;
; pl_cpu:cpu|pl_datapath:datapath|pl_dmem:dmem|ram[49][24]~10                     ; LCCOMB_X59_Y54_N10 ; 8       ; Clock enable             ; no     ; --                   ; --               ; --                        ;
; pl_cpu:cpu|pl_datapath:datapath|pl_dmem:dmem|ram[49][8]~395                     ; LCCOMB_X46_Y36_N6  ; 8       ; Clock enable             ; no     ; --                   ; --               ; --                        ;
; pl_cpu:cpu|pl_datapath:datapath|pl_dmem:dmem|ram[4][0]~970                      ; LCCOMB_X65_Y36_N4  ; 8       ; Clock enable             ; no     ; --                   ; --               ; --                        ;
; pl_cpu:cpu|pl_datapath:datapath|pl_dmem:dmem|ram[4][16]~722                     ; LCCOMB_X36_Y58_N10 ; 8       ; Clock enable             ; no     ; --                   ; --               ; --                        ;
; pl_cpu:cpu|pl_datapath:datapath|pl_dmem:dmem|ram[4][24]~185                     ; LCCOMB_X63_Y62_N12 ; 8       ; Clock enable             ; no     ; --                   ; --               ; --                        ;
; pl_cpu:cpu|pl_datapath:datapath|pl_dmem:dmem|ram[4][8]~457                      ; LCCOMB_X32_Y36_N22 ; 8       ; Clock enable             ; no     ; --                   ; --               ; --                        ;
; pl_cpu:cpu|pl_datapath:datapath|pl_dmem:dmem|ram[50][0]~900                     ; LCCOMB_X70_Y44_N12 ; 8       ; Clock enable             ; no     ; --                   ; --               ; --                        ;
; pl_cpu:cpu|pl_datapath:datapath|pl_dmem:dmem|ram[50][16]~585                    ; LCCOMB_X36_Y46_N14 ; 8       ; Clock enable             ; no     ; --                   ; --               ; --                        ;
; pl_cpu:cpu|pl_datapath:datapath|pl_dmem:dmem|ram[50][24]~29                     ; LCCOMB_X54_Y47_N28 ; 8       ; Clock enable             ; no     ; --                   ; --               ; --                        ;
; pl_cpu:cpu|pl_datapath:datapath|pl_dmem:dmem|ram[50][8]~356                     ; LCCOMB_X38_Y39_N18 ; 8       ; Clock enable             ; no     ; --                   ; --               ; --                        ;
; pl_cpu:cpu|pl_datapath:datapath|pl_dmem:dmem|ram[51][0]~903                     ; LCCOMB_X77_Y45_N20 ; 8       ; Clock enable             ; no     ; --                   ; --               ; --                        ;
; pl_cpu:cpu|pl_datapath:datapath|pl_dmem:dmem|ram[51][16]~587                    ; LCCOMB_X41_Y51_N6  ; 8       ; Clock enable             ; no     ; --                   ; --               ; --                        ;
; pl_cpu:cpu|pl_datapath:datapath|pl_dmem:dmem|ram[51][24]~64                     ; LCCOMB_X63_Y52_N22 ; 8       ; Clock enable             ; no     ; --                   ; --               ; --                        ;
; pl_cpu:cpu|pl_datapath:datapath|pl_dmem:dmem|ram[51][8]~359                     ; LCCOMB_X28_Y39_N6  ; 8       ; Clock enable             ; no     ; --                   ; --               ; --                        ;
; pl_cpu:cpu|pl_datapath:datapath|pl_dmem:dmem|ram[52][0]~965                     ; LCCOMB_X61_Y43_N18 ; 8       ; Clock enable             ; no     ; --                   ; --               ; --                        ;
; pl_cpu:cpu|pl_datapath:datapath|pl_dmem:dmem|ram[52][16]~733                    ; LCCOMB_X39_Y55_N12 ; 8       ; Clock enable             ; no     ; --                   ; --               ; --                        ;
; pl_cpu:cpu|pl_datapath:datapath|pl_dmem:dmem|ram[52][24]~43                     ; LCCOMB_X60_Y55_N30 ; 8       ; Clock enable             ; no     ; --                   ; --               ; --                        ;
; pl_cpu:cpu|pl_datapath:datapath|pl_dmem:dmem|ram[52][8]~384                     ; LCCOMB_X49_Y44_N24 ; 8       ; Clock enable             ; no     ; --                   ; --               ; --                        ;
; pl_cpu:cpu|pl_datapath:datapath|pl_dmem:dmem|ram[53][0]~967                     ; LCCOMB_X61_Y41_N20 ; 8       ; Clock enable             ; no     ; --                   ; --               ; --                        ;
; pl_cpu:cpu|pl_datapath:datapath|pl_dmem:dmem|ram[53][16]~735                    ; LCCOMB_X39_Y53_N12 ; 8       ; Clock enable             ; no     ; --                   ; --               ; --                        ;
; pl_cpu:cpu|pl_datapath:datapath|pl_dmem:dmem|ram[53][24]~6                      ; LCCOMB_X59_Y56_N14 ; 8       ; Clock enable             ; no     ; --                   ; --               ; --                        ;
; pl_cpu:cpu|pl_datapath:datapath|pl_dmem:dmem|ram[53][8]~387                     ; LCCOMB_X49_Y42_N18 ; 8       ; Clock enable             ; no     ; --                   ; --               ; --                        ;
; pl_cpu:cpu|pl_datapath:datapath|pl_dmem:dmem|ram[54][0]~897                     ; LCCOMB_X73_Y42_N12 ; 8       ; Clock enable             ; no     ; --                   ; --               ; --                        ;
; pl_cpu:cpu|pl_datapath:datapath|pl_dmem:dmem|ram[54][16]~597                    ; LCCOMB_X39_Y55_N16 ; 8       ; Clock enable             ; no     ; --                   ; --               ; --                        ;
; pl_cpu:cpu|pl_datapath:datapath|pl_dmem:dmem|ram[54][24]~25                     ; LCCOMB_X74_Y53_N10 ; 8       ; Clock enable             ; no     ; --                   ; --               ; --                        ;
; pl_cpu:cpu|pl_datapath:datapath|pl_dmem:dmem|ram[54][8]~345                     ; LCCOMB_X43_Y43_N14 ; 8       ; Clock enable             ; no     ; --                   ; --               ; --                        ;
; pl_cpu:cpu|pl_datapath:datapath|pl_dmem:dmem|ram[55][0]~899                     ; LCCOMB_X59_Y47_N10 ; 8       ; Clock enable             ; no     ; --                   ; --               ; --                        ;
; pl_cpu:cpu|pl_datapath:datapath|pl_dmem:dmem|ram[55][16]~599                    ; LCCOMB_X50_Y49_N2  ; 8       ; Clock enable             ; no     ; --                   ; --               ; --                        ;
; pl_cpu:cpu|pl_datapath:datapath|pl_dmem:dmem|ram[55][24]~60                     ; LCCOMB_X62_Y51_N16 ; 8       ; Clock enable             ; no     ; --                   ; --               ; --                        ;
; pl_cpu:cpu|pl_datapath:datapath|pl_dmem:dmem|ram[55][8]~349                     ; LCCOMB_X42_Y44_N14 ; 8       ; Clock enable             ; no     ; --                   ; --               ; --                        ;
; pl_cpu:cpu|pl_datapath:datapath|pl_dmem:dmem|ram[56][0]~1005                    ; LCCOMB_X81_Y43_N22 ; 8       ; Clock enable             ; no     ; --                   ; --               ; --                        ;
; pl_cpu:cpu|pl_datapath:datapath|pl_dmem:dmem|ram[56][16]~709                    ; LCCOMB_X45_Y55_N28 ; 8       ; Clock enable             ; no     ; --                   ; --               ; --                        ;
; pl_cpu:cpu|pl_datapath:datapath|pl_dmem:dmem|ram[56][24]~234                    ; LCCOMB_X62_Y51_N8  ; 8       ; Clock enable             ; no     ; --                   ; --               ; --                        ;
; pl_cpu:cpu|pl_datapath:datapath|pl_dmem:dmem|ram[56][8]~506                     ; LCCOMB_X41_Y41_N28 ; 8       ; Clock enable             ; no     ; --                   ; --               ; --                        ;
; pl_cpu:cpu|pl_datapath:datapath|pl_dmem:dmem|ram[57][0]~1007                    ; LCCOMB_X79_Y45_N4  ; 8       ; Clock enable             ; no     ; --                   ; --               ; --                        ;
; pl_cpu:cpu|pl_datapath:datapath|pl_dmem:dmem|ram[57][16]~711                    ; LCCOMB_X55_Y47_N12 ; 8       ; Clock enable             ; no     ; --                   ; --               ; --                        ;
; pl_cpu:cpu|pl_datapath:datapath|pl_dmem:dmem|ram[57][24]~232                    ; LCCOMB_X74_Y56_N2  ; 8       ; Clock enable             ; no     ; --                   ; --               ; --                        ;
; pl_cpu:cpu|pl_datapath:datapath|pl_dmem:dmem|ram[57][8]~538                     ; LCCOMB_X49_Y42_N16 ; 8       ; Clock enable             ; no     ; --                   ; --               ; --                        ;
; pl_cpu:cpu|pl_datapath:datapath|pl_dmem:dmem|ram[58][0]~946                     ; LCCOMB_X85_Y43_N20 ; 8       ; Clock enable             ; no     ; --                   ; --               ; --                        ;
; pl_cpu:cpu|pl_datapath:datapath|pl_dmem:dmem|ram[58][16]~565                    ; LCCOMB_X48_Y60_N18 ; 8       ; Clock enable             ; no     ; --                   ; --               ; --                        ;
; pl_cpu:cpu|pl_datapath:datapath|pl_dmem:dmem|ram[58][24]~226                    ; LCCOMB_X66_Y47_N10 ; 8       ; Clock enable             ; no     ; --                   ; --               ; --                        ;
; pl_cpu:cpu|pl_datapath:datapath|pl_dmem:dmem|ram[58][8]~504                     ; LCCOMB_X35_Y40_N30 ; 8       ; Clock enable             ; no     ; --                   ; --               ; --                        ;
; pl_cpu:cpu|pl_datapath:datapath|pl_dmem:dmem|ram[59][0]~958                     ; LCCOMB_X66_Y45_N26 ; 8       ; Clock enable             ; no     ; --                   ; --               ; --                        ;
; pl_cpu:cpu|pl_datapath:datapath|pl_dmem:dmem|ram[59][16]~569                    ; LCCOMB_X57_Y44_N14 ; 8       ; Clock enable             ; no     ; --                   ; --               ; --                        ;
; pl_cpu:cpu|pl_datapath:datapath|pl_dmem:dmem|ram[59][24]~224                    ; LCCOMB_X57_Y44_N28 ; 8       ; Clock enable             ; no     ; --                   ; --               ; --                        ;
; pl_cpu:cpu|pl_datapath:datapath|pl_dmem:dmem|ram[59][8]~536                     ; LCCOMB_X38_Y38_N30 ; 8       ; Clock enable             ; no     ; --                   ; --               ; --                        ;
; pl_cpu:cpu|pl_datapath:datapath|pl_dmem:dmem|ram[5][0]~969                      ; LCCOMB_X66_Y39_N30 ; 8       ; Clock enable             ; no     ; --                   ; --               ; --                        ;
; pl_cpu:cpu|pl_datapath:datapath|pl_dmem:dmem|ram[5][16]~720                     ; LCCOMB_X39_Y57_N22 ; 8       ; Clock enable             ; no     ; --                   ; --               ; --                        ;
; pl_cpu:cpu|pl_datapath:datapath|pl_dmem:dmem|ram[5][24]~181                     ; LCCOMB_X76_Y53_N2  ; 8       ; Clock enable             ; no     ; --                   ; --               ; --                        ;
; pl_cpu:cpu|pl_datapath:datapath|pl_dmem:dmem|ram[5][8]~425                      ; LCCOMB_X35_Y41_N14 ; 8       ; Clock enable             ; no     ; --                   ; --               ; --                        ;
; pl_cpu:cpu|pl_datapath:datapath|pl_dmem:dmem|ram[60][0]~973                     ; LCCOMB_X76_Y36_N14 ; 8       ; Clock enable             ; no     ; --                   ; --               ; --                        ;
; pl_cpu:cpu|pl_datapath:datapath|pl_dmem:dmem|ram[60][16]~716                    ; LCCOMB_X38_Y53_N14 ; 8       ; Clock enable             ; no     ; --                   ; --               ; --                        ;
; pl_cpu:cpu|pl_datapath:datapath|pl_dmem:dmem|ram[60][24]~230                    ; LCCOMB_X59_Y55_N6  ; 8       ; Clock enable             ; no     ; --                   ; --               ; --                        ;
; pl_cpu:cpu|pl_datapath:datapath|pl_dmem:dmem|ram[60][8]~498                     ; LCCOMB_X48_Y41_N18 ; 8       ; Clock enable             ; no     ; --                   ; --               ; --                        ;
; pl_cpu:cpu|pl_datapath:datapath|pl_dmem:dmem|ram[61][0]~975                     ; LCCOMB_X61_Y40_N18 ; 8       ; Clock enable             ; no     ; --                   ; --               ; --                        ;
; pl_cpu:cpu|pl_datapath:datapath|pl_dmem:dmem|ram[61][16]~719                    ; LCCOMB_X39_Y49_N14 ; 8       ; Clock enable             ; no     ; --                   ; --               ; --                        ;
; pl_cpu:cpu|pl_datapath:datapath|pl_dmem:dmem|ram[61][24]~228                    ; LCCOMB_X62_Y53_N4  ; 8       ; Clock enable             ; no     ; --                   ; --               ; --                        ;
; pl_cpu:cpu|pl_datapath:datapath|pl_dmem:dmem|ram[61][8]~530                     ; LCCOMB_X49_Y42_N12 ; 8       ; Clock enable             ; no     ; --                   ; --               ; --                        ;
; pl_cpu:cpu|pl_datapath:datapath|pl_dmem:dmem|ram[62][0]~945                     ; LCCOMB_X81_Y40_N12 ; 8       ; Clock enable             ; no     ; --                   ; --               ; --                        ;
; pl_cpu:cpu|pl_datapath:datapath|pl_dmem:dmem|ram[62][16]~581                    ; LCCOMB_X38_Y53_N12 ; 8       ; Clock enable             ; no     ; --                   ; --               ; --                        ;
; pl_cpu:cpu|pl_datapath:datapath|pl_dmem:dmem|ram[62][24]~238                    ; LCCOMB_X60_Y47_N30 ; 8       ; Clock enable             ; no     ; --                   ; --               ; --                        ;
; pl_cpu:cpu|pl_datapath:datapath|pl_dmem:dmem|ram[62][8]~497                     ; LCCOMB_X48_Y41_N0  ; 8       ; Clock enable             ; no     ; --                   ; --               ; --                        ;
; pl_cpu:cpu|pl_datapath:datapath|pl_dmem:dmem|ram[63][0]~957                     ; LCCOMB_X63_Y45_N14 ; 8       ; Clock enable             ; no     ; --                   ; --               ; --                        ;
; pl_cpu:cpu|pl_datapath:datapath|pl_dmem:dmem|ram[63][16]~583                    ; LCCOMB_X34_Y49_N6  ; 8       ; Clock enable             ; no     ; --                   ; --               ; --                        ;
; pl_cpu:cpu|pl_datapath:datapath|pl_dmem:dmem|ram[63][24]~236                    ; LCCOMB_X66_Y54_N20 ; 8       ; Clock enable             ; no     ; --                   ; --               ; --                        ;
; pl_cpu:cpu|pl_datapath:datapath|pl_dmem:dmem|ram[63][8]~528                     ; LCCOMB_X30_Y45_N4  ; 8       ; Clock enable             ; no     ; --                   ; --               ; --                        ;
; pl_cpu:cpu|pl_datapath:datapath|pl_dmem:dmem|ram[64][0]~986                     ; LCCOMB_X72_Y44_N26 ; 8       ; Clock enable             ; no     ; --                   ; --               ; --                        ;
; pl_cpu:cpu|pl_datapath:datapath|pl_dmem:dmem|ram[64][16]~698                    ; LCCOMB_X32_Y48_N4  ; 8       ; Clock enable             ; no     ; --                   ; --               ; --                        ;
; pl_cpu:cpu|pl_datapath:datapath|pl_dmem:dmem|ram[64][24]~184                    ; LCCOMB_X67_Y57_N14 ; 8       ; Clock enable             ; no     ; --                   ; --               ; --                        ;
; pl_cpu:cpu|pl_datapath:datapath|pl_dmem:dmem|ram[64][8]~456                     ; LCCOMB_X50_Y39_N30 ; 8       ; Clock enable             ; no     ; --                   ; --               ; --                        ;
; pl_cpu:cpu|pl_datapath:datapath|pl_dmem:dmem|ram[65][0]~985                     ; LCCOMB_X74_Y42_N2  ; 8       ; Clock enable             ; no     ; --                   ; --               ; --                        ;
; pl_cpu:cpu|pl_datapath:datapath|pl_dmem:dmem|ram[65][16]~696                    ; LCCOMB_X39_Y48_N4  ; 8       ; Clock enable             ; no     ; --                   ; --               ; --                        ;
; pl_cpu:cpu|pl_datapath:datapath|pl_dmem:dmem|ram[65][24]~180                    ; LCCOMB_X63_Y60_N12 ; 8       ; Clock enable             ; no     ; --                   ; --               ; --                        ;
; pl_cpu:cpu|pl_datapath:datapath|pl_dmem:dmem|ram[65][8]~424                     ; LCCOMB_X48_Y38_N14 ; 8       ; Clock enable             ; no     ; --                   ; --               ; --                        ;
; pl_cpu:cpu|pl_datapath:datapath|pl_dmem:dmem|ram[66][0]~936                     ; LCCOMB_X74_Y38_N14 ; 8       ; Clock enable             ; no     ; --                   ; --               ; --                        ;
; pl_cpu:cpu|pl_datapath:datapath|pl_dmem:dmem|ram[66][16]~558                    ; LCCOMB_X38_Y55_N26 ; 8       ; Clock enable             ; no     ; --                   ; --               ; --                        ;
; pl_cpu:cpu|pl_datapath:datapath|pl_dmem:dmem|ram[66][24]~152                    ; LCCOMB_X58_Y49_N22 ; 8       ; Clock enable             ; no     ; --                   ; --               ; --                        ;
; pl_cpu:cpu|pl_datapath:datapath|pl_dmem:dmem|ram[66][8]~452                     ; LCCOMB_X41_Y42_N14 ; 8       ; Clock enable             ; no     ; --                   ; --               ; --                        ;
; pl_cpu:cpu|pl_datapath:datapath|pl_dmem:dmem|ram[67][0]~932                     ; LCCOMB_X73_Y38_N14 ; 8       ; Clock enable             ; no     ; --                   ; --               ; --                        ;
; pl_cpu:cpu|pl_datapath:datapath|pl_dmem:dmem|ram[67][16]~557                    ; LCCOMB_X40_Y48_N8  ; 8       ; Clock enable             ; no     ; --                   ; --               ; --                        ;
; pl_cpu:cpu|pl_datapath:datapath|pl_dmem:dmem|ram[67][24]~148                    ; LCCOMB_X60_Y45_N12 ; 8       ; Clock enable             ; no     ; --                   ; --               ; --                        ;
; pl_cpu:cpu|pl_datapath:datapath|pl_dmem:dmem|ram[67][8]~420                     ; LCCOMB_X33_Y37_N14 ; 8       ; Clock enable             ; no     ; --                   ; --               ; --                        ;
; pl_cpu:cpu|pl_datapath:datapath|pl_dmem:dmem|ram[68][0]~1018                    ; LCCOMB_X61_Y43_N6  ; 8       ; Clock enable             ; no     ; --                   ; --               ; --                        ;
; pl_cpu:cpu|pl_datapath:datapath|pl_dmem:dmem|ram[68][16]~690                    ; LCCOMB_X40_Y58_N22 ; 8       ; Clock enable             ; no     ; --                   ; --               ; --                        ;
; pl_cpu:cpu|pl_datapath:datapath|pl_dmem:dmem|ram[68][24]~187                    ; LCCOMB_X61_Y52_N4  ; 8       ; Clock enable             ; no     ; --                   ; --               ; --                        ;
; pl_cpu:cpu|pl_datapath:datapath|pl_dmem:dmem|ram[68][8]~459                     ; LCCOMB_X57_Y43_N22 ; 8       ; Clock enable             ; no     ; --                   ; --               ; --                        ;
; pl_cpu:cpu|pl_datapath:datapath|pl_dmem:dmem|ram[69][0]~1017                    ; LCCOMB_X65_Y44_N4  ; 8       ; Clock enable             ; no     ; --                   ; --               ; --                        ;
; pl_cpu:cpu|pl_datapath:datapath|pl_dmem:dmem|ram[69][16]~689                    ; LCCOMB_X36_Y55_N22 ; 8       ; Clock enable             ; no     ; --                   ; --               ; --                        ;
; pl_cpu:cpu|pl_datapath:datapath|pl_dmem:dmem|ram[69][24]~183                    ; LCCOMB_X63_Y60_N14 ; 8       ; Clock enable             ; no     ; --                   ; --               ; --                        ;
; pl_cpu:cpu|pl_datapath:datapath|pl_dmem:dmem|ram[69][8]~427                     ; LCCOMB_X47_Y38_N4  ; 8       ; Clock enable             ; no     ; --                   ; --               ; --                        ;
; pl_cpu:cpu|pl_datapath:datapath|pl_dmem:dmem|ram[6][0]~937                      ; LCCOMB_X73_Y42_N8  ; 8       ; Clock enable             ; no     ; --                   ; --               ; --                        ;
; pl_cpu:cpu|pl_datapath:datapath|pl_dmem:dmem|ram[6][16]~590                     ; LCCOMB_X36_Y58_N6  ; 8       ; Clock enable             ; no     ; --                   ; --               ; --                        ;
; pl_cpu:cpu|pl_datapath:datapath|pl_dmem:dmem|ram[6][24]~153                     ; LCCOMB_X67_Y50_N30 ; 8       ; Clock enable             ; no     ; --                   ; --               ; --                        ;
; pl_cpu:cpu|pl_datapath:datapath|pl_dmem:dmem|ram[6][8]~453                      ; LCCOMB_X34_Y39_N22 ; 8       ; Clock enable             ; no     ; --                   ; --               ; --                        ;
; pl_cpu:cpu|pl_datapath:datapath|pl_dmem:dmem|ram[70][0]~939                     ; LCCOMB_X68_Y42_N22 ; 8       ; Clock enable             ; no     ; --                   ; --               ; --                        ;
; pl_cpu:cpu|pl_datapath:datapath|pl_dmem:dmem|ram[70][16]~556                    ; LCCOMB_X32_Y51_N22 ; 8       ; Clock enable             ; no     ; --                   ; --               ; --                        ;
; pl_cpu:cpu|pl_datapath:datapath|pl_dmem:dmem|ram[70][24]~155                    ; LCCOMB_X60_Y51_N6  ; 8       ; Clock enable             ; no     ; --                   ; --               ; --                        ;
; pl_cpu:cpu|pl_datapath:datapath|pl_dmem:dmem|ram[70][8]~455                     ; LCCOMB_X70_Y43_N4  ; 8       ; Clock enable             ; no     ; --                   ; --               ; --                        ;
; pl_cpu:cpu|pl_datapath:datapath|pl_dmem:dmem|ram[71][0]~935                     ; LCCOMB_X66_Y42_N18 ; 8       ; Clock enable             ; no     ; --                   ; --               ; --                        ;
; pl_cpu:cpu|pl_datapath:datapath|pl_dmem:dmem|ram[71][16]~559                    ; LCCOMB_X50_Y49_N4  ; 8       ; Clock enable             ; no     ; --                   ; --               ; --                        ;
; pl_cpu:cpu|pl_datapath:datapath|pl_dmem:dmem|ram[71][24]~151                    ; LCCOMB_X67_Y52_N14 ; 8       ; Clock enable             ; no     ; --                   ; --               ; --                        ;
; pl_cpu:cpu|pl_datapath:datapath|pl_dmem:dmem|ram[71][8]~423                     ; LCCOMB_X33_Y36_N30 ; 8       ; Clock enable             ; no     ; --                   ; --               ; --                        ;
; pl_cpu:cpu|pl_datapath:datapath|pl_dmem:dmem|ram[72][0]~982                     ; LCCOMB_X81_Y44_N18 ; 8       ; Clock enable             ; no     ; --                   ; --               ; --                        ;
; pl_cpu:cpu|pl_datapath:datapath|pl_dmem:dmem|ram[72][16]~746                    ; LCCOMB_X45_Y44_N14 ; 8       ; Clock enable             ; no     ; --                   ; --               ; --                        ;
; pl_cpu:cpu|pl_datapath:datapath|pl_dmem:dmem|ram[72][24]~120                    ; LCCOMB_X62_Y57_N4  ; 8       ; Clock enable             ; no     ; --                   ; --               ; --                        ;
; pl_cpu:cpu|pl_datapath:datapath|pl_dmem:dmem|ram[72][8]~320                     ; LCCOMB_X48_Y45_N4  ; 8       ; Clock enable             ; no     ; --                   ; --               ; --                        ;
; pl_cpu:cpu|pl_datapath:datapath|pl_dmem:dmem|ram[73][0]~981                     ; LCCOMB_X68_Y35_N0  ; 8       ; Clock enable             ; no     ; --                   ; --               ; --                        ;
; pl_cpu:cpu|pl_datapath:datapath|pl_dmem:dmem|ram[73][16]~744                    ; LCCOMB_X54_Y58_N28 ; 8       ; Clock enable             ; no     ; --                   ; --               ; --                        ;
; pl_cpu:cpu|pl_datapath:datapath|pl_dmem:dmem|ram[73][24]~116                    ; LCCOMB_X74_Y56_N0  ; 8       ; Clock enable             ; no     ; --                   ; --               ; --                        ;
; pl_cpu:cpu|pl_datapath:datapath|pl_dmem:dmem|ram[73][8]~284                     ; LCCOMB_X42_Y37_N16 ; 8       ; Clock enable             ; no     ; --                   ; --               ; --                        ;
; pl_cpu:cpu|pl_datapath:datapath|pl_dmem:dmem|ram[74][0]~920                     ; LCCOMB_X81_Y44_N0  ; 8       ; Clock enable             ; no     ; --                   ; --               ; --                        ;
; pl_cpu:cpu|pl_datapath:datapath|pl_dmem:dmem|ram[74][16]~610                    ; LCCOMB_X47_Y48_N4  ; 8       ; Clock enable             ; no     ; --                   ; --               ; --                        ;
; pl_cpu:cpu|pl_datapath:datapath|pl_dmem:dmem|ram[74][24]~112                    ; LCCOMB_X66_Y47_N30 ; 8       ; Clock enable             ; no     ; --                   ; --               ; --                        ;
; pl_cpu:cpu|pl_datapath:datapath|pl_dmem:dmem|ram[74][8]~316                     ; LCCOMB_X41_Y43_N16 ; 8       ; Clock enable             ; no     ; --                   ; --               ; --                        ;
; pl_cpu:cpu|pl_datapath:datapath|pl_dmem:dmem|ram[75][0]~909                     ; LCCOMB_X68_Y41_N12 ; 8       ; Clock enable             ; no     ; --                   ; --               ; --                        ;
; pl_cpu:cpu|pl_datapath:datapath|pl_dmem:dmem|ram[75][16]~602                    ; LCCOMB_X41_Y46_N26 ; 8       ; Clock enable             ; no     ; --                   ; --               ; --                        ;
; pl_cpu:cpu|pl_datapath:datapath|pl_dmem:dmem|ram[75][24]~124                    ; LCCOMB_X57_Y46_N4  ; 8       ; Clock enable             ; no     ; --                   ; --               ; --                        ;
; pl_cpu:cpu|pl_datapath:datapath|pl_dmem:dmem|ram[75][8]~287                     ; LCCOMB_X36_Y37_N0  ; 8       ; Clock enable             ; no     ; --                   ; --               ; --                        ;
; pl_cpu:cpu|pl_datapath:datapath|pl_dmem:dmem|ram[76][0]~1010                    ; LCCOMB_X80_Y37_N14 ; 8       ; Clock enable             ; no     ; --                   ; --               ; --                        ;
; pl_cpu:cpu|pl_datapath:datapath|pl_dmem:dmem|ram[76][16]~738                    ; LCCOMB_X32_Y48_N6  ; 8       ; Clock enable             ; no     ; --                   ; --               ; --                        ;
; pl_cpu:cpu|pl_datapath:datapath|pl_dmem:dmem|ram[76][24]~123                    ; LCCOMB_X61_Y59_N30 ; 8       ; Clock enable             ; no     ; --                   ; --               ; --                        ;
; pl_cpu:cpu|pl_datapath:datapath|pl_dmem:dmem|ram[76][8]~312                     ; LCCOMB_X32_Y48_N24 ; 8       ; Clock enable             ; no     ; --                   ; --               ; --                        ;
; pl_cpu:cpu|pl_datapath:datapath|pl_dmem:dmem|ram[77][0]~1009                    ; LCCOMB_X74_Y37_N14 ; 8       ; Clock enable             ; no     ; --                   ; --               ; --                        ;
; pl_cpu:cpu|pl_datapath:datapath|pl_dmem:dmem|ram[77][16]~737                    ; LCCOMB_X36_Y49_N14 ; 8       ; Clock enable             ; no     ; --                   ; --               ; --                        ;
; pl_cpu:cpu|pl_datapath:datapath|pl_dmem:dmem|ram[77][24]~119                    ; LCCOMB_X70_Y56_N14 ; 8       ; Clock enable             ; no     ; --                   ; --               ; --                        ;
; pl_cpu:cpu|pl_datapath:datapath|pl_dmem:dmem|ram[77][8]~273                     ; LCCOMB_X30_Y39_N18 ; 8       ; Clock enable             ; no     ; --                   ; --               ; --                        ;
; pl_cpu:cpu|pl_datapath:datapath|pl_dmem:dmem|ram[78][0]~923                     ; LCCOMB_X82_Y48_N30 ; 8       ; Clock enable             ; no     ; --                   ; --               ; --                        ;
; pl_cpu:cpu|pl_datapath:datapath|pl_dmem:dmem|ram[78][16]~606                    ; LCCOMB_X46_Y47_N4  ; 8       ; Clock enable             ; no     ; --                   ; --               ; --                        ;
; pl_cpu:cpu|pl_datapath:datapath|pl_dmem:dmem|ram[78][24]~115                    ; LCCOMB_X63_Y50_N0  ; 8       ; Clock enable             ; no     ; --                   ; --               ; --                        ;
; pl_cpu:cpu|pl_datapath:datapath|pl_dmem:dmem|ram[78][8]~325                     ; LCCOMB_X42_Y36_N30 ; 8       ; Clock enable             ; no     ; --                   ; --               ; --                        ;
; pl_cpu:cpu|pl_datapath:datapath|pl_dmem:dmem|ram[79][0]~913                     ; LCCOMB_X72_Y45_N14 ; 8       ; Clock enable             ; no     ; --                   ; --               ; --                        ;
; pl_cpu:cpu|pl_datapath:datapath|pl_dmem:dmem|ram[79][16]~614                    ; LCCOMB_X40_Y50_N12 ; 8       ; Clock enable             ; no     ; --                   ; --               ; --                        ;
; pl_cpu:cpu|pl_datapath:datapath|pl_dmem:dmem|ram[79][24]~127                    ; LCCOMB_X63_Y50_N18 ; 8       ; Clock enable             ; no     ; --                   ; --               ; --                        ;
; pl_cpu:cpu|pl_datapath:datapath|pl_dmem:dmem|ram[79][8]~277                     ; LCCOMB_X39_Y37_N26 ; 8       ; Clock enable             ; no     ; --                   ; --               ; --                        ;
; pl_cpu:cpu|pl_datapath:datapath|pl_dmem:dmem|ram[7][0]~933                      ; LCCOMB_X65_Y46_N30 ; 8       ; Clock enable             ; no     ; --                   ; --               ; --                        ;
; pl_cpu:cpu|pl_datapath:datapath|pl_dmem:dmem|ram[7][16]~588                     ; LCCOMB_X39_Y57_N12 ; 8       ; Clock enable             ; no     ; --                   ; --               ; --                        ;
; pl_cpu:cpu|pl_datapath:datapath|pl_dmem:dmem|ram[7][24]~149                     ; LCCOMB_X59_Y52_N6  ; 8       ; Clock enable             ; no     ; --                   ; --               ; --                        ;
; pl_cpu:cpu|pl_datapath:datapath|pl_dmem:dmem|ram[7][8]~421                      ; LCCOMB_X32_Y44_N30 ; 8       ; Clock enable             ; no     ; --                   ; --               ; --                        ;
; pl_cpu:cpu|pl_datapath:datapath|pl_dmem:dmem|ram[80][0]~978                     ; LCCOMB_X79_Y43_N30 ; 8       ; Clock enable             ; no     ; --                   ; --               ; --                        ;
; pl_cpu:cpu|pl_datapath:datapath|pl_dmem:dmem|ram[80][16]~694                    ; LCCOMB_X58_Y47_N10 ; 8       ; Clock enable             ; no     ; --                   ; --               ; --                        ;
; pl_cpu:cpu|pl_datapath:datapath|pl_dmem:dmem|ram[80][24]~39                     ; LCCOMB_X53_Y52_N4  ; 8       ; Clock enable             ; no     ; --                   ; --               ; --                        ;
; pl_cpu:cpu|pl_datapath:datapath|pl_dmem:dmem|ram[80][8]~390                     ; LCCOMB_X52_Y39_N6  ; 8       ; Clock enable             ; no     ; --                   ; --               ; --                        ;
; pl_cpu:cpu|pl_datapath:datapath|pl_dmem:dmem|ram[81][0]~976                     ; LCCOMB_X74_Y42_N0  ; 8       ; Clock enable             ; no     ; --                   ; --               ; --                        ;
; pl_cpu:cpu|pl_datapath:datapath|pl_dmem:dmem|ram[81][16]~692                    ; LCCOMB_X39_Y48_N10 ; 8       ; Clock enable             ; no     ; --                   ; --               ; --                        ;
; pl_cpu:cpu|pl_datapath:datapath|pl_dmem:dmem|ram[81][24]~11                     ; LCCOMB_X65_Y58_N22 ; 8       ; Clock enable             ; no     ; --                   ; --               ; --                        ;
; pl_cpu:cpu|pl_datapath:datapath|pl_dmem:dmem|ram[81][8]~389                     ; LCCOMB_X62_Y45_N2  ; 8       ; Clock enable             ; no     ; --                   ; --               ; --                        ;
; pl_cpu:cpu|pl_datapath:datapath|pl_dmem:dmem|ram[82][0]~892                     ; LCCOMB_X75_Y47_N2  ; 8       ; Clock enable             ; no     ; --                   ; --               ; --                        ;
; pl_cpu:cpu|pl_datapath:datapath|pl_dmem:dmem|ram[82][16]~554                    ; LCCOMB_X40_Y52_N12 ; 8       ; Clock enable             ; no     ; --                   ; --               ; --                        ;
; pl_cpu:cpu|pl_datapath:datapath|pl_dmem:dmem|ram[82][24]~21                     ; LCCOMB_X62_Y45_N24 ; 8       ; Clock enable             ; no     ; --                   ; --               ; --                        ;
; pl_cpu:cpu|pl_datapath:datapath|pl_dmem:dmem|ram[82][8]~354                     ; LCCOMB_X46_Y41_N14 ; 8       ; Clock enable             ; no     ; --                   ; --               ; --                        ;
; pl_cpu:cpu|pl_datapath:datapath|pl_dmem:dmem|ram[83][0]~891                     ; LCCOMB_X74_Y44_N12 ; 8       ; Clock enable             ; no     ; --                   ; --               ; --                        ;
; pl_cpu:cpu|pl_datapath:datapath|pl_dmem:dmem|ram[83][16]~553                    ; LCCOMB_X54_Y45_N0  ; 8       ; Clock enable             ; no     ; --                   ; --               ; --                        ;
; pl_cpu:cpu|pl_datapath:datapath|pl_dmem:dmem|ram[83][24]~65                     ; LCCOMB_X67_Y54_N14 ; 8       ; Clock enable             ; no     ; --                   ; --               ; --                        ;
; pl_cpu:cpu|pl_datapath:datapath|pl_dmem:dmem|ram[83][8]~351                     ; LCCOMB_X29_Y39_N22 ; 8       ; Clock enable             ; no     ; --                   ; --               ; --                        ;
; pl_cpu:cpu|pl_datapath:datapath|pl_dmem:dmem|ram[84][0]~1014                    ; LCCOMB_X65_Y39_N6  ; 8       ; Clock enable             ; no     ; --                   ; --               ; --                        ;
; pl_cpu:cpu|pl_datapath:datapath|pl_dmem:dmem|ram[84][16]~702                    ; LCCOMB_X40_Y58_N26 ; 8       ; Clock enable             ; no     ; --                   ; --               ; --                        ;
; pl_cpu:cpu|pl_datapath:datapath|pl_dmem:dmem|ram[84][24]~52                     ; LCCOMB_X61_Y52_N10 ; 8       ; Clock enable             ; no     ; --                   ; --               ; --                        ;
; pl_cpu:cpu|pl_datapath:datapath|pl_dmem:dmem|ram[84][8]~398                     ; LCCOMB_X49_Y44_N20 ; 8       ; Clock enable             ; no     ; --                   ; --               ; --                        ;
; pl_cpu:cpu|pl_datapath:datapath|pl_dmem:dmem|ram[85][0]~1012                    ; LCCOMB_X70_Y39_N12 ; 8       ; Clock enable             ; no     ; --                   ; --               ; --                        ;
; pl_cpu:cpu|pl_datapath:datapath|pl_dmem:dmem|ram[85][16]~701                    ; LCCOMB_X41_Y55_N6  ; 8       ; Clock enable             ; no     ; --                   ; --               ; --                        ;
; pl_cpu:cpu|pl_datapath:datapath|pl_dmem:dmem|ram[85][24]~7                      ; LCCOMB_X60_Y50_N30 ; 8       ; Clock enable             ; no     ; --                   ; --               ; --                        ;
; pl_cpu:cpu|pl_datapath:datapath|pl_dmem:dmem|ram[85][8]~397                     ; LCCOMB_X46_Y44_N20 ; 8       ; Clock enable             ; no     ; --                   ; --               ; --                        ;
; pl_cpu:cpu|pl_datapath:datapath|pl_dmem:dmem|ram[86][0]~906                     ; LCCOMB_X76_Y40_N14 ; 8       ; Clock enable             ; no     ; --                   ; --               ; --                        ;
; pl_cpu:cpu|pl_datapath:datapath|pl_dmem:dmem|ram[86][16]~552                    ; LCCOMB_X39_Y51_N20 ; 8       ; Clock enable             ; no     ; --                   ; --               ; --                        ;
; pl_cpu:cpu|pl_datapath:datapath|pl_dmem:dmem|ram[86][24]~34                     ; LCCOMB_X60_Y51_N12 ; 8       ; Clock enable             ; no     ; --                   ; --               ; --                        ;
; pl_cpu:cpu|pl_datapath:datapath|pl_dmem:dmem|ram[86][8]~362                     ; LCCOMB_X47_Y42_N28 ; 8       ; Clock enable             ; no     ; --                   ; --               ; --                        ;
; pl_cpu:cpu|pl_datapath:datapath|pl_dmem:dmem|ram[87][0]~904                     ; LCCOMB_X58_Y45_N0  ; 8       ; Clock enable             ; no     ; --                   ; --               ; --                        ;
; pl_cpu:cpu|pl_datapath:datapath|pl_dmem:dmem|ram[87][16]~555                    ; LCCOMB_X36_Y57_N14 ; 8       ; Clock enable             ; no     ; --                   ; --               ; --                        ;
; pl_cpu:cpu|pl_datapath:datapath|pl_dmem:dmem|ram[87][24]~61                     ; LCCOMB_X61_Y48_N6  ; 8       ; Clock enable             ; no     ; --                   ; --               ; --                        ;
; pl_cpu:cpu|pl_datapath:datapath|pl_dmem:dmem|ram[87][8]~360                     ; LCCOMB_X43_Y37_N30 ; 8       ; Clock enable             ; no     ; --                   ; --               ; --                        ;
; pl_cpu:cpu|pl_datapath:datapath|pl_dmem:dmem|ram[88][0]~990                     ; LCCOMB_X79_Y40_N28 ; 8       ; Clock enable             ; no     ; --                   ; --               ; --                        ;
; pl_cpu:cpu|pl_datapath:datapath|pl_dmem:dmem|ram[88][16]~742                    ; LCCOMB_X49_Y56_N30 ; 8       ; Clock enable             ; no     ; --                   ; --               ; --                        ;
; pl_cpu:cpu|pl_datapath:datapath|pl_dmem:dmem|ram[88][24]~246                    ; LCCOMB_X62_Y54_N12 ; 8       ; Clock enable             ; no     ; --                   ; --               ; --                        ;
; pl_cpu:cpu|pl_datapath:datapath|pl_dmem:dmem|ram[88][8]~518                     ; LCCOMB_X45_Y39_N30 ; 8       ; Clock enable             ; no     ; --                   ; --               ; --                        ;
; pl_cpu:cpu|pl_datapath:datapath|pl_dmem:dmem|ram[89][0]~988                     ; LCCOMB_X83_Y44_N8  ; 8       ; Clock enable             ; no     ; --                   ; --               ; --                        ;
; pl_cpu:cpu|pl_datapath:datapath|pl_dmem:dmem|ram[89][16]~740                    ; LCCOMB_X52_Y45_N4  ; 8       ; Clock enable             ; no     ; --                   ; --               ; --                        ;
; pl_cpu:cpu|pl_datapath:datapath|pl_dmem:dmem|ram[89][24]~244                    ; LCCOMB_X66_Y49_N28 ; 8       ; Clock enable             ; no     ; --                   ; --               ; --                        ;
; pl_cpu:cpu|pl_datapath:datapath|pl_dmem:dmem|ram[89][8]~482                     ; LCCOMB_X50_Y37_N30 ; 8       ; Clock enable             ; no     ; --                   ; --               ; --                        ;
; pl_cpu:cpu|pl_datapath:datapath|pl_dmem:dmem|ram[8][0]~994                      ; LCCOMB_X79_Y40_N22 ; 8       ; Clock enable             ; no     ; --                   ; --               ; --                        ;
; pl_cpu:cpu|pl_datapath:datapath|pl_dmem:dmem|ram[8][16]~714                     ; LCCOMB_X54_Y46_N8  ; 8       ; Clock enable             ; no     ; --                   ; --               ; --                        ;
; pl_cpu:cpu|pl_datapath:datapath|pl_dmem:dmem|ram[8][24]~122                     ; LCCOMB_X63_Y59_N22 ; 8       ; Clock enable             ; no     ; --                   ; --               ; --                        ;
; pl_cpu:cpu|pl_datapath:datapath|pl_dmem:dmem|ram[8][8]~322                      ; LCCOMB_X48_Y39_N2  ; 8       ; Clock enable             ; no     ; --                   ; --               ; --                        ;
; pl_cpu:cpu|pl_datapath:datapath|pl_dmem:dmem|ram[90][0]~953                     ; LCCOMB_X80_Y50_N22 ; 8       ; Clock enable             ; no     ; --                   ; --               ; --                        ;
; pl_cpu:cpu|pl_datapath:datapath|pl_dmem:dmem|ram[90][16]~609                    ; LCCOMB_X48_Y60_N2  ; 8       ; Clock enable             ; no     ; --                   ; --               ; --                        ;
; pl_cpu:cpu|pl_datapath:datapath|pl_dmem:dmem|ram[90][24]~245                    ; LCCOMB_X61_Y49_N6  ; 8       ; Clock enable             ; no     ; --                   ; --               ; --                        ;
; pl_cpu:cpu|pl_datapath:datapath|pl_dmem:dmem|ram[90][8]~516                     ; LCCOMB_X52_Y42_N26 ; 8       ; Clock enable             ; no     ; --                   ; --               ; --                        ;
; pl_cpu:cpu|pl_datapath:datapath|pl_dmem:dmem|ram[91][0]~949                     ; LCCOMB_X80_Y41_N22 ; 8       ; Clock enable             ; no     ; --                   ; --               ; --                        ;
; pl_cpu:cpu|pl_datapath:datapath|pl_dmem:dmem|ram[91][16]~601                    ; LCCOMB_X48_Y49_N8  ; 8       ; Clock enable             ; no     ; --                   ; --               ; --                        ;
; pl_cpu:cpu|pl_datapath:datapath|pl_dmem:dmem|ram[91][24]~247                    ; LCCOMB_X62_Y57_N30 ; 8       ; Clock enable             ; no     ; --                   ; --               ; --                        ;
; pl_cpu:cpu|pl_datapath:datapath|pl_dmem:dmem|ram[91][8]~494                     ; LCCOMB_X31_Y36_N20 ; 8       ; Clock enable             ; no     ; --                   ; --               ; --                        ;
; pl_cpu:cpu|pl_datapath:datapath|pl_dmem:dmem|ram[92][0]~1022                    ; LCCOMB_X62_Y43_N12 ; 8       ; Clock enable             ; no     ; --                   ; --               ; --                        ;
; pl_cpu:cpu|pl_datapath:datapath|pl_dmem:dmem|ram[92][16]~750                    ; LCCOMB_X42_Y54_N18 ; 8       ; Clock enable             ; no     ; --                   ; --               ; --                        ;
; pl_cpu:cpu|pl_datapath:datapath|pl_dmem:dmem|ram[92][24]~254                    ; LCCOMB_X59_Y60_N0  ; 8       ; Clock enable             ; no     ; --                   ; --               ; --                        ;
; pl_cpu:cpu|pl_datapath:datapath|pl_dmem:dmem|ram[92][8]~526                     ; LCCOMB_X46_Y35_N6  ; 8       ; Clock enable             ; no     ; --                   ; --               ; --                        ;
; pl_cpu:cpu|pl_datapath:datapath|pl_dmem:dmem|ram[93][0]~1020                    ; LCCOMB_X66_Y49_N10 ; 8       ; Clock enable             ; no     ; --                   ; --               ; --                        ;
; pl_cpu:cpu|pl_datapath:datapath|pl_dmem:dmem|ram[93][16]~749                    ; LCCOMB_X53_Y52_N18 ; 8       ; Clock enable             ; no     ; --                   ; --               ; --                        ;
; pl_cpu:cpu|pl_datapath:datapath|pl_dmem:dmem|ram[93][24]~253                    ; LCCOMB_X59_Y60_N22 ; 8       ; Clock enable             ; no     ; --                   ; --               ; --                        ;
; pl_cpu:cpu|pl_datapath:datapath|pl_dmem:dmem|ram[93][8]~481                     ; LCCOMB_X46_Y37_N30 ; 8       ; Clock enable             ; no     ; --                   ; --               ; --                        ;
; pl_cpu:cpu|pl_datapath:datapath|pl_dmem:dmem|ram[94][0]~955                     ; LCCOMB_X77_Y47_N26 ; 8       ; Clock enable             ; no     ; --                   ; --               ; --                        ;
; pl_cpu:cpu|pl_datapath:datapath|pl_dmem:dmem|ram[94][16]~605                    ; LCCOMB_X41_Y50_N0  ; 8       ; Clock enable             ; no     ; --                   ; --               ; --                        ;
; pl_cpu:cpu|pl_datapath:datapath|pl_dmem:dmem|ram[94][24]~252                    ; LCCOMB_X61_Y49_N0  ; 8       ; Clock enable             ; no     ; --                   ; --               ; --                        ;
; pl_cpu:cpu|pl_datapath:datapath|pl_dmem:dmem|ram[94][8]~524                     ; LCCOMB_X42_Y34_N6  ; 8       ; Clock enable             ; no     ; --                   ; --               ; --                        ;
; pl_cpu:cpu|pl_datapath:datapath|pl_dmem:dmem|ram[95][0]~951                     ; LCCOMB_X66_Y43_N14 ; 8       ; Clock enable             ; no     ; --                   ; --               ; --                        ;
; pl_cpu:cpu|pl_datapath:datapath|pl_dmem:dmem|ram[95][16]~612                    ; LCCOMB_X42_Y50_N12 ; 8       ; Clock enable             ; no     ; --                   ; --               ; --                        ;
; pl_cpu:cpu|pl_datapath:datapath|pl_dmem:dmem|ram[95][24]~255                    ; LCCOMB_X60_Y49_N6  ; 8       ; Clock enable             ; no     ; --                   ; --               ; --                        ;
; pl_cpu:cpu|pl_datapath:datapath|pl_dmem:dmem|ram[95][8]~493                     ; LCCOMB_X42_Y40_N24 ; 8       ; Clock enable             ; no     ; --                   ; --               ; --                        ;
; pl_cpu:cpu|pl_datapath:datapath|pl_dmem:dmem|ram[96][0]~984                     ; LCCOMB_X79_Y47_N14 ; 8       ; Clock enable             ; no     ; --                   ; --               ; --                        ;
; pl_cpu:cpu|pl_datapath:datapath|pl_dmem:dmem|ram[96][16]~697                    ; LCCOMB_X32_Y48_N10 ; 8       ; Clock enable             ; no     ; --                   ; --               ; --                        ;
; pl_cpu:cpu|pl_datapath:datapath|pl_dmem:dmem|ram[96][24]~176                    ; LCCOMB_X62_Y60_N12 ; 8       ; Clock enable             ; no     ; --                   ; --               ; --                        ;
; pl_cpu:cpu|pl_datapath:datapath|pl_dmem:dmem|ram[96][8]~440                     ; LCCOMB_X54_Y41_N28 ; 8       ; Clock enable             ; no     ; --                   ; --               ; --                        ;
; pl_cpu:cpu|pl_datapath:datapath|pl_dmem:dmem|ram[97][0]~987                     ; LCCOMB_X74_Y42_N20 ; 8       ; Clock enable             ; no     ; --                   ; --               ; --                        ;
; pl_cpu:cpu|pl_datapath:datapath|pl_dmem:dmem|ram[97][16]~699                    ; LCCOMB_X58_Y45_N12 ; 8       ; Clock enable             ; no     ; --                   ; --               ; --                        ;
; pl_cpu:cpu|pl_datapath:datapath|pl_dmem:dmem|ram[97][24]~188                    ; LCCOMB_X61_Y57_N4  ; 8       ; Clock enable             ; no     ; --                   ; --               ; --                        ;
; pl_cpu:cpu|pl_datapath:datapath|pl_dmem:dmem|ram[97][8]~473                     ; LCCOMB_X47_Y34_N20 ; 8       ; Clock enable             ; no     ; --                   ; --               ; --                        ;
; pl_cpu:cpu|pl_datapath:datapath|pl_dmem:dmem|ram[98][0]~929                     ; LCCOMB_X74_Y38_N4  ; 8       ; Clock enable             ; no     ; --                   ; --               ; --                        ;
; pl_cpu:cpu|pl_datapath:datapath|pl_dmem:dmem|ram[98][16]~549                    ; LCCOMB_X38_Y51_N14 ; 8       ; Clock enable             ; no     ; --                   ; --               ; --                        ;
; pl_cpu:cpu|pl_datapath:datapath|pl_dmem:dmem|ram[98][24]~144                    ; LCCOMB_X67_Y48_N4  ; 8       ; Clock enable             ; no     ; --                   ; --               ; --                        ;
; pl_cpu:cpu|pl_datapath:datapath|pl_dmem:dmem|ram[98][8]~436                     ; LCCOMB_X49_Y42_N24 ; 8       ; Clock enable             ; no     ; --                   ; --               ; --                        ;
; pl_cpu:cpu|pl_datapath:datapath|pl_dmem:dmem|ram[99][0]~941                     ; LCCOMB_X77_Y39_N14 ; 8       ; Clock enable             ; no     ; --                   ; --               ; --                        ;
; pl_cpu:cpu|pl_datapath:datapath|pl_dmem:dmem|ram[99][16]~547                    ; LCCOMB_X41_Y51_N20 ; 8       ; Clock enable             ; no     ; --                   ; --               ; --                        ;
; pl_cpu:cpu|pl_datapath:datapath|pl_dmem:dmem|ram[99][24]~156                    ; LCCOMB_X59_Y48_N28 ; 8       ; Clock enable             ; no     ; --                   ; --               ; --                        ;
; pl_cpu:cpu|pl_datapath:datapath|pl_dmem:dmem|ram[99][8]~469                     ; LCCOMB_X33_Y40_N30 ; 8       ; Clock enable             ; no     ; --                   ; --               ; --                        ;
; pl_cpu:cpu|pl_datapath:datapath|pl_dmem:dmem|ram[9][0]~993                      ; LCCOMB_X68_Y35_N20 ; 8       ; Clock enable             ; no     ; --                   ; --               ; --                        ;
; pl_cpu:cpu|pl_datapath:datapath|pl_dmem:dmem|ram[9][16]~712                     ; LCCOMB_X53_Y44_N30 ; 8       ; Clock enable             ; no     ; --                   ; --               ; --                        ;
; pl_cpu:cpu|pl_datapath:datapath|pl_dmem:dmem|ram[9][24]~118                     ; LCCOMB_X76_Y52_N18 ; 8       ; Clock enable             ; no     ; --                   ; --               ; --                        ;
; pl_cpu:cpu|pl_datapath:datapath|pl_dmem:dmem|ram[9][8]~286                      ; LCCOMB_X42_Y37_N2  ; 8       ; Clock enable             ; no     ; --                   ; --               ; --                        ;
; pl_cpu:cpu|pl_datapath:datapath|pl_mmio:mmio|LEDG[0]~1                          ; LCCOMB_X94_Y56_N24 ; 9       ; Clock enable             ; no     ; --                   ; --               ; --                        ;
; pl_cpu:cpu|pl_datapath:datapath|pl_mmio:mmio|LEDR[0]~0                          ; LCCOMB_X58_Y72_N6  ; 18      ; Clock enable             ; no     ; --                   ; --               ; --                        ;
; pl_cpu:cpu|pl_datapath:datapath|pl_mmio:mmio|always1~0                          ; LCCOMB_X59_Y43_N4  ; 35      ; Clock enable             ; no     ; --                   ; --               ; --                        ;
; pl_cpu:cpu|pl_datapath:datapath|pl_mmio:mmio|pl_uart:uart_inst|Selector26~1     ; LCCOMB_X59_Y43_N18 ; 16      ; Clock enable             ; no     ; --                   ; --               ; --                        ;
; pl_cpu:cpu|pl_datapath:datapath|pl_mmio:mmio|pl_uart:uart_inst|rx_bit_idx[1]~4  ; LCCOMB_X72_Y36_N6  ; 3       ; Clock enable             ; no     ; --                   ; --               ; --                        ;
; pl_cpu:cpu|pl_datapath:datapath|pl_mmio:mmio|pl_uart:uart_inst|rx_cnt[15]~44    ; LCCOMB_X72_Y36_N12 ; 16      ; Sync. clear              ; no     ; --                   ; --               ; --                        ;
; pl_cpu:cpu|pl_datapath:datapath|pl_mmio:mmio|pl_uart:uart_inst|rx_cnt[15]~45    ; LCCOMB_X72_Y36_N14 ; 16      ; Clock enable             ; no     ; --                   ; --               ; --                        ;
; pl_cpu:cpu|pl_datapath:datapath|pl_mmio:mmio|pl_uart:uart_inst|rx_data[0]~0     ; LCCOMB_X72_Y36_N30 ; 9       ; Clock enable             ; no     ; --                   ; --               ; --                        ;
; pl_cpu:cpu|pl_datapath:datapath|pl_mmio:mmio|pl_uart:uart_inst|rx_sr[0]~0       ; LCCOMB_X72_Y36_N16 ; 10      ; Clock enable             ; no     ; --                   ; --               ; --                        ;
; pl_cpu:cpu|pl_datapath:datapath|pl_mmio:mmio|pl_uart:uart_inst|tx_bit_idx[0]~0  ; LCCOMB_X58_Y40_N16 ; 3       ; Clock enable             ; no     ; --                   ; --               ; --                        ;
; pl_cpu:cpu|pl_datapath:datapath|pl_mmio:mmio|pl_uart:uart_inst|tx_cnt[2]~24     ; LCCOMB_X55_Y49_N0  ; 16      ; Sync. clear              ; no     ; --                   ; --               ; --                        ;
; pl_cpu:cpu|pl_datapath:datapath|pl_mmio:mmio|pl_uart:uart_inst|tx_sr[1]~0       ; LCCOMB_X58_Y40_N8  ; 7       ; Clock enable             ; no     ; --                   ; --               ; --                        ;
; pl_cpu:cpu|pl_datapath:datapath|pl_mmio:mmio|pl_uart:uart_inst|tx_state.TX_DATA ; FF_X58_Y40_N31     ; 16      ; Sync. clear, Sync. load  ; no     ; --                   ; --               ; --                        ;
; pl_cpu:cpu|pl_datapath:datapath|pl_regfile:regfile|rf~2305                      ; LCCOMB_X63_Y30_N16 ; 32      ; Clock enable             ; no     ; --                   ; --               ; --                        ;
; pl_cpu:cpu|pl_datapath:datapath|pl_regfile:regfile|rf~2307                      ; LCCOMB_X63_Y30_N2  ; 32      ; Clock enable             ; no     ; --                   ; --               ; --                        ;
; pl_cpu:cpu|pl_datapath:datapath|pl_regfile:regfile|rf~2309                      ; LCCOMB_X70_Y26_N22 ; 32      ; Clock enable             ; no     ; --                   ; --               ; --                        ;
; pl_cpu:cpu|pl_datapath:datapath|pl_regfile:regfile|rf~2311                      ; LCCOMB_X63_Y30_N28 ; 32      ; Clock enable             ; no     ; --                   ; --               ; --                        ;
; pl_cpu:cpu|pl_datapath:datapath|pl_regfile:regfile|rf~2313                      ; LCCOMB_X70_Y28_N22 ; 32      ; Clock enable             ; no     ; --                   ; --               ; --                        ;
; pl_cpu:cpu|pl_datapath:datapath|pl_regfile:regfile|rf~2315                      ; LCCOMB_X63_Y30_N14 ; 32      ; Clock enable             ; no     ; --                   ; --               ; --                        ;
; pl_cpu:cpu|pl_datapath:datapath|pl_regfile:regfile|rf~2317                      ; LCCOMB_X63_Y30_N8  ; 32      ; Clock enable             ; no     ; --                   ; --               ; --                        ;
; pl_cpu:cpu|pl_datapath:datapath|pl_regfile:regfile|rf~2319                      ; LCCOMB_X63_Y30_N26 ; 32      ; Clock enable             ; no     ; --                   ; --               ; --                        ;
; pl_cpu:cpu|pl_datapath:datapath|pl_regfile:regfile|rf~2321                      ; LCCOMB_X63_Y30_N20 ; 32      ; Clock enable             ; no     ; --                   ; --               ; --                        ;
; pl_cpu:cpu|pl_datapath:datapath|pl_regfile:regfile|rf~2323                      ; LCCOMB_X67_Y29_N10 ; 32      ; Clock enable             ; no     ; --                   ; --               ; --                        ;
; pl_cpu:cpu|pl_datapath:datapath|pl_regfile:regfile|rf~2325                      ; LCCOMB_X63_Y30_N22 ; 32      ; Clock enable             ; no     ; --                   ; --               ; --                        ;
; pl_cpu:cpu|pl_datapath:datapath|pl_regfile:regfile|rf~2327                      ; LCCOMB_X63_Y30_N0  ; 32      ; Clock enable             ; no     ; --                   ; --               ; --                        ;
; pl_cpu:cpu|pl_datapath:datapath|pl_regfile:regfile|rf~2329                      ; LCCOMB_X63_Y30_N18 ; 32      ; Clock enable             ; no     ; --                   ; --               ; --                        ;
; pl_cpu:cpu|pl_datapath:datapath|pl_regfile:regfile|rf~2331                      ; LCCOMB_X63_Y30_N4  ; 32      ; Clock enable             ; no     ; --                   ; --               ; --                        ;
; pl_cpu:cpu|pl_datapath:datapath|pl_regfile:regfile|rf~2333                      ; LCCOMB_X63_Y30_N30 ; 32      ; Clock enable             ; no     ; --                   ; --               ; --                        ;
; pl_cpu:cpu|pl_datapath:datapath|pl_regfile:regfile|rf~2335                      ; LCCOMB_X63_Y30_N24 ; 32      ; Clock enable             ; no     ; --                   ; --               ; --                        ;
; pl_cpu:cpu|pl_datapath:datapath|pl_regfile:regfile|rf~2337                      ; LCCOMB_X70_Y28_N0  ; 32      ; Clock enable             ; no     ; --                   ; --               ; --                        ;
; pl_cpu:cpu|pl_datapath:datapath|pl_regfile:regfile|rf~2338                      ; LCCOMB_X70_Y28_N18 ; 32      ; Clock enable             ; no     ; --                   ; --               ; --                        ;
; pl_cpu:cpu|pl_datapath:datapath|pl_regfile:regfile|rf~2339                      ; LCCOMB_X69_Y27_N26 ; 32      ; Clock enable             ; no     ; --                   ; --               ; --                        ;
; pl_cpu:cpu|pl_datapath:datapath|pl_regfile:regfile|rf~2340                      ; LCCOMB_X70_Y28_N12 ; 32      ; Clock enable             ; no     ; --                   ; --               ; --                        ;
; pl_cpu:cpu|pl_datapath:datapath|pl_regfile:regfile|rf~2341                      ; LCCOMB_X68_Y29_N4  ; 32      ; Clock enable             ; no     ; --                   ; --               ; --                        ;
; pl_cpu:cpu|pl_datapath:datapath|pl_regfile:regfile|rf~2342                      ; LCCOMB_X70_Y29_N8  ; 32      ; Clock enable             ; no     ; --                   ; --               ; --                        ;
; pl_cpu:cpu|pl_datapath:datapath|pl_regfile:regfile|rf~2343                      ; LCCOMB_X74_Y29_N10 ; 32      ; Clock enable             ; no     ; --                   ; --               ; --                        ;
; pl_cpu:cpu|pl_datapath:datapath|pl_regfile:regfile|rf~2344                      ; LCCOMB_X66_Y32_N28 ; 32      ; Clock enable             ; no     ; --                   ; --               ; --                        ;
; pl_cpu:cpu|pl_datapath:datapath|pl_regfile:regfile|rf~2345                      ; LCCOMB_X69_Y27_N20 ; 32      ; Clock enable             ; no     ; --                   ; --               ; --                        ;
; pl_cpu:cpu|pl_datapath:datapath|pl_regfile:regfile|rf~2346                      ; LCCOMB_X66_Y29_N16 ; 32      ; Clock enable             ; no     ; --                   ; --               ; --                        ;
; pl_cpu:cpu|pl_datapath:datapath|pl_regfile:regfile|rf~2347                      ; LCCOMB_X63_Y29_N22 ; 32      ; Clock enable             ; no     ; --                   ; --               ; --                        ;
; pl_cpu:cpu|pl_datapath:datapath|pl_regfile:regfile|rf~2348                      ; LCCOMB_X69_Y27_N30 ; 32      ; Clock enable             ; no     ; --                   ; --               ; --                        ;
; pl_cpu:cpu|pl_datapath:datapath|pl_regfile:regfile|rf~2349                      ; LCCOMB_X63_Y30_N12 ; 32      ; Clock enable             ; no     ; --                   ; --               ; --                        ;
; pl_cpu:cpu|pl_datapath:datapath|pl_regfile:regfile|rf~2350                      ; LCCOMB_X68_Y29_N22 ; 32      ; Clock enable             ; no     ; --                   ; --               ; --                        ;
; pl_cpu:cpu|pl_datapath:datapath|pl_regfile:regfile|rf~2351                      ; LCCOMB_X63_Y30_N6  ; 32      ; Clock enable             ; no     ; --                   ; --               ; --                        ;
; pl_cpu:cpu|pl_datapath:datapath|pl_regfile:regfile|rf~2352                      ; LCCOMB_X63_Y36_N22 ; 32      ; Clock enable             ; no     ; --                   ; --               ; --                        ;
+---------------------------------------------------------------------------------+--------------------+---------+--------------------------+--------+----------------------+------------------+---------------------------+


+--------------------------------------------------------------------------------------------------------------------------------------------+
; Global & Other Fast Signals                                                                                                                ;
+----------+----------+---------+--------------------------------------+----------------------+------------------+---------------------------+
; Name     ; Location ; Fan-Out ; Fan-Out Using Intentional Clock Skew ; Global Resource Used ; Global Line Name ; Enable Signal Source Name ;
+----------+----------+---------+--------------------------------------+----------------------+------------------+---------------------------+
; CLOCK_50 ; PIN_Y2   ; 9723    ; 0                                    ; Global Clock         ; GCLK4            ; --                        ;
+----------+----------+---------+--------------------------------------+----------------------+------------------+---------------------------+


+----------------------------------------------------------------+
; Non-Global High Fan-Out Signals                                ;
+------------------------------------------------------+---------+
; Name                                                 ; Fan-Out ;
+------------------------------------------------------+---------+
; pl_cpu:cpu|pl_datapath:datapath|ex_mem.alu_result[3] ; 1057    ;
; pl_cpu:cpu|pl_datapath:datapath|ex_mem.alu_result[2] ; 1052    ;
; pl_cpu:cpu|pl_datapath:datapath|ex_mem.alu_result[9] ; 1047    ;
; pl_cpu:cpu|pl_datapath:datapath|ex_mem.alu_result[4] ; 1045    ;
; pl_cpu:cpu|pl_datapath:datapath|ex_mem.alu_result[7] ; 1045    ;
; pl_cpu:cpu|pl_datapath:datapath|ex_mem.alu_result[5] ; 1043    ;
; pl_cpu:cpu|pl_datapath:datapath|ex_mem.alu_result[6] ; 1043    ;
; pl_cpu:cpu|pl_datapath:datapath|ex_mem.alu_result[8] ; 1030    ;
; KEY[0]~input                                         ; 508     ;
+------------------------------------------------------+---------+


+--------------------------------------------------+
; Routing Usage Summary                            ;
+-----------------------+--------------------------+
; Routing Resource Type ; Usage                    ;
+-----------------------+--------------------------+
; Block interconnects   ; 25,228 / 342,891 ( 7 % ) ;
; C16 interconnects     ; 703 / 10,120 ( 7 % )     ;
; C4 interconnects      ; 18,109 / 209,544 ( 9 % ) ;
; Direct links          ; 754 / 342,891 ( < 1 % )  ;
; Global clocks         ; 1 / 20 ( 5 % )           ;
; Local interconnects   ; 4,759 / 119,088 ( 4 % )  ;
; R24 interconnects     ; 956 / 9,963 ( 10 % )     ;
; R4 interconnects      ; 21,330 / 289,782 ( 7 % ) ;
+-----------------------+--------------------------+


+------------------------------------------------------------------------------+
; LAB Logic Elements                                                           ;
+---------------------------------------------+--------------------------------+
; Number of Logic Elements  (Average = 12.34) ; Number of LABs  (Total = 1128) ;
+---------------------------------------------+--------------------------------+
; 1                                           ; 106                            ;
; 2                                           ; 70                             ;
; 3                                           ; 36                             ;
; 4                                           ; 14                             ;
; 5                                           ; 7                              ;
; 6                                           ; 4                              ;
; 7                                           ; 6                              ;
; 8                                           ; 3                              ;
; 9                                           ; 11                             ;
; 10                                          ; 15                             ;
; 11                                          ; 17                             ;
; 12                                          ; 19                             ;
; 13                                          ; 37                             ;
; 14                                          ; 62                             ;
; 15                                          ; 160                            ;
; 16                                          ; 561                            ;
+---------------------------------------------+--------------------------------+


+---------------------------------------------------------------------+
; LAB-wide Signals                                                    ;
+------------------------------------+--------------------------------+
; LAB-wide Signals  (Average = 1.77) ; Number of LABs  (Total = 1128) ;
+------------------------------------+--------------------------------+
; 1 Async. clear                     ; 78                             ;
; 1 Clock                            ; 1042                           ;
; 1 Clock enable                     ; 558                            ;
; 1 Sync. clear                      ; 4                              ;
; 1 Sync. load                       ; 4                              ;
; 2 Clock enables                    ; 310                            ;
+------------------------------------+--------------------------------+


+-------------------------------------------------------------------------------+
; LAB Signals Sourced                                                           ;
+----------------------------------------------+--------------------------------+
; Number of Signals Sourced  (Average = 18.50) ; Number of LABs  (Total = 1128) ;
+----------------------------------------------+--------------------------------+
; 0                                            ; 2                              ;
; 1                                            ; 37                             ;
; 2                                            ; 77                             ;
; 3                                            ; 41                             ;
; 4                                            ; 38                             ;
; 5                                            ; 23                             ;
; 6                                            ; 10                             ;
; 7                                            ; 11                             ;
; 8                                            ; 3                              ;
; 9                                            ; 4                              ;
; 10                                           ; 3                              ;
; 11                                           ; 7                              ;
; 12                                           ; 3                              ;
; 13                                           ; 7                              ;
; 14                                           ; 13                             ;
; 15                                           ; 20                             ;
; 16                                           ; 52                             ;
; 17                                           ; 47                             ;
; 18                                           ; 27                             ;
; 19                                           ; 25                             ;
; 20                                           ; 42                             ;
; 21                                           ; 43                             ;
; 22                                           ; 65                             ;
; 23                                           ; 74                             ;
; 24                                           ; 97                             ;
; 25                                           ; 120                            ;
; 26                                           ; 80                             ;
; 27                                           ; 55                             ;
; 28                                           ; 39                             ;
; 29                                           ; 20                             ;
; 30                                           ; 15                             ;
; 31                                           ; 7                              ;
; 32                                           ; 21                             ;
+----------------------------------------------+--------------------------------+


+----------------------------------------------------------------------------------+
; LAB Signals Sourced Out                                                          ;
+-------------------------------------------------+--------------------------------+
; Number of Signals Sourced Out  (Average = 9.48) ; Number of LABs  (Total = 1128) ;
+-------------------------------------------------+--------------------------------+
; 0                                               ; 2                              ;
; 1                                               ; 141                            ;
; 2                                               ; 93                             ;
; 3                                               ; 41                             ;
; 4                                               ; 24                             ;
; 5                                               ; 17                             ;
; 6                                               ; 22                             ;
; 7                                               ; 26                             ;
; 8                                               ; 64                             ;
; 9                                               ; 54                             ;
; 10                                              ; 52                             ;
; 11                                              ; 76                             ;
; 12                                              ; 110                            ;
; 13                                              ; 160                            ;
; 14                                              ; 121                            ;
; 15                                              ; 49                             ;
; 16                                              ; 20                             ;
; 17                                              ; 2                              ;
; 18                                              ; 4                              ;
; 19                                              ; 5                              ;
; 20                                              ; 4                              ;
; 21                                              ; 4                              ;
; 22                                              ; 7                              ;
; 23                                              ; 7                              ;
; 24                                              ; 19                             ;
; 25                                              ; 1                              ;
; 26                                              ; 2                              ;
; 27                                              ; 1                              ;
+-------------------------------------------------+--------------------------------+


+-------------------------------------------------------------------------------+
; LAB Distinct Inputs                                                           ;
+----------------------------------------------+--------------------------------+
; Number of Distinct Inputs  (Average = 22.41) ; Number of LABs  (Total = 1128) ;
+----------------------------------------------+--------------------------------+
; 0                                            ; 0                              ;
; 1                                            ; 0                              ;
; 2                                            ; 5                              ;
; 3                                            ; 43                             ;
; 4                                            ; 37                             ;
; 5                                            ; 9                              ;
; 6                                            ; 71                             ;
; 7                                            ; 20                             ;
; 8                                            ; 25                             ;
; 9                                            ; 12                             ;
; 10                                           ; 12                             ;
; 11                                           ; 12                             ;
; 12                                           ; 6                              ;
; 13                                           ; 6                              ;
; 14                                           ; 4                              ;
; 15                                           ; 8                              ;
; 16                                           ; 14                             ;
; 17                                           ; 14                             ;
; 18                                           ; 18                             ;
; 19                                           ; 21                             ;
; 20                                           ; 29                             ;
; 21                                           ; 31                             ;
; 22                                           ; 30                             ;
; 23                                           ; 52                             ;
; 24                                           ; 51                             ;
; 25                                           ; 42                             ;
; 26                                           ; 55                             ;
; 27                                           ; 53                             ;
; 28                                           ; 63                             ;
; 29                                           ; 51                             ;
; 30                                           ; 67                             ;
; 31                                           ; 44                             ;
; 32                                           ; 68                             ;
; 33                                           ; 62                             ;
; 34                                           ; 40                             ;
; 35                                           ; 32                             ;
; 36                                           ; 13                             ;
; 37                                           ; 8                              ;
+----------------------------------------------+--------------------------------+


+------------------------------------------+
; I/O Rules Summary                        ;
+----------------------------------+-------+
; I/O Rules Statistic              ; Total ;
+----------------------------------+-------+
; Total I/O Rules                  ; 30    ;
; Number of I/O Rules Passed       ; 12    ;
; Number of I/O Rules Failed       ; 0     ;
; Number of I/O Rules Unchecked    ; 0     ;
; Number of I/O Rules Inapplicable ; 18    ;
+----------------------------------+-------+


+-----------------------------------------------------------------------------------------------------------------------------------------------------------------------------------------------------------------------------------------------------------------------------------------------------+
; I/O Rules Details                                                                                                                                                                                                                                                                                   ;
+--------------+-----------+-----------------------------------+------------------------------------------------------------------------------------------------------+----------+--------------------------------------------------------------------------+---------------------+-------------------+
; Status       ; ID        ; Category                          ; Rule Description                                                                                     ; Severity ; Information                                                              ; Area                ; Extra Information ;
+--------------+-----------+-----------------------------------+------------------------------------------------------------------------------------------------------+----------+--------------------------------------------------------------------------+---------------------+-------------------+
; Pass         ; IO_000001 ; Capacity Checks                   ; Number of pins in an I/O bank should not exceed the number of locations available.                   ; Critical ; 0 such failures found.                                                   ; I/O                 ;                   ;
; Inapplicable ; IO_000002 ; Capacity Checks                   ; Number of clocks in an I/O bank should not exceed the number of clocks available.                    ; Critical ; No Global Signal assignments found.                                      ; I/O                 ;                   ;
; Pass         ; IO_000003 ; Capacity Checks                   ; Number of pins in a Vrefgroup should not exceed the number of locations available.                   ; Critical ; 0 such failures found.                                                   ; I/O                 ;                   ;
; Inapplicable ; IO_000004 ; Voltage Compatibility Checks      ; The I/O bank should support the requested VCCIO.                                                     ; Critical ; No IOBANK_VCCIO assignments found.                                       ; I/O                 ;                   ;
; Inapplicable ; IO_000005 ; Voltage Compatibility Checks      ; The I/O bank should not have competing VREF values.                                                  ; Critical ; No VREF I/O Standard assignments found.                                  ; I/O                 ;                   ;
; Pass         ; IO_000006 ; Voltage Compatibility Checks      ; The I/O bank should not have competing VCCIO values.                                                 ; Critical ; 0 such failures found.                                                   ; I/O                 ;                   ;
; Pass         ; IO_000007 ; Valid Location Checks             ; Checks for unavailable locations.                                                                    ; Critical ; 0 such failures found.                                                   ; I/O                 ;                   ;
; Inapplicable ; IO_000008 ; Valid Location Checks             ; Checks for reserved locations.                                                                       ; Critical ; No reserved LogicLock region found.                                      ; I/O                 ;                   ;
; Pass         ; IO_000009 ; I/O Properties Checks for One I/O ; The location should support the requested I/O standard.                                              ; Critical ; 0 such failures found.                                                   ; I/O                 ;                   ;
; Pass         ; IO_000010 ; I/O Properties Checks for One I/O ; The location should support the requested I/O direction.                                             ; Critical ; 0 such failures found.                                                   ; I/O                 ;                   ;
; Inapplicable ; IO_000011 ; I/O Properties Checks for One I/O ; The location should support the requested Current Strength.                                          ; Critical ; No Current Strength assignments found.                                   ; I/O                 ;                   ;
; Pass         ; IO_000012 ; I/O Properties Checks for One I/O ; The location should support the requested On Chip Termination value.                                 ; Critical ; 0 such failures found.                                                   ; I/O                 ;                   ;
; Inapplicable ; IO_000013 ; I/O Properties Checks for One I/O ; The location should support the requested Bus Hold value.                                            ; Critical ; No Enable Bus-Hold Circuitry assignments found.                          ; I/O                 ;                   ;
; Inapplicable ; IO_000014 ; I/O Properties Checks for One I/O ; The location should support the requested Weak Pull Up value.                                        ; Critical ; No Weak Pull-Up Resistor assignments found.                              ; I/O                 ;                   ;
; Pass         ; IO_000015 ; I/O Properties Checks for One I/O ; The location should support the requested PCI Clamp Diode.                                           ; Critical ; 0 such failures found.                                                   ; I/O                 ;                   ;
; Inapplicable ; IO_000018 ; I/O Properties Checks for One I/O ; The I/O standard should support the requested Current Strength.                                      ; Critical ; No Current Strength assignments found.                                   ; I/O                 ;                   ;
; Pass         ; IO_000019 ; I/O Properties Checks for One I/O ; The I/O standard should support the requested On Chip Termination value.                             ; Critical ; 0 such failures found.                                                   ; I/O                 ;                   ;
; Pass         ; IO_000020 ; I/O Properties Checks for One I/O ; The I/O standard should support the requested PCI Clamp Diode.                                       ; Critical ; 0 such failures found.                                                   ; I/O                 ;                   ;
; Inapplicable ; IO_000021 ; I/O Properties Checks for One I/O ; The I/O standard should support the requested Weak Pull Up value.                                    ; Critical ; No Weak Pull-Up Resistor assignments found.                              ; I/O                 ;                   ;
; Inapplicable ; IO_000022 ; I/O Properties Checks for One I/O ; The I/O standard should support the requested Bus Hold value.                                        ; Critical ; No Enable Bus-Hold Circuitry assignments found.                          ; I/O                 ;                   ;
; Inapplicable ; IO_000023 ; I/O Properties Checks for One I/O ; The I/O standard should support the Open Drain value.                                                ; Critical ; No open drain assignments found.                                         ; I/O                 ;                   ;
; Pass         ; IO_000024 ; I/O Properties Checks for One I/O ; The I/O direction should support the On Chip Termination value.                                      ; Critical ; 0 such failures found.                                                   ; I/O                 ;                   ;
; Inapplicable ; IO_000026 ; I/O Properties Checks for One I/O ; On Chip Termination and Current Strength should not be used at the same time.                        ; Critical ; No Current Strength assignments found.                                   ; I/O                 ;                   ;
; Inapplicable ; IO_000027 ; I/O Properties Checks for One I/O ; Weak Pull Up and Bus Hold should not be used at the same time.                                       ; Critical ; No Enable Bus-Hold Circuitry or Weak Pull-Up Resistor assignments found. ; I/O                 ;                   ;
; Inapplicable ; IO_000045 ; I/O Properties Checks for One I/O ; The I/O standard should support the requested Slew Rate value.                                       ; Critical ; No Slew Rate assignments found.                                          ; I/O                 ;                   ;
; Inapplicable ; IO_000046 ; I/O Properties Checks for One I/O ; The location should support the requested Slew Rate value.                                           ; Critical ; No Slew Rate assignments found.                                          ; I/O                 ;                   ;
; Inapplicable ; IO_000047 ; I/O Properties Checks for One I/O ; On Chip Termination and Slew Rate should not be used at the same time.                               ; Critical ; No Slew Rate assignments found.                                          ; I/O                 ;                   ;
; Pass         ; IO_000033 ; Electromigration Checks           ; Current density for consecutive I/Os should not exceed 240mA for row I/Os and 240mA for column I/Os. ; Critical ; 0 such failures found.                                                   ; I/O                 ;                   ;
; Inapplicable ; IO_000034 ; SI Related Distance Checks        ; Single-ended outputs should be 5 LAB row(s) away from a differential I/O.                            ; High     ; No Differential I/O Standard assignments found.                          ; I/O                 ;                   ;
; Inapplicable ; IO_000042 ; SI Related SSO Limit Checks       ; No more than 20 outputs are allowed in a VREF group when VREF is being read from.                    ; High     ; No VREF I/O Standard assignments found.                                  ; I/O                 ;                   ;
; ----         ; ----      ; Disclaimer                        ; OCT rules are checked but not reported.                                                              ; None     ; ----                                                                     ; On Chip Termination ;                   ;
+--------------+-----------+-----------------------------------+------------------------------------------------------------------------------------------------------+----------+--------------------------------------------------------------------------+---------------------+-------------------+


+-----------------------------------------------------------------------------------------------------------------------------------------------------------------------------------------------------------------------------------------------------------------------------------------------------------------------------------------------------------------------------------------------------------------------------------------------------------------+
; I/O Rules Matrix                                                                                                                                                                                                                                                                                                                                                                                                                                                ;
+--------------------+-----------+--------------+-----------+--------------+--------------+-----------+-----------+--------------+-----------+-----------+--------------+--------------+--------------+--------------+--------------+--------------+--------------+--------------+--------------+--------------+--------------+--------------+--------------+--------------+--------------+--------------+--------------+-----------+--------------+--------------+
; Pin/Rules          ; IO_000001 ; IO_000002    ; IO_000003 ; IO_000004    ; IO_000005    ; IO_000006 ; IO_000007 ; IO_000008    ; IO_000009 ; IO_000010 ; IO_000011    ; IO_000012    ; IO_000013    ; IO_000014    ; IO_000015    ; IO_000018    ; IO_000019    ; IO_000020    ; IO_000021    ; IO_000022    ; IO_000023    ; IO_000024    ; IO_000026    ; IO_000027    ; IO_000045    ; IO_000046    ; IO_000047    ; IO_000033 ; IO_000034    ; IO_000042    ;
+--------------------+-----------+--------------+-----------+--------------+--------------+-----------+-----------+--------------+-----------+-----------+--------------+--------------+--------------+--------------+--------------+--------------+--------------+--------------+--------------+--------------+--------------+--------------+--------------+--------------+--------------+--------------+--------------+-----------+--------------+--------------+
; Total Pass         ; 52        ; 0            ; 52        ; 0            ; 0            ; 52        ; 52        ; 0            ; 52        ; 52        ; 0            ; 28           ; 0            ; 0            ; 24           ; 0            ; 28           ; 24           ; 0            ; 0            ; 0            ; 28           ; 0            ; 0            ; 0            ; 0            ; 0            ; 52        ; 0            ; 0            ;
; Total Unchecked    ; 0         ; 0            ; 0         ; 0            ; 0            ; 0         ; 0         ; 0            ; 0         ; 0         ; 0            ; 0            ; 0            ; 0            ; 0            ; 0            ; 0            ; 0            ; 0            ; 0            ; 0            ; 0            ; 0            ; 0            ; 0            ; 0            ; 0            ; 0         ; 0            ; 0            ;
; Total Inapplicable ; 0         ; 52           ; 0         ; 52           ; 52           ; 0         ; 0         ; 52           ; 0         ; 0         ; 52           ; 24           ; 52           ; 52           ; 28           ; 52           ; 24           ; 28           ; 52           ; 52           ; 52           ; 24           ; 52           ; 52           ; 52           ; 52           ; 52           ; 0         ; 52           ; 52           ;
; Total Fail         ; 0         ; 0            ; 0         ; 0            ; 0            ; 0         ; 0         ; 0            ; 0         ; 0         ; 0            ; 0            ; 0            ; 0            ; 0            ; 0            ; 0            ; 0            ; 0            ; 0            ; 0            ; 0            ; 0            ; 0            ; 0            ; 0            ; 0            ; 0         ; 0            ; 0            ;
; LEDR[0]            ; Pass      ; Inapplicable ; Pass      ; Inapplicable ; Inapplicable ; Pass      ; Pass      ; Inapplicable ; Pass      ; Pass      ; Inapplicable ; Pass         ; Inapplicable ; Inapplicable ; Inapplicable ; Inapplicable ; Pass         ; Inapplicable ; Inapplicable ; Inapplicable ; Inapplicable ; Pass         ; Inapplicable ; Inapplicable ; Inapplicable ; Inapplicable ; Inapplicable ; Pass      ; Inapplicable ; Inapplicable ;
; LEDR[1]            ; Pass      ; Inapplicable ; Pass      ; Inapplicable ; Inapplicable ; Pass      ; Pass      ; Inapplicable ; Pass      ; Pass      ; Inapplicable ; Pass         ; Inapplicable ; Inapplicable ; Inapplicable ; Inapplicable ; Pass         ; Inapplicable ; Inapplicable ; Inapplicable ; Inapplicable ; Pass         ; Inapplicable ; Inapplicable ; Inapplicable ; Inapplicable ; Inapplicable ; Pass      ; Inapplicable ; Inapplicable ;
; LEDR[2]            ; Pass      ; Inapplicable ; Pass      ; Inapplicable ; Inapplicable ; Pass      ; Pass      ; Inapplicable ; Pass      ; Pass      ; Inapplicable ; Pass         ; Inapplicable ; Inapplicable ; Inapplicable ; Inapplicable ; Pass         ; Inapplicable ; Inapplicable ; Inapplicable ; Inapplicable ; Pass         ; Inapplicable ; Inapplicable ; Inapplicable ; Inapplicable ; Inapplicable ; Pass      ; Inapplicable ; Inapplicable ;
; LEDR[3]            ; Pass      ; Inapplicable ; Pass      ; Inapplicable ; Inapplicable ; Pass      ; Pass      ; Inapplicable ; Pass      ; Pass      ; Inapplicable ; Pass         ; Inapplicable ; Inapplicable ; Inapplicable ; Inapplicable ; Pass         ; Inapplicable ; Inapplicable ; Inapplicable ; Inapplicable ; Pass         ; Inapplicable ; Inapplicable ; Inapplicable ; Inapplicable ; Inapplicable ; Pass      ; Inapplicable ; Inapplicable ;
; LEDR[4]            ; Pass      ; Inapplicable ; Pass      ; Inapplicable ; Inapplicable ; Pass      ; Pass      ; Inapplicable ; Pass      ; Pass      ; Inapplicable ; Pass         ; Inapplicable ; Inapplicable ; Inapplicable ; Inapplicable ; Pass         ; Inapplicable ; Inapplicable ; Inapplicable ; Inapplicable ; Pass         ; Inapplicable ; Inapplicable ; Inapplicable ; Inapplicable ; Inapplicable ; Pass      ; Inapplicable ; Inapplicable ;
; LEDR[5]            ; Pass      ; Inapplicable ; Pass      ; Inapplicable ; Inapplicable ; Pass      ; Pass      ; Inapplicable ; Pass      ; Pass      ; Inapplicable ; Pass         ; Inapplicable ; Inapplicable ; Inapplicable ; Inapplicable ; Pass         ; Inapplicable ; Inapplicable ; Inapplicable ; Inapplicable ; Pass         ; Inapplicable ; Inapplicable ; Inapplicable ; Inapplicable ; Inapplicable ; Pass      ; Inapplicable ; Inapplicable ;
; LEDR[6]            ; Pass      ; Inapplicable ; Pass      ; Inapplicable ; Inapplicable ; Pass      ; Pass      ; Inapplicable ; Pass      ; Pass      ; Inapplicable ; Pass         ; Inapplicable ; Inapplicable ; Inapplicable ; Inapplicable ; Pass         ; Inapplicable ; Inapplicable ; Inapplicable ; Inapplicable ; Pass         ; Inapplicable ; Inapplicable ; Inapplicable ; Inapplicable ; Inapplicable ; Pass      ; Inapplicable ; Inapplicable ;
; LEDR[7]            ; Pass      ; Inapplicable ; Pass      ; Inapplicable ; Inapplicable ; Pass      ; Pass      ; Inapplicable ; Pass      ; Pass      ; Inapplicable ; Pass         ; Inapplicable ; Inapplicable ; Inapplicable ; Inapplicable ; Pass         ; Inapplicable ; Inapplicable ; Inapplicable ; Inapplicable ; Pass         ; Inapplicable ; Inapplicable ; Inapplicable ; Inapplicable ; Inapplicable ; Pass      ; Inapplicable ; Inapplicable ;
; LEDR[8]            ; Pass      ; Inapplicable ; Pass      ; Inapplicable ; Inapplicable ; Pass      ; Pass      ; Inapplicable ; Pass      ; Pass      ; Inapplicable ; Pass         ; Inapplicable ; Inapplicable ; Inapplicable ; Inapplicable ; Pass         ; Inapplicable ; Inapplicable ; Inapplicable ; Inapplicable ; Pass         ; Inapplicable ; Inapplicable ; Inapplicable ; Inapplicable ; Inapplicable ; Pass      ; Inapplicable ; Inapplicable ;
; LEDR[9]            ; Pass      ; Inapplicable ; Pass      ; Inapplicable ; Inapplicable ; Pass      ; Pass      ; Inapplicable ; Pass      ; Pass      ; Inapplicable ; Pass         ; Inapplicable ; Inapplicable ; Inapplicable ; Inapplicable ; Pass         ; Inapplicable ; Inapplicable ; Inapplicable ; Inapplicable ; Pass         ; Inapplicable ; Inapplicable ; Inapplicable ; Inapplicable ; Inapplicable ; Pass      ; Inapplicable ; Inapplicable ;
; LEDR[10]           ; Pass      ; Inapplicable ; Pass      ; Inapplicable ; Inapplicable ; Pass      ; Pass      ; Inapplicable ; Pass      ; Pass      ; Inapplicable ; Pass         ; Inapplicable ; Inapplicable ; Inapplicable ; Inapplicable ; Pass         ; Inapplicable ; Inapplicable ; Inapplicable ; Inapplicable ; Pass         ; Inapplicable ; Inapplicable ; Inapplicable ; Inapplicable ; Inapplicable ; Pass      ; Inapplicable ; Inapplicable ;
; LEDR[11]           ; Pass      ; Inapplicable ; Pass      ; Inapplicable ; Inapplicable ; Pass      ; Pass      ; Inapplicable ; Pass      ; Pass      ; Inapplicable ; Pass         ; Inapplicable ; Inapplicable ; Inapplicable ; Inapplicable ; Pass         ; Inapplicable ; Inapplicable ; Inapplicable ; Inapplicable ; Pass         ; Inapplicable ; Inapplicable ; Inapplicable ; Inapplicable ; Inapplicable ; Pass      ; Inapplicable ; Inapplicable ;
; LEDR[12]           ; Pass      ; Inapplicable ; Pass      ; Inapplicable ; Inapplicable ; Pass      ; Pass      ; Inapplicable ; Pass      ; Pass      ; Inapplicable ; Pass         ; Inapplicable ; Inapplicable ; Inapplicable ; Inapplicable ; Pass         ; Inapplicable ; Inapplicable ; Inapplicable ; Inapplicable ; Pass         ; Inapplicable ; Inapplicable ; Inapplicable ; Inapplicable ; Inapplicable ; Pass      ; Inapplicable ; Inapplicable ;
; LEDR[13]           ; Pass      ; Inapplicable ; Pass      ; Inapplicable ; Inapplicable ; Pass      ; Pass      ; Inapplicable ; Pass      ; Pass      ; Inapplicable ; Pass         ; Inapplicable ; Inapplicable ; Inapplicable ; Inapplicable ; Pass         ; Inapplicable ; Inapplicable ; Inapplicable ; Inapplicable ; Pass         ; Inapplicable ; Inapplicable ; Inapplicable ; Inapplicable ; Inapplicable ; Pass      ; Inapplicable ; Inapplicable ;
; LEDR[14]           ; Pass      ; Inapplicable ; Pass      ; Inapplicable ; Inapplicable ; Pass      ; Pass      ; Inapplicable ; Pass      ; Pass      ; Inapplicable ; Pass         ; Inapplicable ; Inapplicable ; Inapplicable ; Inapplicable ; Pass         ; Inapplicable ; Inapplicable ; Inapplicable ; Inapplicable ; Pass         ; Inapplicable ; Inapplicable ; Inapplicable ; Inapplicable ; Inapplicable ; Pass      ; Inapplicable ; Inapplicable ;
; LEDR[15]           ; Pass      ; Inapplicable ; Pass      ; Inapplicable ; Inapplicable ; Pass      ; Pass      ; Inapplicable ; Pass      ; Pass      ; Inapplicable ; Pass         ; Inapplicable ; Inapplicable ; Inapplicable ; Inapplicable ; Pass         ; Inapplicable ; Inapplicable ; Inapplicable ; Inapplicable ; Pass         ; Inapplicable ; Inapplicable ; Inapplicable ; Inapplicable ; Inapplicable ; Pass      ; Inapplicable ; Inapplicable ;
; LEDR[16]           ; Pass      ; Inapplicable ; Pass      ; Inapplicable ; Inapplicable ; Pass      ; Pass      ; Inapplicable ; Pass      ; Pass      ; Inapplicable ; Pass         ; Inapplicable ; Inapplicable ; Inapplicable ; Inapplicable ; Pass         ; Inapplicable ; Inapplicable ; Inapplicable ; Inapplicable ; Pass         ; Inapplicable ; Inapplicable ; Inapplicable ; Inapplicable ; Inapplicable ; Pass      ; Inapplicable ; Inapplicable ;
; LEDR[17]           ; Pass      ; Inapplicable ; Pass      ; Inapplicable ; Inapplicable ; Pass      ; Pass      ; Inapplicable ; Pass      ; Pass      ; Inapplicable ; Pass         ; Inapplicable ; Inapplicable ; Inapplicable ; Inapplicable ; Pass         ; Inapplicable ; Inapplicable ; Inapplicable ; Inapplicable ; Pass         ; Inapplicable ; Inapplicable ; Inapplicable ; Inapplicable ; Inapplicable ; Pass      ; Inapplicable ; Inapplicable ;
; LEDG[0]            ; Pass      ; Inapplicable ; Pass      ; Inapplicable ; Inapplicable ; Pass      ; Pass      ; Inapplicable ; Pass      ; Pass      ; Inapplicable ; Pass         ; Inapplicable ; Inapplicable ; Inapplicable ; Inapplicable ; Pass         ; Inapplicable ; Inapplicable ; Inapplicable ; Inapplicable ; Pass         ; Inapplicable ; Inapplicable ; Inapplicable ; Inapplicable ; Inapplicable ; Pass      ; Inapplicable ; Inapplicable ;
; LEDG[1]            ; Pass      ; Inapplicable ; Pass      ; Inapplicable ; Inapplicable ; Pass      ; Pass      ; Inapplicable ; Pass      ; Pass      ; Inapplicable ; Pass         ; Inapplicable ; Inapplicable ; Inapplicable ; Inapplicable ; Pass         ; Inapplicable ; Inapplicable ; Inapplicable ; Inapplicable ; Pass         ; Inapplicable ; Inapplicable ; Inapplicable ; Inapplicable ; Inapplicable ; Pass      ; Inapplicable ; Inapplicable ;
; LEDG[2]            ; Pass      ; Inapplicable ; Pass      ; Inapplicable ; Inapplicable ; Pass      ; Pass      ; Inapplicable ; Pass      ; Pass      ; Inapplicable ; Pass         ; Inapplicable ; Inapplicable ; Inapplicable ; Inapplicable ; Pass         ; Inapplicable ; Inapplicable ; Inapplicable ; Inapplicable ; Pass         ; Inapplicable ; Inapplicable ; Inapplicable ; Inapplicable ; Inapplicable ; Pass      ; Inapplicable ; Inapplicable ;
; LEDG[3]            ; Pass      ; Inapplicable ; Pass      ; Inapplicable ; Inapplicable ; Pass      ; Pass      ; Inapplicable ; Pass      ; Pass      ; Inapplicable ; Pass         ; Inapplicable ; Inapplicable ; Inapplicable ; Inapplicable ; Pass         ; Inapplicable ; Inapplicable ; Inapplicable ; Inapplicable ; Pass         ; Inapplicable ; Inapplicable ; Inapplicable ; Inapplicable ; Inapplicable ; Pass      ; Inapplicable ; Inapplicable ;
; LEDG[4]            ; Pass      ; Inapplicable ; Pass      ; Inapplicable ; Inapplicable ; Pass      ; Pass      ; Inapplicable ; Pass      ; Pass      ; Inapplicable ; Pass         ; Inapplicable ; Inapplicable ; Inapplicable ; Inapplicable ; Pass         ; Inapplicable ; Inapplicable ; Inapplicable ; Inapplicable ; Pass         ; Inapplicable ; Inapplicable ; Inapplicable ; Inapplicable ; Inapplicable ; Pass      ; Inapplicable ; Inapplicable ;
; LEDG[5]            ; Pass      ; Inapplicable ; Pass      ; Inapplicable ; Inapplicable ; Pass      ; Pass      ; Inapplicable ; Pass      ; Pass      ; Inapplicable ; Pass         ; Inapplicable ; Inapplicable ; Inapplicable ; Inapplicable ; Pass         ; Inapplicable ; Inapplicable ; Inapplicable ; Inapplicable ; Pass         ; Inapplicable ; Inapplicable ; Inapplicable ; Inapplicable ; Inapplicable ; Pass      ; Inapplicable ; Inapplicable ;
; LEDG[6]            ; Pass      ; Inapplicable ; Pass      ; Inapplicable ; Inapplicable ; Pass      ; Pass      ; Inapplicable ; Pass      ; Pass      ; Inapplicable ; Pass         ; Inapplicable ; Inapplicable ; Inapplicable ; Inapplicable ; Pass         ; Inapplicable ; Inapplicable ; Inapplicable ; Inapplicable ; Pass         ; Inapplicable ; Inapplicable ; Inapplicable ; Inapplicable ; Inapplicable ; Pass      ; Inapplicable ; Inapplicable ;
; LEDG[7]            ; Pass      ; Inapplicable ; Pass      ; Inapplicable ; Inapplicable ; Pass      ; Pass      ; Inapplicable ; Pass      ; Pass      ; Inapplicable ; Pass         ; Inapplicable ; Inapplicable ; Inapplicable ; Inapplicable ; Pass         ; Inapplicable ; Inapplicable ; Inapplicable ; Inapplicable ; Pass         ; Inapplicable ; Inapplicable ; Inapplicable ; Inapplicable ; Inapplicable ; Pass      ; Inapplicable ; Inapplicable ;
; LEDG[8]            ; Pass      ; Inapplicable ; Pass      ; Inapplicable ; Inapplicable ; Pass      ; Pass      ; Inapplicable ; Pass      ; Pass      ; Inapplicable ; Pass         ; Inapplicable ; Inapplicable ; Inapplicable ; Inapplicable ; Pass         ; Inapplicable ; Inapplicable ; Inapplicable ; Inapplicable ; Pass         ; Inapplicable ; Inapplicable ; Inapplicable ; Inapplicable ; Inapplicable ; Pass      ; Inapplicable ; Inapplicable ;
; UART_TXD           ; Pass      ; Inapplicable ; Pass      ; Inapplicable ; Inapplicable ; Pass      ; Pass      ; Inapplicable ; Pass      ; Pass      ; Inapplicable ; Pass         ; Inapplicable ; Inapplicable ; Inapplicable ; Inapplicable ; Pass         ; Inapplicable ; Inapplicable ; Inapplicable ; Inapplicable ; Pass         ; Inapplicable ; Inapplicable ; Inapplicable ; Inapplicable ; Inapplicable ; Pass      ; Inapplicable ; Inapplicable ;
; CLOCK_50           ; Pass      ; Inapplicable ; Pass      ; Inapplicable ; Inapplicable ; Pass      ; Pass      ; Inapplicable ; Pass      ; Pass      ; Inapplicable ; Inapplicable ; Inapplicable ; Inapplicable ; Pass         ; Inapplicable ; Inapplicable ; Pass         ; Inapplicable ; Inapplicable ; Inapplicable ; Inapplicable ; Inapplicable ; Inapplicable ; Inapplicable ; Inapplicable ; Inapplicable ; Pass      ; Inapplicable ; Inapplicable ;
; KEY[0]             ; Pass      ; Inapplicable ; Pass      ; Inapplicable ; Inapplicable ; Pass      ; Pass      ; Inapplicable ; Pass      ; Pass      ; Inapplicable ; Inapplicable ; Inapplicable ; Inapplicable ; Pass         ; Inapplicable ; Inapplicable ; Pass         ; Inapplicable ; Inapplicable ; Inapplicable ; Inapplicable ; Inapplicable ; Inapplicable ; Inapplicable ; Inapplicable ; Inapplicable ; Pass      ; Inapplicable ; Inapplicable ;
; SW[10]             ; Pass      ; Inapplicable ; Pass      ; Inapplicable ; Inapplicable ; Pass      ; Pass      ; Inapplicable ; Pass      ; Pass      ; Inapplicable ; Inapplicable ; Inapplicable ; Inapplicable ; Pass         ; Inapplicable ; Inapplicable ; Pass         ; Inapplicable ; Inapplicable ; Inapplicable ; Inapplicable ; Inapplicable ; Inapplicable ; Inapplicable ; Inapplicable ; Inapplicable ; Pass      ; Inapplicable ; Inapplicable ;
; KEY[2]             ; Pass      ; Inapplicable ; Pass      ; Inapplicable ; Inapplicable ; Pass      ; Pass      ; Inapplicable ; Pass      ; Pass      ; Inapplicable ; Inapplicable ; Inapplicable ; Inapplicable ; Pass         ; Inapplicable ; Inapplicable ; Pass         ; Inapplicable ; Inapplicable ; Inapplicable ; Inapplicable ; Inapplicable ; Inapplicable ; Inapplicable ; Inapplicable ; Inapplicable ; Pass      ; Inapplicable ; Inapplicable ;
; SW[2]              ; Pass      ; Inapplicable ; Pass      ; Inapplicable ; Inapplicable ; Pass      ; Pass      ; Inapplicable ; Pass      ; Pass      ; Inapplicable ; Inapplicable ; Inapplicable ; Inapplicable ; Pass         ; Inapplicable ; Inapplicable ; Pass         ; Inapplicable ; Inapplicable ; Inapplicable ; Inapplicable ; Inapplicable ; Inapplicable ; Inapplicable ; Inapplicable ; Inapplicable ; Pass      ; Inapplicable ; Inapplicable ;
; KEY[1]             ; Pass      ; Inapplicable ; Pass      ; Inapplicable ; Inapplicable ; Pass      ; Pass      ; Inapplicable ; Pass      ; Pass      ; Inapplicable ; Inapplicable ; Inapplicable ; Inapplicable ; Pass         ; Inapplicable ; Inapplicable ; Pass         ; Inapplicable ; Inapplicable ; Inapplicable ; Inapplicable ; Inapplicable ; Inapplicable ; Inapplicable ; Inapplicable ; Inapplicable ; Pass      ; Inapplicable ; Inapplicable ;
; SW[1]              ; Pass      ; Inapplicable ; Pass      ; Inapplicable ; Inapplicable ; Pass      ; Pass      ; Inapplicable ; Pass      ; Pass      ; Inapplicable ; Inapplicable ; Inapplicable ; Inapplicable ; Pass         ; Inapplicable ; Inapplicable ; Pass         ; Inapplicable ; Inapplicable ; Inapplicable ; Inapplicable ; Inapplicable ; Inapplicable ; Inapplicable ; Inapplicable ; Inapplicable ; Pass      ; Inapplicable ; Inapplicable ;
; SW[9]              ; Pass      ; Inapplicable ; Pass      ; Inapplicable ; Inapplicable ; Pass      ; Pass      ; Inapplicable ; Pass      ; Pass      ; Inapplicable ; Inapplicable ; Inapplicable ; Inapplicable ; Pass         ; Inapplicable ; Inapplicable ; Pass         ; Inapplicable ; Inapplicable ; Inapplicable ; Inapplicable ; Inapplicable ; Inapplicable ; Inapplicable ; Inapplicable ; Inapplicable ; Pass      ; Inapplicable ; Inapplicable ;
; SW[17]             ; Pass      ; Inapplicable ; Pass      ; Inapplicable ; Inapplicable ; Pass      ; Pass      ; Inapplicable ; Pass      ; Pass      ; Inapplicable ; Inapplicable ; Inapplicable ; Inapplicable ; Pass         ; Inapplicable ; Inapplicable ; Pass         ; Inapplicable ; Inapplicable ; Inapplicable ; Inapplicable ; Inapplicable ; Inapplicable ; Inapplicable ; Inapplicable ; Inapplicable ; Pass      ; Inapplicable ; Inapplicable ;
; SW[0]              ; Pass      ; Inapplicable ; Pass      ; Inapplicable ; Inapplicable ; Pass      ; Pass      ; Inapplicable ; Pass      ; Pass      ; Inapplicable ; Inapplicable ; Inapplicable ; Inapplicable ; Pass         ; Inapplicable ; Inapplicable ; Pass         ; Inapplicable ; Inapplicable ; Inapplicable ; Inapplicable ; Inapplicable ; Inapplicable ; Inapplicable ; Inapplicable ; Inapplicable ; Pass      ; Inapplicable ; Inapplicable ;
; SW[8]              ; Pass      ; Inapplicable ; Pass      ; Inapplicable ; Inapplicable ; Pass      ; Pass      ; Inapplicable ; Pass      ; Pass      ; Inapplicable ; Inapplicable ; Inapplicable ; Inapplicable ; Pass         ; Inapplicable ; Inapplicable ; Pass         ; Inapplicable ; Inapplicable ; Inapplicable ; Inapplicable ; Inapplicable ; Inapplicable ; Inapplicable ; Inapplicable ; Inapplicable ; Pass      ; Inapplicable ; Inapplicable ;
; SW[16]             ; Pass      ; Inapplicable ; Pass      ; Inapplicable ; Inapplicable ; Pass      ; Pass      ; Inapplicable ; Pass      ; Pass      ; Inapplicable ; Inapplicable ; Inapplicable ; Inapplicable ; Pass         ; Inapplicable ; Inapplicable ; Pass         ; Inapplicable ; Inapplicable ; Inapplicable ; Inapplicable ; Inapplicable ; Inapplicable ; Inapplicable ; Inapplicable ; Inapplicable ; Pass      ; Inapplicable ; Inapplicable ;
; KEY[3]             ; Pass      ; Inapplicable ; Pass      ; Inapplicable ; Inapplicable ; Pass      ; Pass      ; Inapplicable ; Pass      ; Pass      ; Inapplicable ; Inapplicable ; Inapplicable ; Inapplicable ; Pass         ; Inapplicable ; Inapplicable ; Pass         ; Inapplicable ; Inapplicable ; Inapplicable ; Inapplicable ; Inapplicable ; Inapplicable ; Inapplicable ; Inapplicable ; Inapplicable ; Pass      ; Inapplicable ; Inapplicable ;
; SW[3]              ; Pass      ; Inapplicable ; Pass      ; Inapplicable ; Inapplicable ; Pass      ; Pass      ; Inapplicable ; Pass      ; Pass      ; Inapplicable ; Inapplicable ; Inapplicable ; Inapplicable ; Pass         ; Inapplicable ; Inapplicable ; Pass         ; Inapplicable ; Inapplicable ; Inapplicable ; Inapplicable ; Inapplicable ; Inapplicable ; Inapplicable ; Inapplicable ; Inapplicable ; Pass      ; Inapplicable ; Inapplicable ;
; SW[11]             ; Pass      ; Inapplicable ; Pass      ; Inapplicable ; Inapplicable ; Pass      ; Pass      ; Inapplicable ; Pass      ; Pass      ; Inapplicable ; Inapplicable ; Inapplicable ; Inapplicable ; Pass         ; Inapplicable ; Inapplicable ; Pass         ; Inapplicable ; Inapplicable ; Inapplicable ; Inapplicable ; Inapplicable ; Inapplicable ; Inapplicable ; Inapplicable ; Inapplicable ; Pass      ; Inapplicable ; Inapplicable ;
; SW[12]             ; Pass      ; Inapplicable ; Pass      ; Inapplicable ; Inapplicable ; Pass      ; Pass      ; Inapplicable ; Pass      ; Pass      ; Inapplicable ; Inapplicable ; Inapplicable ; Inapplicable ; Pass         ; Inapplicable ; Inapplicable ; Pass         ; Inapplicable ; Inapplicable ; Inapplicable ; Inapplicable ; Inapplicable ; Inapplicable ; Inapplicable ; Inapplicable ; Inapplicable ; Pass      ; Inapplicable ; Inapplicable ;
; SW[4]              ; Pass      ; Inapplicable ; Pass      ; Inapplicable ; Inapplicable ; Pass      ; Pass      ; Inapplicable ; Pass      ; Pass      ; Inapplicable ; Inapplicable ; Inapplicable ; Inapplicable ; Pass         ; Inapplicable ; Inapplicable ; Pass         ; Inapplicable ; Inapplicable ; Inapplicable ; Inapplicable ; Inapplicable ; Inapplicable ; Inapplicable ; Inapplicable ; Inapplicable ; Pass      ; Inapplicable ; Inapplicable ;
; SW[7]              ; Pass      ; Inapplicable ; Pass      ; Inapplicable ; Inapplicable ; Pass      ; Pass      ; Inapplicable ; Pass      ; Pass      ; Inapplicable ; Inapplicable ; Inapplicable ; Inapplicable ; Pass         ; Inapplicable ; Inapplicable ; Pass         ; Inapplicable ; Inapplicable ; Inapplicable ; Inapplicable ; Inapplicable ; Inapplicable ; Inapplicable ; Inapplicable ; Inapplicable ; Pass      ; Inapplicable ; Inapplicable ;
; SW[15]             ; Pass      ; Inapplicable ; Pass      ; Inapplicable ; Inapplicable ; Pass      ; Pass      ; Inapplicable ; Pass      ; Pass      ; Inapplicable ; Inapplicable ; Inapplicable ; Inapplicable ; Pass         ; Inapplicable ; Inapplicable ; Pass         ; Inapplicable ; Inapplicable ; Inapplicable ; Inapplicable ; Inapplicable ; Inapplicable ; Inapplicable ; Inapplicable ; Inapplicable ; Pass      ; Inapplicable ; Inapplicable ;
; SW[6]              ; Pass      ; Inapplicable ; Pass      ; Inapplicable ; Inapplicable ; Pass      ; Pass      ; Inapplicable ; Pass      ; Pass      ; Inapplicable ; Inapplicable ; Inapplicable ; Inapplicable ; Pass         ; Inapplicable ; Inapplicable ; Pass         ; Inapplicable ; Inapplicable ; Inapplicable ; Inapplicable ; Inapplicable ; Inapplicable ; Inapplicable ; Inapplicable ; Inapplicable ; Pass      ; Inapplicable ; Inapplicable ;
; SW[14]             ; Pass      ; Inapplicable ; Pass      ; Inapplicable ; Inapplicable ; Pass      ; Pass      ; Inapplicable ; Pass      ; Pass      ; Inapplicable ; Inapplicable ; Inapplicable ; Inapplicable ; Pass         ; Inapplicable ; Inapplicable ; Pass         ; Inapplicable ; Inapplicable ; Inapplicable ; Inapplicable ; Inapplicable ; Inapplicable ; Inapplicable ; Inapplicable ; Inapplicable ; Pass      ; Inapplicable ; Inapplicable ;
; SW[5]              ; Pass      ; Inapplicable ; Pass      ; Inapplicable ; Inapplicable ; Pass      ; Pass      ; Inapplicable ; Pass      ; Pass      ; Inapplicable ; Inapplicable ; Inapplicable ; Inapplicable ; Pass         ; Inapplicable ; Inapplicable ; Pass         ; Inapplicable ; Inapplicable ; Inapplicable ; Inapplicable ; Inapplicable ; Inapplicable ; Inapplicable ; Inapplicable ; Inapplicable ; Pass      ; Inapplicable ; Inapplicable ;
; SW[13]             ; Pass      ; Inapplicable ; Pass      ; Inapplicable ; Inapplicable ; Pass      ; Pass      ; Inapplicable ; Pass      ; Pass      ; Inapplicable ; Inapplicable ; Inapplicable ; Inapplicable ; Pass         ; Inapplicable ; Inapplicable ; Pass         ; Inapplicable ; Inapplicable ; Inapplicable ; Inapplicable ; Inapplicable ; Inapplicable ; Inapplicable ; Inapplicable ; Inapplicable ; Pass      ; Inapplicable ; Inapplicable ;
; UART_RXD           ; Pass      ; Inapplicable ; Pass      ; Inapplicable ; Inapplicable ; Pass      ; Pass      ; Inapplicable ; Pass      ; Pass      ; Inapplicable ; Inapplicable ; Inapplicable ; Inapplicable ; Pass         ; Inapplicable ; Inapplicable ; Pass         ; Inapplicable ; Inapplicable ; Inapplicable ; Inapplicable ; Inapplicable ; Inapplicable ; Inapplicable ; Inapplicable ; Inapplicable ; Pass      ; Inapplicable ; Inapplicable ;
+--------------------+-----------+--------------+-----------+--------------+--------------+-----------+-----------+--------------+-----------+-----------+--------------+--------------+--------------+--------------+--------------+--------------+--------------+--------------+--------------+--------------+--------------+--------------+--------------+--------------+--------------+--------------+--------------+-----------+--------------+--------------+


+---------------------------------------------------------------------------------------------+
; Fitter Device Options                                                                       ;
+------------------------------------------------------------------+--------------------------+
; Option                                                           ; Setting                  ;
+------------------------------------------------------------------+--------------------------+
; Enable user-supplied start-up clock (CLKUSR)                     ; Off                      ;
; Enable device-wide reset (DEV_CLRn)                              ; Off                      ;
; Enable device-wide output enable (DEV_OE)                        ; Off                      ;
; Enable INIT_DONE output                                          ; Off                      ;
; Configuration scheme                                             ; Active Serial            ;
; Error detection CRC                                              ; Off                      ;
; Enable open drain on CRC_ERROR pin                               ; Off                      ;
; Enable input tri-state on active configuration pins in user mode ; Off                      ;
; Configuration Voltage Level                                      ; Auto                     ;
; Force Configuration Voltage Level                                ; Off                      ;
; nCEO                                                             ; As output driving ground ;
; Data[0]                                                          ; As input tri-stated      ;
; Data[1]/ASDO                                                     ; As input tri-stated      ;
; Data[7..2]                                                       ; Unreserved               ;
; FLASH_nCE/nCSO                                                   ; As input tri-stated      ;
; Other Active Parallel pins                                       ; Unreserved               ;
; DCLK                                                             ; As output driving ground ;
+------------------------------------------------------------------+--------------------------+


+------------------------------------+
; Operating Settings and Conditions  ;
+---------------------------+--------+
; Setting                   ; Value  ;
+---------------------------+--------+
; Nominal Core Voltage      ; 1.20 V ;
; Low Junction Temperature  ; 0 °C   ;
; High Junction Temperature ; 85 °C  ;
+---------------------------+--------+


+-----------------+
; Fitter Messages ;
+-----------------+
Warning (18236): Number of processors has not been specified which may cause overloading on shared machines.  Set the global assignment NUM_PARALLEL_PROCESSORS in your QSF to an appropriate value for best performance.
Info (20030): Parallel compilation is enabled and will use 16 of the 16 processors detected
Info (119006): Selected device EP4CE115F29C7 for design "ProjetoOAC"
Info (21077): Low junction temperature is 0 degrees C
Info (21077): High junction temperature is 85 degrees C
Info (171003): Fitter is performing an Auto Fit compilation, which may decrease Fitter effort to reduce compilation time
Warning (292013): Feature LogicLock is only available with a valid subscription license. You can purchase a software subscription to gain full access to this feature.
Info (176444): Device migration not selected. If you intend to use device migration later, you may need to change the pin assignments as they may be incompatible with other devices
    Info (176445): Device EP4CE40F29C7 is compatible
    Info (176445): Device EP4CE40F29I7 is compatible
    Info (176445): Device EP4CE30F29C7 is compatible
    Info (176445): Device EP4CE30F29I7 is compatible
    Info (176445): Device EP4CE55F29C7 is compatible
    Info (176445): Device EP4CE55F29I7 is compatible
    Info (176445): Device EP4CE75F29C7 is compatible
    Info (176445): Device EP4CE75F29I7 is compatible
    Info (176445): Device EP4CE115F29I7 is compatible
Info (169124): Fitter converted 5 user pins into dedicated programming pins
    Info (169125): Pin ~ALTERA_ASDO_DATA1~ is reserved at location F4
    Info (169125): Pin ~ALTERA_FLASH_nCE_nCSO~ is reserved at location E2
    Info (169125): Pin ~ALTERA_DCLK~ is reserved at location P3
    Info (169125): Pin ~ALTERA_DATA0~ is reserved at location N7
    Info (169125): Pin ~ALTERA_nCEO~ is reserved at location P28
Warning (15714): Some pins have incomplete I/O assignments. Refer to the I/O Assignment Warnings report for details
Info (332104): Reading SDC File: 'pl_top_no_pll.sdc'
Info (332151): Clock uncertainty is not calculated until you update the timing netlist.
Info (332154): The derive_clock_uncertainty command did not apply clock uncertainty to any clock-to-clock transfers.
Info (332129): Detected timing requirements -- optimizing circuit to achieve only the specified requirements
Info (332111): Found 1 clocks
    Info (332111):   Period   Clock Name
    Info (332111): ======== ============
    Info (332111):   20.000     CLOCK_50
Info (176353): Automatically promoted node CLOCK_50~input (placed in PIN Y2 (CLK2, DIFFCLK_1p)) File: C:/Users/gvca/Documents/ProjetoOAC/Alterado/src/pl_top_no_pll.sv Line: 36
    Info (176355): Automatically promoted destinations to use location or clock signal Global Clock CLKCTRL_G4
Info (176233): Starting register packing
Info (176235): Finished register packing
    Extra Info (176219): No registers were packed into other blocks
Info (171121): Fitter preparation operations ending: elapsed time is 00:00:08
Info (14896): Fitter has disabled Advanced Physical Optimization because it is not supported for the current family.
Info (170189): Fitter placement preparation operations beginning
Info (170190): Fitter placement preparation operations ending: elapsed time is 00:00:02
Info (170191): Fitter placement operations beginning
Info (170137): Fitter placement was successful
Info (170192): Fitter placement operations ending: elapsed time is 00:00:13
Info (170193): Fitter routing operations beginning
Info (170195): Router estimated average interconnect usage is 7% of the available device resources
    Info (170196): Router estimated peak interconnect usage is 49% of the available device resources in the region that extends from location X58_Y49 to location X68_Y60
Info (170199): The Fitter performed an Auto Fit compilation.  Optimizations were skipped to reduce compilation time.
    Info (170201): Optimizations that may affect the design's routability were skipped
    Info (170200): Optimizations that may affect the design's timing were skipped
Info (170194): Fitter routing operations ending: elapsed time is 00:00:11
Info (11888): Total time spent on timing analysis during the Fitter is 3.99 seconds.
Info (334003): Started post-fitting delay annotation
Info (334004): Delay annotation completed successfully
Info (334003): Started post-fitting delay annotation
Info (334004): Delay annotation completed successfully
Info (11218): Fitter post-fit operations ending: elapsed time is 00:00:04
Info (144001): Generated suppressed messages file C:/Users/gvca/Documents/ProjetoOAC/Alterado/quartus/output_files/ProjetoOAC.fit.smsg
Info: Quartus Prime Fitter was successful. 0 errors, 3 warnings
    Info: Peak virtual memory: 6935 megabytes
    Info: Processing ended: Mon Jun 29 22:16:27 2026
    Info: Elapsed time: 00:00:52
    Info: Total CPU time (on all processors): 00:02:03


+----------------------------+
; Fitter Suppressed Messages ;
+----------------------------+
The suppressed messages can be found in C:/Users/gvca/Documents/ProjetoOAC/Alterado/quartus/output_files/ProjetoOAC.fit.smsg.


