Timing Analyzer report for ProjetoOAC
Wed Jun  3 15:34:20 2026
Quartus Prime Version 21.1.1 Build 850 06/23/2022 SJ Lite Edition


---------------------
; Table of Contents ;
---------------------
  1. Legal Notice
  2. Timing Analyzer Summary
  3. Parallel Compilation
  4. SDC File List
  5. Clocks
  6. Slow 1200mV 85C Model Fmax Summary
  7. Timing Closure Recommendations
  8. Slow 1200mV 85C Model Setup Summary
  9. Slow 1200mV 85C Model Hold Summary
 10. Slow 1200mV 85C Model Recovery Summary
 11. Slow 1200mV 85C Model Removal Summary
 12. Slow 1200mV 85C Model Minimum Pulse Width Summary
 13. Slow 1200mV 85C Model Setup: 'CLOCK_50'
 14. Slow 1200mV 85C Model Hold: 'CLOCK_50'
 15. Slow 1200mV 85C Model Metastability Summary
 16. Slow 1200mV 0C Model Fmax Summary
 17. Slow 1200mV 0C Model Setup Summary
 18. Slow 1200mV 0C Model Hold Summary
 19. Slow 1200mV 0C Model Recovery Summary
 20. Slow 1200mV 0C Model Removal Summary
 21. Slow 1200mV 0C Model Minimum Pulse Width Summary
 22. Slow 1200mV 0C Model Setup: 'CLOCK_50'
 23. Slow 1200mV 0C Model Hold: 'CLOCK_50'
 24. Slow 1200mV 0C Model Metastability Summary
 25. Fast 1200mV 0C Model Setup Summary
 26. Fast 1200mV 0C Model Hold Summary
 27. Fast 1200mV 0C Model Recovery Summary
 28. Fast 1200mV 0C Model Removal Summary
 29. Fast 1200mV 0C Model Minimum Pulse Width Summary
 30. Fast 1200mV 0C Model Setup: 'CLOCK_50'
 31. Fast 1200mV 0C Model Hold: 'CLOCK_50'
 32. Fast 1200mV 0C Model Metastability Summary
 33. Multicorner Timing Analysis Summary
 34. Board Trace Model Assignments
 35. Input Transition Times
 36. Signal Integrity Metrics (Slow 1200mv 0c Model)
 37. Signal Integrity Metrics (Slow 1200mv 85c Model)
 38. Signal Integrity Metrics (Fast 1200mv 0c Model)
 39. Setup Transfers
 40. Hold Transfers
 41. Report TCCS
 42. Report RSKM
 43. Unconstrained Paths Summary
 44. Clock Status Summary
 45. Timing Analyzer Messages



----------------
; Legal Notice ;
----------------
Copyright (C) 2022  Intel Corporation. All rights reserved.
Your use of Intel Corporation's design tools, logic functions 
and other software and tools, and any partner logic 
functions, and any output files from any of the foregoing 
(including device programming or simulation files), and any 
associated documentation or information are expressly subject 
to the terms and conditions of the Intel Program License 
Subscription Agreement, the Intel Quartus Prime License Agreement,
the Intel FPGA IP License Agreement, or other applicable license
agreement, including, without limitation, that your use is for
the sole purpose of programming logic devices manufactured by
Intel and sold by Intel or its authorized distributors.  Please
refer to the applicable agreement for further details, at
https://fpgasoftware.intel.com/eula.



+-----------------------------------------------------------------------------+
; Timing Analyzer Summary                                                     ;
+-----------------------+-----------------------------------------------------+
; Quartus Prime Version ; Version 21.1.1 Build 850 06/23/2022 SJ Lite Edition ;
; Timing Analyzer       ; Legacy Timing Analyzer                              ;
; Revision Name         ; ProjetoOAC                                          ;
; Device Family         ; Cyclone IV E                                        ;
; Device Name           ; EP4CE115F29C7                                       ;
; Timing Models         ; Final                                               ;
; Delay Model           ; Combined                                            ;
; Rise/Fall Delays      ; Enabled                                             ;
+-----------------------+-----------------------------------------------------+


+------------------------------------------+
; Parallel Compilation                     ;
+----------------------------+-------------+
; Processors                 ; Number      ;
+----------------------------+-------------+
; Number detected on machine ; 16          ;
; Maximum allowed            ; 16          ;
;                            ;             ;
; Average used               ; 1.93        ;
; Maximum used               ; 16          ;
;                            ;             ;
; Usage by Processor         ; % Time Used ;
;     Processor 1            ; 100.0%      ;
;     Processor 2            ;  22.6%      ;
;     Processor 3            ;   7.3%      ;
;     Processor 4            ;   6.9%      ;
;     Processors 5-16        ;   4.7%      ;
+----------------------------+-------------+


+-------------------------------------------------------+
; SDC File List                                         ;
+-------------------+--------+--------------------------+
; SDC File Path     ; Status ; Read at                  ;
+-------------------+--------+--------------------------+
; pl_top_no_pll.sdc ; OK     ; Wed Jun  3 15:34:16 2026 ;
+-------------------+--------+--------------------------+


+--------------------------------------------------------------------------------------------------------------------------------------------------------------------------------------+
; Clocks                                                                                                                                                                               ;
+------------+------+--------+-----------+-------+--------+------------+-----------+-------------+-------+--------+-----------+------------+----------+--------+--------+--------------+
; Clock Name ; Type ; Period ; Frequency ; Rise  ; Fall   ; Duty Cycle ; Divide by ; Multiply by ; Phase ; Offset ; Edge List ; Edge Shift ; Inverted ; Master ; Source ; Targets      ;
+------------+------+--------+-----------+-------+--------+------------+-----------+-------------+-------+--------+-----------+------------+----------+--------+--------+--------------+
; CLOCK_50   ; Base ; 20.000 ; 50.0 MHz  ; 0.000 ; 10.000 ;            ;           ;             ;       ;        ;           ;            ;          ;        ;        ; { CLOCK_50 } ;
+------------+------+--------+-----------+-------+--------+------------+-----------+-------------+-------+--------+-----------+------------+----------+--------+--------+--------------+


+-------------------------------------------------+
; Slow 1200mV 85C Model Fmax Summary              ;
+-----------+-----------------+------------+------+
; Fmax      ; Restricted Fmax ; Clock Name ; Note ;
+-----------+-----------------+------------+------+
; 54.64 MHz ; 54.64 MHz       ; CLOCK_50   ;      ;
+-----------+-----------------+------------+------+
This panel reports FMAX for every clock in the design, regardless of the user-specified clock periods.  FMAX is only computed for paths where the source and destination registers or ports are driven by the same clock.  Paths of different clocks, including generated clocks, are ignored.  For paths between a clock and its inversion, FMAX is computed as if the rising and falling edges are scaled along with FMAX, such that the duty cycle (in terms of a percentage) is maintained. Altera recommends that you always use clock constraints and other slack reports for sign-off analysis.


----------------------------------
; Timing Closure Recommendations ;
----------------------------------
HTML report is unavailable in plain text report export.


+-------------------------------------+
; Slow 1200mV 85C Model Setup Summary ;
+----------+-------+------------------+
; Clock    ; Slack ; End Point TNS    ;
+----------+-------+------------------+
; CLOCK_50 ; 1.698 ; 0.000            ;
+----------+-------+------------------+


+------------------------------------+
; Slow 1200mV 85C Model Hold Summary ;
+----------+-------+-----------------+
; Clock    ; Slack ; End Point TNS   ;
+----------+-------+-----------------+
; CLOCK_50 ; 0.402 ; 0.000           ;
+----------+-------+-----------------+


------------------------------------------
; Slow 1200mV 85C Model Recovery Summary ;
------------------------------------------
No paths to report.


-----------------------------------------
; Slow 1200mV 85C Model Removal Summary ;
-----------------------------------------
No paths to report.


+---------------------------------------------------+
; Slow 1200mV 85C Model Minimum Pulse Width Summary ;
+----------+-------+--------------------------------+
; Clock    ; Slack ; End Point TNS                  ;
+----------+-------+--------------------------------+
; CLOCK_50 ; 9.642 ; 0.000                          ;
+----------+-------+--------------------------------+


+--------------------------------------------------------------------------------------------------------------------------------------------------------------------------------+
; Slow 1200mV 85C Model Setup: 'CLOCK_50'                                                                                                                                        ;
+-------+----------------------------------------------+---------------------------------------------------+--------------+-------------+--------------+------------+------------+
; Slack ; From Node                                    ; To Node                                           ; Launch Clock ; Latch Clock ; Relationship ; Clock Skew ; Data Delay ;
+-------+----------------------------------------------+---------------------------------------------------+--------------+-------------+--------------+------------+------------+
; 1.698 ; pl_cpu:cpu|pl_datapath:datapath|id_ex.rs2[1] ; pl_cpu:cpu|pl_datapath:datapath|id_ex.imm_ext[14] ; CLOCK_50     ; CLOCK_50    ; 20.000       ; -0.102     ; 18.198     ;
; 1.698 ; pl_cpu:cpu|pl_datapath:datapath|id_ex.rs2[1] ; pl_cpu:cpu|pl_datapath:datapath|id_ex.imm_ext[13] ; CLOCK_50     ; CLOCK_50    ; 20.000       ; -0.102     ; 18.198     ;
; 1.743 ; pl_cpu:cpu|pl_datapath:datapath|id_ex.rs1[1] ; pl_cpu:cpu|pl_datapath:datapath|if_id.instr[5]    ; CLOCK_50     ; CLOCK_50    ; 20.000       ; -0.088     ; 18.167     ;
; 1.743 ; pl_cpu:cpu|pl_datapath:datapath|id_ex.rs1[1] ; pl_cpu:cpu|pl_datapath:datapath|if_id.instr[11]   ; CLOCK_50     ; CLOCK_50    ; 20.000       ; -0.088     ; 18.167     ;
; 1.743 ; pl_cpu:cpu|pl_datapath:datapath|id_ex.rs1[1] ; pl_cpu:cpu|pl_datapath:datapath|if_id.instr[10]   ; CLOCK_50     ; CLOCK_50    ; 20.000       ; -0.088     ; 18.167     ;
; 1.754 ; pl_cpu:cpu|pl_datapath:datapath|id_ex.rs2[1] ; pl_cpu:cpu|pl_datapath:datapath|id_ex.imm_ext[22] ; CLOCK_50     ; CLOCK_50    ; 20.000       ; -0.101     ; 18.143     ;
; 1.775 ; pl_cpu:cpu|pl_datapath:datapath|id_ex.rs2[1] ; pl_cpu:cpu|pl_datapath:datapath|id_ex.imm_ext[21] ; CLOCK_50     ; CLOCK_50    ; 20.000       ; -0.097     ; 18.126     ;
; 1.781 ; pl_cpu:cpu|pl_datapath:datapath|id_ex.rs1[1] ; pl_cpu:cpu|pl_datapath:datapath|if_id.instr[4]    ; CLOCK_50     ; CLOCK_50    ; 20.000       ; -0.084     ; 18.133     ;
; 1.781 ; pl_cpu:cpu|pl_datapath:datapath|id_ex.rs1[1] ; pl_cpu:cpu|pl_datapath:datapath|if_id.instr[6]    ; CLOCK_50     ; CLOCK_50    ; 20.000       ; -0.084     ; 18.133     ;
; 1.783 ; pl_cpu:cpu|pl_datapath:datapath|id_ex.rs1[0] ; pl_cpu:cpu|pl_datapath:datapath|if_id.instr[5]    ; CLOCK_50     ; CLOCK_50    ; 20.000       ; -0.089     ; 18.126     ;
; 1.783 ; pl_cpu:cpu|pl_datapath:datapath|id_ex.rs1[0] ; pl_cpu:cpu|pl_datapath:datapath|if_id.instr[11]   ; CLOCK_50     ; CLOCK_50    ; 20.000       ; -0.089     ; 18.126     ;
; 1.783 ; pl_cpu:cpu|pl_datapath:datapath|id_ex.rs1[0] ; pl_cpu:cpu|pl_datapath:datapath|if_id.instr[10]   ; CLOCK_50     ; CLOCK_50    ; 20.000       ; -0.089     ; 18.126     ;
; 1.799 ; pl_cpu:cpu|pl_datapath:datapath|id_ex.rs1[1] ; pl_cpu:cpu|pl_datapath:datapath|if_id.instr[14]   ; CLOCK_50     ; CLOCK_50    ; 20.000       ; -0.096     ; 18.103     ;
; 1.799 ; pl_cpu:cpu|pl_datapath:datapath|id_ex.rs1[1] ; pl_cpu:cpu|pl_datapath:datapath|if_id.instr[12]   ; CLOCK_50     ; CLOCK_50    ; 20.000       ; -0.096     ; 18.103     ;
; 1.800 ; pl_cpu:cpu|pl_datapath:datapath|id_ex.rs2[1] ; pl_cpu:cpu|pl_datapath:datapath|id_ex.imm_ext[17] ; CLOCK_50     ; CLOCK_50    ; 20.000       ; -0.089     ; 18.109     ;
; 1.801 ; pl_cpu:cpu|pl_datapath:datapath|id_ex.rs2[1] ; pl_cpu:cpu|pl_datapath:datapath|id_ex.imm_ext[26] ; CLOCK_50     ; CLOCK_50    ; 20.000       ; -0.089     ; 18.108     ;
; 1.808 ; pl_cpu:cpu|pl_datapath:datapath|id_ex.rs2[1] ; pl_cpu:cpu|pl_datapath:datapath|id_ex.imm_ext[18] ; CLOCK_50     ; CLOCK_50    ; 20.000       ; -0.097     ; 18.093     ;
; 1.821 ; pl_cpu:cpu|pl_datapath:datapath|id_ex.rs1[0] ; pl_cpu:cpu|pl_datapath:datapath|if_id.instr[4]    ; CLOCK_50     ; CLOCK_50    ; 20.000       ; -0.085     ; 18.092     ;
; 1.821 ; pl_cpu:cpu|pl_datapath:datapath|id_ex.rs1[0] ; pl_cpu:cpu|pl_datapath:datapath|if_id.instr[6]    ; CLOCK_50     ; CLOCK_50    ; 20.000       ; -0.085     ; 18.092     ;
; 1.830 ; pl_cpu:cpu|pl_datapath:datapath|id_ex.rs2[1] ; pl_cpu:cpu|pl_datapath:datapath|id_ex.imm_ext[24] ; CLOCK_50     ; CLOCK_50    ; 20.000       ; -0.086     ; 18.082     ;
; 1.839 ; pl_cpu:cpu|pl_datapath:datapath|id_ex.rs1[0] ; pl_cpu:cpu|pl_datapath:datapath|if_id.instr[14]   ; CLOCK_50     ; CLOCK_50    ; 20.000       ; -0.097     ; 18.062     ;
; 1.839 ; pl_cpu:cpu|pl_datapath:datapath|id_ex.rs1[0] ; pl_cpu:cpu|pl_datapath:datapath|if_id.instr[12]   ; CLOCK_50     ; CLOCK_50    ; 20.000       ; -0.097     ; 18.062     ;
; 1.913 ; pl_cpu:cpu|pl_datapath:datapath|id_ex.rs2[1] ; pl_cpu:cpu|pl_datapath:datapath|if_id.instr[5]    ; CLOCK_50     ; CLOCK_50    ; 20.000       ; -0.089     ; 17.996     ;
; 1.913 ; pl_cpu:cpu|pl_datapath:datapath|id_ex.rs2[1] ; pl_cpu:cpu|pl_datapath:datapath|if_id.instr[11]   ; CLOCK_50     ; CLOCK_50    ; 20.000       ; -0.089     ; 17.996     ;
; 1.913 ; pl_cpu:cpu|pl_datapath:datapath|id_ex.rs2[1] ; pl_cpu:cpu|pl_datapath:datapath|if_id.instr[10]   ; CLOCK_50     ; CLOCK_50    ; 20.000       ; -0.089     ; 17.996     ;
; 1.931 ; pl_cpu:cpu|pl_datapath:datapath|id_ex.rs2[3] ; pl_cpu:cpu|pl_datapath:datapath|id_ex.imm_ext[14] ; CLOCK_50     ; CLOCK_50    ; 20.000       ; -0.088     ; 17.979     ;
; 1.931 ; pl_cpu:cpu|pl_datapath:datapath|id_ex.rs2[3] ; pl_cpu:cpu|pl_datapath:datapath|id_ex.imm_ext[13] ; CLOCK_50     ; CLOCK_50    ; 20.000       ; -0.088     ; 17.979     ;
; 1.948 ; pl_cpu:cpu|pl_datapath:datapath|id_ex.rs2[0] ; pl_cpu:cpu|pl_datapath:datapath|id_ex.imm_ext[14] ; CLOCK_50     ; CLOCK_50    ; 20.000       ; -0.090     ; 17.960     ;
; 1.948 ; pl_cpu:cpu|pl_datapath:datapath|id_ex.rs2[0] ; pl_cpu:cpu|pl_datapath:datapath|id_ex.imm_ext[13] ; CLOCK_50     ; CLOCK_50    ; 20.000       ; -0.090     ; 17.960     ;
; 1.951 ; pl_cpu:cpu|pl_datapath:datapath|id_ex.rs2[1] ; pl_cpu:cpu|pl_datapath:datapath|if_id.instr[4]    ; CLOCK_50     ; CLOCK_50    ; 20.000       ; -0.085     ; 17.962     ;
; 1.951 ; pl_cpu:cpu|pl_datapath:datapath|id_ex.rs2[1] ; pl_cpu:cpu|pl_datapath:datapath|if_id.instr[6]    ; CLOCK_50     ; CLOCK_50    ; 20.000       ; -0.085     ; 17.962     ;
; 1.960 ; pl_cpu:cpu|pl_datapath:datapath|ex_mem.rd[1] ; pl_cpu:cpu|pl_datapath:datapath|if_id.instr[5]    ; CLOCK_50     ; CLOCK_50    ; 20.000       ; -0.078     ; 17.960     ;
; 1.960 ; pl_cpu:cpu|pl_datapath:datapath|ex_mem.rd[1] ; pl_cpu:cpu|pl_datapath:datapath|if_id.instr[11]   ; CLOCK_50     ; CLOCK_50    ; 20.000       ; -0.078     ; 17.960     ;
; 1.960 ; pl_cpu:cpu|pl_datapath:datapath|ex_mem.rd[1] ; pl_cpu:cpu|pl_datapath:datapath|if_id.instr[10]   ; CLOCK_50     ; CLOCK_50    ; 20.000       ; -0.078     ; 17.960     ;
; 1.969 ; pl_cpu:cpu|pl_datapath:datapath|id_ex.rs2[1] ; pl_cpu:cpu|pl_datapath:datapath|if_id.instr[14]   ; CLOCK_50     ; CLOCK_50    ; 20.000       ; -0.097     ; 17.932     ;
; 1.969 ; pl_cpu:cpu|pl_datapath:datapath|id_ex.rs2[1] ; pl_cpu:cpu|pl_datapath:datapath|if_id.instr[12]   ; CLOCK_50     ; CLOCK_50    ; 20.000       ; -0.097     ; 17.932     ;
; 1.987 ; pl_cpu:cpu|pl_datapath:datapath|id_ex.rs2[3] ; pl_cpu:cpu|pl_datapath:datapath|id_ex.imm_ext[22] ; CLOCK_50     ; CLOCK_50    ; 20.000       ; -0.087     ; 17.924     ;
; 1.998 ; pl_cpu:cpu|pl_datapath:datapath|ex_mem.rd[1] ; pl_cpu:cpu|pl_datapath:datapath|if_id.instr[4]    ; CLOCK_50     ; CLOCK_50    ; 20.000       ; -0.074     ; 17.926     ;
; 1.998 ; pl_cpu:cpu|pl_datapath:datapath|ex_mem.rd[1] ; pl_cpu:cpu|pl_datapath:datapath|if_id.instr[6]    ; CLOCK_50     ; CLOCK_50    ; 20.000       ; -0.074     ; 17.926     ;
; 2.003 ; pl_cpu:cpu|pl_datapath:datapath|ex_mem.rd[1] ; pl_cpu:cpu|pl_datapath:datapath|id_ex.imm_ext[14] ; CLOCK_50     ; CLOCK_50    ; 20.000       ; -0.091     ; 17.904     ;
; 2.003 ; pl_cpu:cpu|pl_datapath:datapath|ex_mem.rd[1] ; pl_cpu:cpu|pl_datapath:datapath|id_ex.imm_ext[13] ; CLOCK_50     ; CLOCK_50    ; 20.000       ; -0.091     ; 17.904     ;
; 2.004 ; pl_cpu:cpu|pl_datapath:datapath|id_ex.rs2[0] ; pl_cpu:cpu|pl_datapath:datapath|id_ex.imm_ext[22] ; CLOCK_50     ; CLOCK_50    ; 20.000       ; -0.089     ; 17.905     ;
; 2.008 ; pl_cpu:cpu|pl_datapath:datapath|id_ex.rs2[3] ; pl_cpu:cpu|pl_datapath:datapath|id_ex.imm_ext[21] ; CLOCK_50     ; CLOCK_50    ; 20.000       ; -0.083     ; 17.907     ;
; 2.016 ; pl_cpu:cpu|pl_datapath:datapath|ex_mem.rd[1] ; pl_cpu:cpu|pl_datapath:datapath|if_id.instr[14]   ; CLOCK_50     ; CLOCK_50    ; 20.000       ; -0.086     ; 17.896     ;
; 2.016 ; pl_cpu:cpu|pl_datapath:datapath|ex_mem.rd[1] ; pl_cpu:cpu|pl_datapath:datapath|if_id.instr[12]   ; CLOCK_50     ; CLOCK_50    ; 20.000       ; -0.086     ; 17.896     ;
; 2.025 ; pl_cpu:cpu|pl_datapath:datapath|id_ex.rs2[0] ; pl_cpu:cpu|pl_datapath:datapath|id_ex.imm_ext[21] ; CLOCK_50     ; CLOCK_50    ; 20.000       ; -0.085     ; 17.888     ;
; 2.028 ; pl_cpu:cpu|pl_datapath:datapath|id_ex.rs2[1] ; pl_cpu:cpu|pl_datapath:datapath|id_ex.imm_ext[19] ; CLOCK_50     ; CLOCK_50    ; 20.000       ; -0.082     ; 17.888     ;
; 2.030 ; pl_cpu:cpu|pl_datapath:datapath|id_ex.rs2[1] ; pl_cpu:cpu|pl_datapath:datapath|id_ex.imm_ext[23] ; CLOCK_50     ; CLOCK_50    ; 20.000       ; -0.103     ; 17.865     ;
; 2.033 ; pl_cpu:cpu|pl_datapath:datapath|id_ex.rs2[1] ; pl_cpu:cpu|pl_datapath:datapath|id_ex.imm_ext[29] ; CLOCK_50     ; CLOCK_50    ; 20.000       ; -0.096     ; 17.869     ;
; 2.033 ; pl_cpu:cpu|pl_datapath:datapath|id_ex.rs2[3] ; pl_cpu:cpu|pl_datapath:datapath|id_ex.imm_ext[17] ; CLOCK_50     ; CLOCK_50    ; 20.000       ; -0.075     ; 17.890     ;
; 2.034 ; pl_cpu:cpu|pl_datapath:datapath|id_ex.rs2[3] ; pl_cpu:cpu|pl_datapath:datapath|id_ex.imm_ext[26] ; CLOCK_50     ; CLOCK_50    ; 20.000       ; -0.075     ; 17.889     ;
; 2.036 ; pl_cpu:cpu|pl_datapath:datapath|id_ex.rs2[1] ; pl_cpu:cpu|pl_datapath:datapath|id_ex.imm_ext[30] ; CLOCK_50     ; CLOCK_50    ; 20.000       ; -0.096     ; 17.866     ;
; 2.041 ; pl_cpu:cpu|pl_datapath:datapath|id_ex.rs2[3] ; pl_cpu:cpu|pl_datapath:datapath|id_ex.imm_ext[18] ; CLOCK_50     ; CLOCK_50    ; 20.000       ; -0.083     ; 17.874     ;
; 2.049 ; pl_cpu:cpu|pl_datapath:datapath|id_ex.rs2[1] ; pl_cpu:cpu|pl_datapath:datapath|id_ex.imm_ext[16] ; CLOCK_50     ; CLOCK_50    ; 20.000       ; -0.091     ; 17.858     ;
; 2.049 ; pl_cpu:cpu|pl_datapath:datapath|id_ex.rs1[1] ; pl_cpu:cpu|pl_datapath:datapath|id_ex.imm_ext[14] ; CLOCK_50     ; CLOCK_50    ; 20.000       ; -0.101     ; 17.848     ;
; 2.049 ; pl_cpu:cpu|pl_datapath:datapath|id_ex.rs1[1] ; pl_cpu:cpu|pl_datapath:datapath|id_ex.imm_ext[13] ; CLOCK_50     ; CLOCK_50    ; 20.000       ; -0.101     ; 17.848     ;
; 2.050 ; pl_cpu:cpu|pl_datapath:datapath|id_ex.rs2[0] ; pl_cpu:cpu|pl_datapath:datapath|id_ex.imm_ext[17] ; CLOCK_50     ; CLOCK_50    ; 20.000       ; -0.077     ; 17.871     ;
; 2.051 ; pl_cpu:cpu|pl_datapath:datapath|id_ex.rs2[0] ; pl_cpu:cpu|pl_datapath:datapath|id_ex.imm_ext[26] ; CLOCK_50     ; CLOCK_50    ; 20.000       ; -0.077     ; 17.870     ;
; 2.058 ; pl_cpu:cpu|pl_datapath:datapath|id_ex.rs2[1] ; pl_cpu:cpu|pl_datapath:datapath|id_ex.imm_ext[15] ; CLOCK_50     ; CLOCK_50    ; 20.000       ; -0.079     ; 17.861     ;
; 2.058 ; pl_cpu:cpu|pl_datapath:datapath|id_ex.rs2[0] ; pl_cpu:cpu|pl_datapath:datapath|id_ex.imm_ext[18] ; CLOCK_50     ; CLOCK_50    ; 20.000       ; -0.085     ; 17.855     ;
; 2.059 ; pl_cpu:cpu|pl_datapath:datapath|ex_mem.rd[1] ; pl_cpu:cpu|pl_datapath:datapath|id_ex.imm_ext[22] ; CLOCK_50     ; CLOCK_50    ; 20.000       ; -0.090     ; 17.849     ;
; 2.061 ; pl_cpu:cpu|pl_datapath:datapath|id_ex.rs2[1] ; pl_cpu:cpu|pl_datapath:datapath|id_ex.imm_ext[28] ; CLOCK_50     ; CLOCK_50    ; 20.000       ; -0.100     ; 17.837     ;
; 2.063 ; pl_cpu:cpu|pl_datapath:datapath|id_ex.rs2[3] ; pl_cpu:cpu|pl_datapath:datapath|id_ex.imm_ext[24] ; CLOCK_50     ; CLOCK_50    ; 20.000       ; -0.072     ; 17.863     ;
; 2.069 ; pl_cpu:cpu|pl_datapath:datapath|id_ex.rs1[1] ; pl_cpu:cpu|pl_datapath:datapath|if_id.instr[30]   ; CLOCK_50     ; CLOCK_50    ; 20.000       ; -0.082     ; 17.847     ;
; 2.069 ; pl_cpu:cpu|pl_datapath:datapath|id_ex.rs1[1] ; pl_cpu:cpu|pl_datapath:datapath|if_id.instr[31]   ; CLOCK_50     ; CLOCK_50    ; 20.000       ; -0.082     ; 17.847     ;
; 2.076 ; pl_cpu:cpu|pl_datapath:datapath|id_ex.rs1[1] ; pl_cpu:cpu|pl_datapath:datapath|if_id.instr[9]    ; CLOCK_50     ; CLOCK_50    ; 20.000       ; -0.081     ; 17.841     ;
; 2.080 ; pl_cpu:cpu|pl_datapath:datapath|ex_mem.rd[1] ; pl_cpu:cpu|pl_datapath:datapath|id_ex.imm_ext[21] ; CLOCK_50     ; CLOCK_50    ; 20.000       ; -0.086     ; 17.832     ;
; 2.080 ; pl_cpu:cpu|pl_datapath:datapath|id_ex.rs2[0] ; pl_cpu:cpu|pl_datapath:datapath|id_ex.imm_ext[24] ; CLOCK_50     ; CLOCK_50    ; 20.000       ; -0.074     ; 17.844     ;
; 2.089 ; pl_cpu:cpu|pl_datapath:datapath|id_ex.rs1[0] ; pl_cpu:cpu|pl_datapath:datapath|id_ex.imm_ext[14] ; CLOCK_50     ; CLOCK_50    ; 20.000       ; -0.102     ; 17.807     ;
; 2.089 ; pl_cpu:cpu|pl_datapath:datapath|id_ex.rs1[0] ; pl_cpu:cpu|pl_datapath:datapath|id_ex.imm_ext[13] ; CLOCK_50     ; CLOCK_50    ; 20.000       ; -0.102     ; 17.807     ;
; 2.093 ; pl_cpu:cpu|pl_datapath:datapath|ex_mem.rd[4] ; pl_cpu:cpu|pl_datapath:datapath|if_id.instr[5]    ; CLOCK_50     ; CLOCK_50    ; 20.000       ; -0.078     ; 17.827     ;
; 2.093 ; pl_cpu:cpu|pl_datapath:datapath|ex_mem.rd[4] ; pl_cpu:cpu|pl_datapath:datapath|if_id.instr[11]   ; CLOCK_50     ; CLOCK_50    ; 20.000       ; -0.078     ; 17.827     ;
; 2.093 ; pl_cpu:cpu|pl_datapath:datapath|ex_mem.rd[4] ; pl_cpu:cpu|pl_datapath:datapath|if_id.instr[10]   ; CLOCK_50     ; CLOCK_50    ; 20.000       ; -0.078     ; 17.827     ;
; 2.105 ; pl_cpu:cpu|pl_datapath:datapath|id_ex.rs1[1] ; pl_cpu:cpu|pl_datapath:datapath|id_ex.imm_ext[22] ; CLOCK_50     ; CLOCK_50    ; 20.000       ; -0.100     ; 17.793     ;
; 2.105 ; pl_cpu:cpu|pl_datapath:datapath|ex_mem.rd[1] ; pl_cpu:cpu|pl_datapath:datapath|id_ex.imm_ext[17] ; CLOCK_50     ; CLOCK_50    ; 20.000       ; -0.078     ; 17.815     ;
; 2.106 ; pl_cpu:cpu|pl_datapath:datapath|ex_mem.rd[1] ; pl_cpu:cpu|pl_datapath:datapath|id_ex.imm_ext[26] ; CLOCK_50     ; CLOCK_50    ; 20.000       ; -0.078     ; 17.814     ;
; 2.109 ; pl_cpu:cpu|pl_datapath:datapath|id_ex.rs1[0] ; pl_cpu:cpu|pl_datapath:datapath|if_id.instr[30]   ; CLOCK_50     ; CLOCK_50    ; 20.000       ; -0.083     ; 17.806     ;
; 2.109 ; pl_cpu:cpu|pl_datapath:datapath|id_ex.rs1[0] ; pl_cpu:cpu|pl_datapath:datapath|if_id.instr[31]   ; CLOCK_50     ; CLOCK_50    ; 20.000       ; -0.083     ; 17.806     ;
; 2.111 ; pl_cpu:cpu|pl_datapath:datapath|id_ex.rs1[2] ; pl_cpu:cpu|pl_datapath:datapath|if_id.instr[5]    ; CLOCK_50     ; CLOCK_50    ; 20.000       ; -0.088     ; 17.799     ;
; 2.111 ; pl_cpu:cpu|pl_datapath:datapath|id_ex.rs1[2] ; pl_cpu:cpu|pl_datapath:datapath|if_id.instr[11]   ; CLOCK_50     ; CLOCK_50    ; 20.000       ; -0.088     ; 17.799     ;
; 2.111 ; pl_cpu:cpu|pl_datapath:datapath|id_ex.rs1[2] ; pl_cpu:cpu|pl_datapath:datapath|if_id.instr[10]   ; CLOCK_50     ; CLOCK_50    ; 20.000       ; -0.088     ; 17.799     ;
; 2.113 ; pl_cpu:cpu|pl_datapath:datapath|ex_mem.rd[1] ; pl_cpu:cpu|pl_datapath:datapath|id_ex.imm_ext[18] ; CLOCK_50     ; CLOCK_50    ; 20.000       ; -0.086     ; 17.799     ;
; 2.116 ; pl_cpu:cpu|pl_datapath:datapath|id_ex.rs1[0] ; pl_cpu:cpu|pl_datapath:datapath|if_id.instr[9]    ; CLOCK_50     ; CLOCK_50    ; 20.000       ; -0.082     ; 17.800     ;
; 2.126 ; pl_cpu:cpu|pl_datapath:datapath|id_ex.rs1[1] ; pl_cpu:cpu|pl_datapath:datapath|id_ex.imm_ext[21] ; CLOCK_50     ; CLOCK_50    ; 20.000       ; -0.096     ; 17.776     ;
; 2.130 ; pl_cpu:cpu|pl_datapath:datapath|id_ex.rs1[3] ; pl_cpu:cpu|pl_datapath:datapath|if_id.instr[5]    ; CLOCK_50     ; CLOCK_50    ; 20.000       ; -0.088     ; 17.780     ;
; 2.130 ; pl_cpu:cpu|pl_datapath:datapath|id_ex.rs1[3] ; pl_cpu:cpu|pl_datapath:datapath|if_id.instr[11]   ; CLOCK_50     ; CLOCK_50    ; 20.000       ; -0.088     ; 17.780     ;
; 2.130 ; pl_cpu:cpu|pl_datapath:datapath|id_ex.rs1[3] ; pl_cpu:cpu|pl_datapath:datapath|if_id.instr[10]   ; CLOCK_50     ; CLOCK_50    ; 20.000       ; -0.088     ; 17.780     ;
; 2.131 ; pl_cpu:cpu|pl_datapath:datapath|id_ex.rs2[1] ; pl_cpu:cpu|pl_datapath:datapath|id_ex.imm_ext[27] ; CLOCK_50     ; CLOCK_50    ; 20.000       ; -0.089     ; 17.778     ;
; 2.131 ; pl_cpu:cpu|pl_datapath:datapath|ex_mem.rd[4] ; pl_cpu:cpu|pl_datapath:datapath|if_id.instr[4]    ; CLOCK_50     ; CLOCK_50    ; 20.000       ; -0.074     ; 17.793     ;
; 2.131 ; pl_cpu:cpu|pl_datapath:datapath|ex_mem.rd[4] ; pl_cpu:cpu|pl_datapath:datapath|if_id.instr[6]    ; CLOCK_50     ; CLOCK_50    ; 20.000       ; -0.074     ; 17.793     ;
; 2.135 ; pl_cpu:cpu|pl_datapath:datapath|ex_mem.rd[1] ; pl_cpu:cpu|pl_datapath:datapath|id_ex.imm_ext[24] ; CLOCK_50     ; CLOCK_50    ; 20.000       ; -0.075     ; 17.788     ;
; 2.136 ; pl_cpu:cpu|pl_datapath:datapath|ex_mem.rd[4] ; pl_cpu:cpu|pl_datapath:datapath|id_ex.imm_ext[14] ; CLOCK_50     ; CLOCK_50    ; 20.000       ; -0.091     ; 17.771     ;
; 2.136 ; pl_cpu:cpu|pl_datapath:datapath|ex_mem.rd[4] ; pl_cpu:cpu|pl_datapath:datapath|id_ex.imm_ext[13] ; CLOCK_50     ; CLOCK_50    ; 20.000       ; -0.091     ; 17.771     ;
; 2.145 ; pl_cpu:cpu|pl_datapath:datapath|id_ex.rs1[0] ; pl_cpu:cpu|pl_datapath:datapath|id_ex.imm_ext[22] ; CLOCK_50     ; CLOCK_50    ; 20.000       ; -0.101     ; 17.752     ;
; 2.146 ; pl_cpu:cpu|pl_datapath:datapath|id_ex.rs2[3] ; pl_cpu:cpu|pl_datapath:datapath|if_id.instr[5]    ; CLOCK_50     ; CLOCK_50    ; 20.000       ; -0.075     ; 17.777     ;
; 2.146 ; pl_cpu:cpu|pl_datapath:datapath|id_ex.rs2[3] ; pl_cpu:cpu|pl_datapath:datapath|if_id.instr[11]   ; CLOCK_50     ; CLOCK_50    ; 20.000       ; -0.075     ; 17.777     ;
; 2.146 ; pl_cpu:cpu|pl_datapath:datapath|id_ex.rs2[3] ; pl_cpu:cpu|pl_datapath:datapath|if_id.instr[10]   ; CLOCK_50     ; CLOCK_50    ; 20.000       ; -0.075     ; 17.777     ;
; 2.149 ; pl_cpu:cpu|pl_datapath:datapath|id_ex.rs1[2] ; pl_cpu:cpu|pl_datapath:datapath|if_id.instr[4]    ; CLOCK_50     ; CLOCK_50    ; 20.000       ; -0.084     ; 17.765     ;
; 2.149 ; pl_cpu:cpu|pl_datapath:datapath|id_ex.rs1[2] ; pl_cpu:cpu|pl_datapath:datapath|if_id.instr[6]    ; CLOCK_50     ; CLOCK_50    ; 20.000       ; -0.084     ; 17.765     ;
; 2.149 ; pl_cpu:cpu|pl_datapath:datapath|ex_mem.rd[4] ; pl_cpu:cpu|pl_datapath:datapath|if_id.instr[14]   ; CLOCK_50     ; CLOCK_50    ; 20.000       ; -0.086     ; 17.763     ;
+-------+----------------------------------------------+---------------------------------------------------+--------------+-------------+--------------+------------+------------+


+--------------------------------------------------------------------------------------------------------------------------------------------------------------------------------------------------------------------------------------------------+
; Slow 1200mV 85C Model Hold: 'CLOCK_50'                                                                                                                                                                                                           ;
+-------+---------------------------------------------------------------------------------+----------------------------------------------------------------------------------+--------------+-------------+--------------+------------+------------+
; Slack ; From Node                                                                       ; To Node                                                                          ; Launch Clock ; Latch Clock ; Relationship ; Clock Skew ; Data Delay ;
+-------+---------------------------------------------------------------------------------+----------------------------------------------------------------------------------+--------------+-------------+--------------+------------+------------+
; 0.402 ; pl_cpu:cpu|pl_datapath:datapath|pl_mmio:mmio|tx_byte_idx[1]                     ; pl_cpu:cpu|pl_datapath:datapath|pl_mmio:mmio|tx_byte_idx[1]                      ; CLOCK_50     ; CLOCK_50    ; 0.000        ; 0.081      ; 0.669      ;
; 0.402 ; pl_cpu:cpu|pl_datapath:datapath|pl_mmio:mmio|tx_byte_idx[0]                     ; pl_cpu:cpu|pl_datapath:datapath|pl_mmio:mmio|tx_byte_idx[0]                      ; CLOCK_50     ; CLOCK_50    ; 0.000        ; 0.081      ; 0.669      ;
; 0.402 ; pl_cpu:cpu|pl_datapath:datapath|pl_mmio:mmio|pl_uart:uart_inst|rx_bit_idx[1]    ; pl_cpu:cpu|pl_datapath:datapath|pl_mmio:mmio|pl_uart:uart_inst|rx_bit_idx[1]     ; CLOCK_50     ; CLOCK_50    ; 0.000        ; 0.081      ; 0.669      ;
; 0.402 ; pl_cpu:cpu|pl_datapath:datapath|pl_mmio:mmio|pl_uart:uart_inst|rx_bit_idx[2]    ; pl_cpu:cpu|pl_datapath:datapath|pl_mmio:mmio|pl_uart:uart_inst|rx_bit_idx[2]     ; CLOCK_50     ; CLOCK_50    ; 0.000        ; 0.081      ; 0.669      ;
; 0.402 ; pl_cpu:cpu|pl_datapath:datapath|pl_mmio:mmio|pl_uart:uart_inst|rx_state.RX_STOP ; pl_cpu:cpu|pl_datapath:datapath|pl_mmio:mmio|pl_uart:uart_inst|rx_state.RX_STOP  ; CLOCK_50     ; CLOCK_50    ; 0.000        ; 0.081      ; 0.669      ;
; 0.402 ; pl_cpu:cpu|pl_datapath:datapath|pl_mmio:mmio|pl_uart:uart_inst|rx_state.RX_IDLE ; pl_cpu:cpu|pl_datapath:datapath|pl_mmio:mmio|pl_uart:uart_inst|rx_state.RX_IDLE  ; CLOCK_50     ; CLOCK_50    ; 0.000        ; 0.081      ; 0.669      ;
; 0.402 ; pl_cpu:cpu|pl_datapath:datapath|if_id.instr[16]                                 ; pl_cpu:cpu|pl_datapath:datapath|if_id.instr[16]                                  ; CLOCK_50     ; CLOCK_50    ; 0.000        ; 0.081      ; 0.669      ;
; 0.402 ; pl_cpu:cpu|pl_datapath:datapath|if_id.instr[15]                                 ; pl_cpu:cpu|pl_datapath:datapath|if_id.instr[15]                                  ; CLOCK_50     ; CLOCK_50    ; 0.000        ; 0.081      ; 0.669      ;
; 0.402 ; pl_cpu:cpu|pl_datapath:datapath|if_id.instr[17]                                 ; pl_cpu:cpu|pl_datapath:datapath|if_id.instr[17]                                  ; CLOCK_50     ; CLOCK_50    ; 0.000        ; 0.081      ; 0.669      ;
; 0.402 ; pl_cpu:cpu|pl_datapath:datapath|if_id.instr[19]                                 ; pl_cpu:cpu|pl_datapath:datapath|if_id.instr[19]                                  ; CLOCK_50     ; CLOCK_50    ; 0.000        ; 0.081      ; 0.669      ;
; 0.402 ; pl_cpu:cpu|pl_datapath:datapath|pl_mmio:mmio|rx_ready                           ; pl_cpu:cpu|pl_datapath:datapath|pl_mmio:mmio|rx_ready                            ; CLOCK_50     ; CLOCK_50    ; 0.000        ; 0.081      ; 0.669      ;
; 0.403 ; pl_cpu:cpu|pl_datapath:datapath|pl_mmio:mmio|tx_word_busy                       ; pl_cpu:cpu|pl_datapath:datapath|pl_mmio:mmio|tx_word_busy                        ; CLOCK_50     ; CLOCK_50    ; 0.000        ; 0.080      ; 0.669      ;
; 0.403 ; pl_cpu:cpu|pl_datapath:datapath|pl_mmio:mmio|pl_uart:uart_inst|tx_busy          ; pl_cpu:cpu|pl_datapath:datapath|pl_mmio:mmio|pl_uart:uart_inst|tx_busy           ; CLOCK_50     ; CLOCK_50    ; 0.000        ; 0.080      ; 0.669      ;
; 0.404 ; pl_cpu:cpu|pl_datapath:datapath|pl_mmio:mmio|pl_uart:uart_inst|tx_sr[7]         ; pl_cpu:cpu|pl_datapath:datapath|pl_mmio:mmio|pl_uart:uart_inst|tx_sr[7]          ; CLOCK_50     ; CLOCK_50    ; 0.000        ; 0.079      ; 0.669      ;
; 0.404 ; pl_cpu:cpu|pl_datapath:datapath|pl_mmio:mmio|pl_uart:uart_inst|tx_state.TX_IDLE ; pl_cpu:cpu|pl_datapath:datapath|pl_mmio:mmio|pl_uart:uart_inst|tx_state.TX_IDLE  ; CLOCK_50     ; CLOCK_50    ; 0.000        ; 0.079      ; 0.669      ;
; 0.404 ; pl_cpu:cpu|pl_datapath:datapath|pl_mmio:mmio|pl_uart:uart_inst|tx_bit_idx[1]    ; pl_cpu:cpu|pl_datapath:datapath|pl_mmio:mmio|pl_uart:uart_inst|tx_bit_idx[1]     ; CLOCK_50     ; CLOCK_50    ; 0.000        ; 0.079      ; 0.669      ;
; 0.404 ; pl_cpu:cpu|pl_datapath:datapath|pl_mmio:mmio|pl_uart:uart_inst|tx_bit_idx[2]    ; pl_cpu:cpu|pl_datapath:datapath|pl_mmio:mmio|pl_uart:uart_inst|tx_bit_idx[2]     ; CLOCK_50     ; CLOCK_50    ; 0.000        ; 0.079      ; 0.669      ;
; 0.404 ; pl_cpu:cpu|pl_datapath:datapath|pl_mmio:mmio|pl_uart:uart_inst|tx_state.TX_STOP ; pl_cpu:cpu|pl_datapath:datapath|pl_mmio:mmio|pl_uart:uart_inst|tx_state.TX_STOP  ; CLOCK_50     ; CLOCK_50    ; 0.000        ; 0.079      ; 0.669      ;
; 0.407 ; pl_cpu:cpu|pl_datapath:datapath|pl_mmio:mmio|pl_uart:uart_inst|rx_bit_idx[0]    ; pl_cpu:cpu|pl_datapath:datapath|pl_mmio:mmio|pl_uart:uart_inst|rx_bit_idx[0]     ; CLOCK_50     ; CLOCK_50    ; 0.000        ; 0.081      ; 0.674      ;
; 0.408 ; pl_cpu:cpu|pl_datapath:datapath|pl_mmio:mmio|cycle_count[0]                     ; pl_cpu:cpu|pl_datapath:datapath|pl_mmio:mmio|cycle_count[0]                      ; CLOCK_50     ; CLOCK_50    ; 0.000        ; 0.080      ; 0.674      ;
; 0.409 ; pl_cpu:cpu|pl_datapath:datapath|pl_mmio:mmio|pl_uart:uart_inst|tx_bit_idx[0]    ; pl_cpu:cpu|pl_datapath:datapath|pl_mmio:mmio|pl_uart:uart_inst|tx_bit_idx[0]     ; CLOCK_50     ; CLOCK_50    ; 0.000        ; 0.079      ; 0.674      ;
; 0.436 ; pl_cpu:cpu|pl_datapath:datapath|if_id.instr[8]                                  ; pl_cpu:cpu|pl_datapath:datapath|id_ex.rd[1]                                      ; CLOCK_50     ; CLOCK_50    ; 0.000        ; 0.081      ; 0.703      ;
; 0.437 ; pl_cpu:cpu|pl_datapath:datapath|if_id.instr[30]                                 ; pl_cpu:cpu|pl_datapath:datapath|id_ex.funct7[5]                                  ; CLOCK_50     ; CLOCK_50    ; 0.000        ; 0.081      ; 0.704      ;
; 0.438 ; pl_cpu:cpu|pl_datapath:datapath|pl_mmio:mmio|pl_uart:uart_inst|tx_bit_idx[0]    ; pl_cpu:cpu|pl_datapath:datapath|pl_mmio:mmio|pl_uart:uart_inst|tx_bit_idx[1]     ; CLOCK_50     ; CLOCK_50    ; 0.000        ; 0.079      ; 0.703      ;
; 0.438 ; pl_cpu:cpu|pl_datapath:datapath|pl_mmio:mmio|pl_uart:uart_inst|tx_bit_idx[0]    ; pl_cpu:cpu|pl_datapath:datapath|pl_mmio:mmio|pl_uart:uart_inst|tx_bit_idx[2]     ; CLOCK_50     ; CLOCK_50    ; 0.000        ; 0.079      ; 0.703      ;
; 0.450 ; pl_cpu:cpu|pl_datapath:datapath|ex_mem.alu_result[29]                           ; pl_cpu:cpu|pl_datapath:datapath|ex_mem.write_data[29]                            ; CLOCK_50     ; CLOCK_50    ; 0.000        ; 0.080      ; 0.716      ;
; 0.450 ; pl_cpu:cpu|pl_datapath:datapath|pl_mmio:mmio|pl_uart:uart_inst|rx_sr[7]         ; pl_cpu:cpu|pl_datapath:datapath|pl_mmio:mmio|pl_uart:uart_inst|rx_sr[6]          ; CLOCK_50     ; CLOCK_50    ; 0.000        ; 0.081      ; 0.717      ;
; 0.452 ; pl_cpu:cpu|pl_datapath:datapath|pl_mmio:mmio|pl_uart:uart_inst|rx_sr[4]         ; pl_cpu:cpu|pl_datapath:datapath|pl_mmio:mmio|pl_uart:uart_inst|rx_sr[3]          ; CLOCK_50     ; CLOCK_50    ; 0.000        ; 0.081      ; 0.719      ;
; 0.453 ; pl_cpu:cpu|pl_datapath:datapath|pl_mmio:mmio|pl_uart:uart_inst|rx_sr[5]         ; pl_cpu:cpu|pl_datapath:datapath|pl_mmio:mmio|pl_uart:uart_inst|rx_sr[4]          ; CLOCK_50     ; CLOCK_50    ; 0.000        ; 0.081      ; 0.720      ;
; 0.453 ; pl_cpu:cpu|pl_datapath:datapath|pl_mmio:mmio|pl_uart:uart_inst|rx_sr[6]         ; pl_cpu:cpu|pl_datapath:datapath|pl_mmio:mmio|pl_uart:uart_inst|rx_sr[5]          ; CLOCK_50     ; CLOCK_50    ; 0.000        ; 0.081      ; 0.720      ;
; 0.459 ; pl_cpu:cpu|pl_datapath:datapath|pl_mmio:mmio|tx_word_busy                       ; pl_cpu:cpu|pl_datapath:datapath|mem_wb.read_data[9]                              ; CLOCK_50     ; CLOCK_50    ; 0.000        ; 0.080      ; 0.725      ;
; 0.465 ; pl_cpu:cpu|pl_datapath:datapath|pl_mmio:mmio|pl_uart:uart_inst|tx_state.TX_STOP ; pl_cpu:cpu|pl_datapath:datapath|pl_mmio:mmio|pl_uart:uart_inst|tx_state.TX_DATA  ; CLOCK_50     ; CLOCK_50    ; 0.000        ; 0.079      ; 0.730      ;
; 0.469 ; pl_cpu:cpu|pl_datapath:datapath|pl_mmio:mmio|pl_uart:uart_inst|tx_state.TX_STOP ; pl_cpu:cpu|pl_datapath:datapath|pl_mmio:mmio|pl_uart:uart_inst|tx_state.TX_IDLE  ; CLOCK_50     ; CLOCK_50    ; 0.000        ; 0.079      ; 0.734      ;
; 0.481 ; pl_cpu:cpu|pl_datapath:datapath|pl_mmio:mmio|pl_uart:uart_inst|rx_state.RX_DATA ; pl_cpu:cpu|pl_datapath:datapath|pl_mmio:mmio|pl_uart:uart_inst|rx_bit_idx[1]     ; CLOCK_50     ; CLOCK_50    ; 0.000        ; 0.081      ; 0.748      ;
; 0.483 ; pl_cpu:cpu|pl_datapath:datapath|pl_mmio:mmio|pl_uart:uart_inst|rx_state.RX_DATA ; pl_cpu:cpu|pl_datapath:datapath|pl_mmio:mmio|pl_uart:uart_inst|rx_bit_idx[0]     ; CLOCK_50     ; CLOCK_50    ; 0.000        ; 0.081      ; 0.750      ;
; 0.483 ; pl_cpu:cpu|pl_datapath:datapath|pl_mmio:mmio|pl_uart:uart_inst|rx_state.RX_DATA ; pl_cpu:cpu|pl_datapath:datapath|pl_mmio:mmio|pl_uart:uart_inst|rx_bit_idx[2]     ; CLOCK_50     ; CLOCK_50    ; 0.000        ; 0.081      ; 0.750      ;
; 0.493 ; pl_cpu:cpu|pl_datapath:datapath|pl_mmio:mmio|pl_uart:uart_inst|tx_state.TX_IDLE ; pl_cpu:cpu|pl_datapath:datapath|pl_mmio:mmio|pl_uart:uart_inst|TXD               ; CLOCK_50     ; CLOCK_50    ; 0.000        ; 0.079      ; 0.758      ;
; 0.493 ; pl_cpu:cpu|pl_datapath:datapath|pl_mmio:mmio|pl_uart:uart_inst|tx_state.TX_IDLE ; pl_cpu:cpu|pl_datapath:datapath|pl_mmio:mmio|pl_uart:uart_inst|tx_sr[7]          ; CLOCK_50     ; CLOCK_50    ; 0.000        ; 0.079      ; 0.758      ;
; 0.554 ; pl_cpu:cpu|pl_datapath:datapath|if_id.pc[8]                                     ; pl_cpu:cpu|pl_datapath:datapath|id_ex.pc[8]                                      ; CLOCK_50     ; CLOCK_50    ; 0.000        ; 0.081      ; 0.821      ;
; 0.575 ; pl_cpu:cpu|pl_datapath:datapath|if_id.instr[15]                                 ; pl_cpu:cpu|pl_datapath:datapath|id_ex.rs1[0]                                     ; CLOCK_50     ; CLOCK_50    ; 0.000        ; 0.081      ; 0.842      ;
; 0.577 ; pl_cpu:cpu|pl_datapath:datapath|pl_mmio:mmio|pl_uart:uart_inst|rx_state.RX_IDLE ; pl_cpu:cpu|pl_datapath:datapath|pl_mmio:mmio|pl_uart:uart_inst|rx_state.RX_START ; CLOCK_50     ; CLOCK_50    ; 0.000        ; 0.081      ; 0.844      ;
; 0.579 ; pl_cpu:cpu|pl_datapath:datapath|ex_mem.alu_result[19]                           ; pl_cpu:cpu|pl_datapath:datapath|ex_mem.write_data[19]                            ; CLOCK_50     ; CLOCK_50    ; 0.000        ; 0.081      ; 0.846      ;
; 0.601 ; pl_cpu:cpu|pl_datapath:datapath|pl_mmio:mmio|pl_uart:uart_inst|rx_sr[0]         ; pl_cpu:cpu|pl_datapath:datapath|pl_mmio:mmio|pl_uart:uart_inst|rx_data[0]        ; CLOCK_50     ; CLOCK_50    ; 0.000        ; 0.081      ; 0.868      ;
; 0.601 ; pl_cpu:cpu|pl_datapath:datapath|pl_mmio:mmio|pl_uart:uart_inst|rx_sr[2]         ; pl_cpu:cpu|pl_datapath:datapath|pl_mmio:mmio|pl_uart:uart_inst|rx_sr[1]          ; CLOCK_50     ; CLOCK_50    ; 0.000        ; 0.081      ; 0.868      ;
; 0.603 ; pl_cpu:cpu|pl_datapath:datapath|pl_mmio:mmio|pl_uart:uart_inst|tx_sr[3]         ; pl_cpu:cpu|pl_datapath:datapath|pl_mmio:mmio|pl_uart:uart_inst|tx_sr[2]          ; CLOCK_50     ; CLOCK_50    ; 0.000        ; 0.079      ; 0.868      ;
; 0.603 ; pl_cpu:cpu|pl_datapath:datapath|pl_mmio:mmio|pl_uart:uart_inst|tx_sr[5]         ; pl_cpu:cpu|pl_datapath:datapath|pl_mmio:mmio|pl_uart:uart_inst|tx_sr[4]          ; CLOCK_50     ; CLOCK_50    ; 0.000        ; 0.079      ; 0.868      ;
; 0.603 ; pl_cpu:cpu|pl_datapath:datapath|ex_mem.mem_to_reg                               ; pl_cpu:cpu|pl_datapath:datapath|mem_wb.mem_to_reg                                ; CLOCK_50     ; CLOCK_50    ; 0.000        ; 0.081      ; 0.870      ;
; 0.604 ; pl_cpu:cpu|pl_datapath:datapath|pl_mmio:mmio|pl_uart:uart_inst|tx_sr[4]         ; pl_cpu:cpu|pl_datapath:datapath|pl_mmio:mmio|pl_uart:uart_inst|tx_sr[3]          ; CLOCK_50     ; CLOCK_50    ; 0.000        ; 0.079      ; 0.869      ;
; 0.604 ; pl_cpu:cpu|pl_datapath:datapath|pl_mmio:mmio|pl_uart:uart_inst|tx_sr[6]         ; pl_cpu:cpu|pl_datapath:datapath|pl_mmio:mmio|pl_uart:uart_inst|tx_sr[5]          ; CLOCK_50     ; CLOCK_50    ; 0.000        ; 0.079      ; 0.869      ;
; 0.606 ; pl_cpu:cpu|pl_datapath:datapath|pl_mmio:mmio|pl_uart:uart_inst|rx_sr[3]         ; pl_cpu:cpu|pl_datapath:datapath|pl_mmio:mmio|pl_uart:uart_inst|rx_data[3]        ; CLOCK_50     ; CLOCK_50    ; 0.000        ; 0.081      ; 0.873      ;
; 0.607 ; pl_cpu:cpu|pl_datapath:datapath|pl_mmio:mmio|pl_uart:uart_inst|rx_sr[1]         ; pl_cpu:cpu|pl_datapath:datapath|pl_mmio:mmio|pl_uart:uart_inst|rx_data[1]        ; CLOCK_50     ; CLOCK_50    ; 0.000        ; 0.081      ; 0.874      ;
; 0.608 ; pl_cpu:cpu|pl_datapath:datapath|pl_mmio:mmio|pl_uart:uart_inst|rx_sr[1]         ; pl_cpu:cpu|pl_datapath:datapath|pl_mmio:mmio|pl_uart:uart_inst|rx_sr[0]          ; CLOCK_50     ; CLOCK_50    ; 0.000        ; 0.081      ; 0.875      ;
; 0.609 ; pl_cpu:cpu|pl_datapath:datapath|pl_mmio:mmio|pl_uart:uart_inst|rx_sr[3]         ; pl_cpu:cpu|pl_datapath:datapath|pl_mmio:mmio|pl_uart:uart_inst|rx_sr[2]          ; CLOCK_50     ; CLOCK_50    ; 0.000        ; 0.081      ; 0.876      ;
; 0.625 ; pl_cpu:cpu|pl_datapath:datapath|pl_mmio:mmio|pl_uart:uart_inst|tx_state.TX_DATA ; pl_cpu:cpu|pl_datapath:datapath|pl_mmio:mmio|pl_uart:uart_inst|tx_state.TX_START ; CLOCK_50     ; CLOCK_50    ; 0.000        ; 0.079      ; 0.890      ;
; 0.628 ; pl_cpu:cpu|pl_datapath:datapath|ex_mem.alu_result[14]                           ; pl_cpu:cpu|pl_datapath:datapath|ex_mem.write_data[14]                            ; CLOCK_50     ; CLOCK_50    ; 0.000        ; 0.080      ; 0.894      ;
; 0.635 ; pl_cpu:cpu|pl_datapath:datapath|pl_mmio:mmio|pl_uart:uart_inst|tx_state.TX_DATA ; pl_cpu:cpu|pl_datapath:datapath|pl_mmio:mmio|pl_uart:uart_inst|TXD               ; CLOCK_50     ; CLOCK_50    ; 0.000        ; 0.079      ; 0.900      ;
; 0.637 ; pl_cpu:cpu|pl_datapath:datapath|pl_mmio:mmio|pl_uart:uart_inst|rx_valid         ; pl_cpu:cpu|pl_datapath:datapath|pl_mmio:mmio|rx_ready                            ; CLOCK_50     ; CLOCK_50    ; 0.000        ; 0.081      ; 0.904      ;
; 0.643 ; pl_cpu:cpu|pl_datapath:datapath|pl_mmio:mmio|cycle_count[11]                    ; pl_cpu:cpu|pl_datapath:datapath|pl_mmio:mmio|cycle_count[11]                     ; CLOCK_50     ; CLOCK_50    ; 0.000        ; 0.080      ; 0.909      ;
; 0.644 ; pl_cpu:cpu|pl_datapath:datapath|ex_mem.alu_result[26]                           ; pl_cpu:cpu|pl_datapath:datapath|mem_wb.alu_result[26]                            ; CLOCK_50     ; CLOCK_50    ; 0.000        ; 0.081      ; 0.911      ;
; 0.647 ; pl_cpu:cpu|pl_datapath:datapath|pl_mmio:mmio|pl_uart:uart_inst|tx_bit_idx[1]    ; pl_cpu:cpu|pl_datapath:datapath|pl_mmio:mmio|pl_uart:uart_inst|tx_bit_idx[2]     ; CLOCK_50     ; CLOCK_50    ; 0.000        ; 0.079      ; 0.912      ;
; 0.647 ; pl_cpu:cpu|pl_datapath:datapath|pl_mmio:mmio|pl_uart:uart_inst|rx_bit_idx[1]    ; pl_cpu:cpu|pl_datapath:datapath|pl_mmio:mmio|pl_uart:uart_inst|rx_bit_idx[2]     ; CLOCK_50     ; CLOCK_50    ; 0.000        ; 0.081      ; 0.914      ;
; 0.656 ; pl_cpu:cpu|pl_datapath:datapath|pl_mmio:mmio|pl_uart:uart_inst|tx_cnt[3]        ; pl_cpu:cpu|pl_datapath:datapath|pl_mmio:mmio|pl_uart:uart_inst|tx_cnt[3]         ; CLOCK_50     ; CLOCK_50    ; 0.000        ; 0.080      ; 0.922      ;
; 0.656 ; pl_cpu:cpu|pl_datapath:datapath|pl_mmio:mmio|pl_uart:uart_inst|tx_cnt[5]        ; pl_cpu:cpu|pl_datapath:datapath|pl_mmio:mmio|pl_uart:uart_inst|tx_cnt[5]         ; CLOCK_50     ; CLOCK_50    ; 0.000        ; 0.080      ; 0.922      ;
; 0.656 ; pl_cpu:cpu|pl_datapath:datapath|pl_mmio:mmio|pl_uart:uart_inst|tx_cnt[13]       ; pl_cpu:cpu|pl_datapath:datapath|pl_mmio:mmio|pl_uart:uart_inst|tx_cnt[13]        ; CLOCK_50     ; CLOCK_50    ; 0.000        ; 0.080      ; 0.922      ;
; 0.656 ; pl_cpu:cpu|pl_datapath:datapath|pl_mmio:mmio|pl_uart:uart_inst|rx_cnt[3]        ; pl_cpu:cpu|pl_datapath:datapath|pl_mmio:mmio|pl_uart:uart_inst|rx_cnt[3]         ; CLOCK_50     ; CLOCK_50    ; 0.000        ; 0.080      ; 0.922      ;
; 0.656 ; pl_cpu:cpu|pl_datapath:datapath|pl_mmio:mmio|pl_uart:uart_inst|rx_cnt[5]        ; pl_cpu:cpu|pl_datapath:datapath|pl_mmio:mmio|pl_uart:uart_inst|rx_cnt[5]         ; CLOCK_50     ; CLOCK_50    ; 0.000        ; 0.080      ; 0.922      ;
; 0.656 ; pl_cpu:cpu|pl_datapath:datapath|pl_mmio:mmio|pl_uart:uart_inst|rx_cnt[13]       ; pl_cpu:cpu|pl_datapath:datapath|pl_mmio:mmio|pl_uart:uart_inst|rx_cnt[13]        ; CLOCK_50     ; CLOCK_50    ; 0.000        ; 0.080      ; 0.922      ;
; 0.656 ; pl_cpu:cpu|pl_datapath:datapath|pl_mmio:mmio|cycle_count[22]                    ; pl_cpu:cpu|pl_datapath:datapath|pl_mmio:mmio|cycle_count[22]                     ; CLOCK_50     ; CLOCK_50    ; 0.000        ; 0.080      ; 0.922      ;
; 0.656 ; pl_cpu:cpu|pl_datapath:datapath|pl_mmio:mmio|cycle_count[6]                     ; pl_cpu:cpu|pl_datapath:datapath|pl_mmio:mmio|cycle_count[6]                      ; CLOCK_50     ; CLOCK_50    ; 0.000        ; 0.080      ; 0.922      ;
; 0.657 ; pl_cpu:cpu|pl_datapath:datapath|pl_mmio:mmio|pl_uart:uart_inst|tx_cnt[1]        ; pl_cpu:cpu|pl_datapath:datapath|pl_mmio:mmio|pl_uart:uart_inst|tx_cnt[1]         ; CLOCK_50     ; CLOCK_50    ; 0.000        ; 0.080      ; 0.923      ;
; 0.657 ; pl_cpu:cpu|pl_datapath:datapath|pl_mmio:mmio|pl_uart:uart_inst|tx_cnt[11]       ; pl_cpu:cpu|pl_datapath:datapath|pl_mmio:mmio|pl_uart:uart_inst|tx_cnt[11]        ; CLOCK_50     ; CLOCK_50    ; 0.000        ; 0.080      ; 0.923      ;
; 0.657 ; pl_cpu:cpu|pl_datapath:datapath|pl_mmio:mmio|pl_uart:uart_inst|rx_cnt[11]       ; pl_cpu:cpu|pl_datapath:datapath|pl_mmio:mmio|pl_uart:uart_inst|rx_cnt[11]        ; CLOCK_50     ; CLOCK_50    ; 0.000        ; 0.080      ; 0.923      ;
; 0.657 ; pl_cpu:cpu|pl_datapath:datapath|pl_mmio:mmio|pl_uart:uart_inst|rx_cnt[1]        ; pl_cpu:cpu|pl_datapath:datapath|pl_mmio:mmio|pl_uart:uart_inst|rx_cnt[1]         ; CLOCK_50     ; CLOCK_50    ; 0.000        ; 0.080      ; 0.923      ;
; 0.657 ; pl_cpu:cpu|pl_datapath:datapath|pl_mmio:mmio|cycle_count[16]                    ; pl_cpu:cpu|pl_datapath:datapath|pl_mmio:mmio|cycle_count[16]                     ; CLOCK_50     ; CLOCK_50    ; 0.000        ; 0.080      ; 0.923      ;
; 0.657 ; pl_cpu:cpu|pl_datapath:datapath|pl_mmio:mmio|cycle_count[15]                    ; pl_cpu:cpu|pl_datapath:datapath|pl_mmio:mmio|cycle_count[15]                     ; CLOCK_50     ; CLOCK_50    ; 0.000        ; 0.080      ; 0.923      ;
; 0.657 ; pl_cpu:cpu|pl_datapath:datapath|pl_mmio:mmio|cycle_count[14]                    ; pl_cpu:cpu|pl_datapath:datapath|pl_mmio:mmio|cycle_count[14]                     ; CLOCK_50     ; CLOCK_50    ; 0.000        ; 0.080      ; 0.923      ;
; 0.657 ; pl_cpu:cpu|pl_datapath:datapath|pl_mmio:mmio|cycle_count[13]                    ; pl_cpu:cpu|pl_datapath:datapath|pl_mmio:mmio|cycle_count[13]                     ; CLOCK_50     ; CLOCK_50    ; 0.000        ; 0.080      ; 0.923      ;
; 0.657 ; pl_cpu:cpu|pl_datapath:datapath|pl_mmio:mmio|cycle_count[5]                     ; pl_cpu:cpu|pl_datapath:datapath|pl_mmio:mmio|cycle_count[5]                      ; CLOCK_50     ; CLOCK_50    ; 0.000        ; 0.080      ; 0.923      ;
; 0.657 ; pl_cpu:cpu|pl_datapath:datapath|pl_mmio:mmio|cycle_count[3]                     ; pl_cpu:cpu|pl_datapath:datapath|pl_mmio:mmio|cycle_count[3]                      ; CLOCK_50     ; CLOCK_50    ; 0.000        ; 0.080      ; 0.923      ;
; 0.657 ; pl_cpu:cpu|pl_datapath:datapath|pl_mmio:mmio|cycle_count[2]                     ; pl_cpu:cpu|pl_datapath:datapath|pl_mmio:mmio|cycle_count[2]                      ; CLOCK_50     ; CLOCK_50    ; 0.000        ; 0.080      ; 0.923      ;
; 0.658 ; pl_cpu:cpu|pl_datapath:datapath|pl_mmio:mmio|pl_uart:uart_inst|tx_cnt[6]        ; pl_cpu:cpu|pl_datapath:datapath|pl_mmio:mmio|pl_uart:uart_inst|tx_cnt[6]         ; CLOCK_50     ; CLOCK_50    ; 0.000        ; 0.080      ; 0.924      ;
; 0.658 ; pl_cpu:cpu|pl_datapath:datapath|pl_mmio:mmio|pl_uart:uart_inst|tx_cnt[15]       ; pl_cpu:cpu|pl_datapath:datapath|pl_mmio:mmio|pl_uart:uart_inst|tx_cnt[15]        ; CLOCK_50     ; CLOCK_50    ; 0.000        ; 0.080      ; 0.924      ;
; 0.658 ; pl_cpu:cpu|pl_datapath:datapath|pl_mmio:mmio|pl_uart:uart_inst|rx_cnt[15]       ; pl_cpu:cpu|pl_datapath:datapath|pl_mmio:mmio|pl_uart:uart_inst|rx_cnt[15]        ; CLOCK_50     ; CLOCK_50    ; 0.000        ; 0.080      ; 0.924      ;
; 0.658 ; pl_cpu:cpu|pl_datapath:datapath|pl_mmio:mmio|pl_uart:uart_inst|rx_cnt[6]        ; pl_cpu:cpu|pl_datapath:datapath|pl_mmio:mmio|pl_uart:uart_inst|rx_cnt[6]         ; CLOCK_50     ; CLOCK_50    ; 0.000        ; 0.080      ; 0.924      ;
; 0.658 ; pl_cpu:cpu|pl_datapath:datapath|pl_mmio:mmio|cycle_count[29]                    ; pl_cpu:cpu|pl_datapath:datapath|pl_mmio:mmio|cycle_count[29]                     ; CLOCK_50     ; CLOCK_50    ; 0.000        ; 0.080      ; 0.924      ;
; 0.658 ; pl_cpu:cpu|pl_datapath:datapath|pl_mmio:mmio|cycle_count[21]                    ; pl_cpu:cpu|pl_datapath:datapath|pl_mmio:mmio|cycle_count[21]                     ; CLOCK_50     ; CLOCK_50    ; 0.000        ; 0.080      ; 0.924      ;
; 0.658 ; pl_cpu:cpu|pl_datapath:datapath|pl_mmio:mmio|cycle_count[20]                    ; pl_cpu:cpu|pl_datapath:datapath|pl_mmio:mmio|cycle_count[20]                     ; CLOCK_50     ; CLOCK_50    ; 0.000        ; 0.080      ; 0.924      ;
; 0.658 ; pl_cpu:cpu|pl_datapath:datapath|pl_mmio:mmio|cycle_count[19]                    ; pl_cpu:cpu|pl_datapath:datapath|pl_mmio:mmio|cycle_count[19]                     ; CLOCK_50     ; CLOCK_50    ; 0.000        ; 0.080      ; 0.924      ;
; 0.658 ; pl_cpu:cpu|pl_datapath:datapath|pl_mmio:mmio|cycle_count[18]                    ; pl_cpu:cpu|pl_datapath:datapath|pl_mmio:mmio|cycle_count[18]                     ; CLOCK_50     ; CLOCK_50    ; 0.000        ; 0.080      ; 0.924      ;
; 0.658 ; pl_cpu:cpu|pl_datapath:datapath|pl_mmio:mmio|cycle_count[12]                    ; pl_cpu:cpu|pl_datapath:datapath|pl_mmio:mmio|cycle_count[12]                     ; CLOCK_50     ; CLOCK_50    ; 0.000        ; 0.080      ; 0.924      ;
; 0.658 ; pl_cpu:cpu|pl_datapath:datapath|pl_mmio:mmio|cycle_count[10]                    ; pl_cpu:cpu|pl_datapath:datapath|pl_mmio:mmio|cycle_count[10]                     ; CLOCK_50     ; CLOCK_50    ; 0.000        ; 0.080      ; 0.924      ;
; 0.658 ; pl_cpu:cpu|pl_datapath:datapath|pl_mmio:mmio|cycle_count[8]                     ; pl_cpu:cpu|pl_datapath:datapath|pl_mmio:mmio|cycle_count[8]                      ; CLOCK_50     ; CLOCK_50    ; 0.000        ; 0.080      ; 0.924      ;
; 0.658 ; pl_cpu:cpu|pl_datapath:datapath|pl_mmio:mmio|cycle_count[4]                     ; pl_cpu:cpu|pl_datapath:datapath|pl_mmio:mmio|cycle_count[4]                      ; CLOCK_50     ; CLOCK_50    ; 0.000        ; 0.080      ; 0.924      ;
; 0.659 ; pl_cpu:cpu|pl_datapath:datapath|pl_mmio:mmio|pl_uart:uart_inst|tx_cnt[7]        ; pl_cpu:cpu|pl_datapath:datapath|pl_mmio:mmio|pl_uart:uart_inst|tx_cnt[7]         ; CLOCK_50     ; CLOCK_50    ; 0.000        ; 0.080      ; 0.925      ;
; 0.659 ; pl_cpu:cpu|pl_datapath:datapath|pl_mmio:mmio|pl_uart:uart_inst|tx_cnt[9]        ; pl_cpu:cpu|pl_datapath:datapath|pl_mmio:mmio|pl_uart:uart_inst|tx_cnt[9]         ; CLOCK_50     ; CLOCK_50    ; 0.000        ; 0.080      ; 0.925      ;
; 0.659 ; pl_cpu:cpu|pl_datapath:datapath|pl_mmio:mmio|pl_uart:uart_inst|rx_cnt[7]        ; pl_cpu:cpu|pl_datapath:datapath|pl_mmio:mmio|pl_uart:uart_inst|rx_cnt[7]         ; CLOCK_50     ; CLOCK_50    ; 0.000        ; 0.080      ; 0.925      ;
; 0.659 ; pl_cpu:cpu|pl_datapath:datapath|pl_mmio:mmio|pl_uart:uart_inst|rx_cnt[9]        ; pl_cpu:cpu|pl_datapath:datapath|pl_mmio:mmio|pl_uart:uart_inst|rx_cnt[9]         ; CLOCK_50     ; CLOCK_50    ; 0.000        ; 0.080      ; 0.925      ;
; 0.659 ; pl_cpu:cpu|pl_datapath:datapath|pl_mmio:mmio|cycle_count[30]                    ; pl_cpu:cpu|pl_datapath:datapath|pl_mmio:mmio|cycle_count[30]                     ; CLOCK_50     ; CLOCK_50    ; 0.000        ; 0.080      ; 0.925      ;
; 0.659 ; pl_cpu:cpu|pl_datapath:datapath|pl_mmio:mmio|cycle_count[28]                    ; pl_cpu:cpu|pl_datapath:datapath|pl_mmio:mmio|cycle_count[28]                     ; CLOCK_50     ; CLOCK_50    ; 0.000        ; 0.080      ; 0.925      ;
; 0.659 ; pl_cpu:cpu|pl_datapath:datapath|pl_mmio:mmio|cycle_count[27]                    ; pl_cpu:cpu|pl_datapath:datapath|pl_mmio:mmio|cycle_count[27]                     ; CLOCK_50     ; CLOCK_50    ; 0.000        ; 0.080      ; 0.925      ;
+-------+---------------------------------------------------------------------------------+----------------------------------------------------------------------------------+--------------+-------------+--------------+------------+------------+


-----------------------------------------------
; Slow 1200mV 85C Model Metastability Summary ;
-----------------------------------------------
The design MTBF is not calculated because there are no specified synchronizers in the design.
Number of Synchronizer Chains Found: 1
Shortest Synchronizer Chain: 2 Registers
Fraction of Chains for which MTBFs Could Not be Calculated: 1.000
Worst Case Available Settling Time: 30.685 ns




+-------------------------------------------------+
; Slow 1200mV 0C Model Fmax Summary               ;
+-----------+-----------------+------------+------+
; Fmax      ; Restricted Fmax ; Clock Name ; Note ;
+-----------+-----------------+------------+------+
; 59.63 MHz ; 59.63 MHz       ; CLOCK_50   ;      ;
+-----------+-----------------+------------+------+
This panel reports FMAX for every clock in the design, regardless of the user-specified clock periods.  FMAX is only computed for paths where the source and destination registers or ports are driven by the same clock.  Paths of different clocks, including generated clocks, are ignored.  For paths between a clock and its inversion, FMAX is computed as if the rising and falling edges are scaled along with FMAX, such that the duty cycle (in terms of a percentage) is maintained. Altera recommends that you always use clock constraints and other slack reports for sign-off analysis.


+------------------------------------+
; Slow 1200mV 0C Model Setup Summary ;
+----------+-------+-----------------+
; Clock    ; Slack ; End Point TNS   ;
+----------+-------+-----------------+
; CLOCK_50 ; 2.906 ; 0.000           ;
+----------+-------+-----------------+


+-----------------------------------+
; Slow 1200mV 0C Model Hold Summary ;
+----------+-------+----------------+
; Clock    ; Slack ; End Point TNS  ;
+----------+-------+----------------+
; CLOCK_50 ; 0.353 ; 0.000          ;
+----------+-------+----------------+


-----------------------------------------
; Slow 1200mV 0C Model Recovery Summary ;
-----------------------------------------
No paths to report.


----------------------------------------
; Slow 1200mV 0C Model Removal Summary ;
----------------------------------------
No paths to report.


+--------------------------------------------------+
; Slow 1200mV 0C Model Minimum Pulse Width Summary ;
+----------+-------+-------------------------------+
; Clock    ; Slack ; End Point TNS                 ;
+----------+-------+-------------------------------+
; CLOCK_50 ; 9.656 ; 0.000                         ;
+----------+-------+-------------------------------+


+---------------------------------------------------------------------------------------------------------------------------------------------------------------------------------------------+
; Slow 1200mV 0C Model Setup: 'CLOCK_50'                                                                                                                                                      ;
+-------+-----------------------------------------------------------+---------------------------------------------------+--------------+-------------+--------------+------------+------------+
; Slack ; From Node                                                 ; To Node                                           ; Launch Clock ; Latch Clock ; Relationship ; Clock Skew ; Data Delay ;
+-------+-----------------------------------------------------------+---------------------------------------------------+--------------+-------------+--------------+------------+------------+
; 2.906 ; pl_cpu:cpu|pl_datapath:datapath|pl_regfile:regfile|rf~793 ; pl_cpu:cpu|pl_datapath:datapath|id_ex.rd2[24]     ; CLOCK_50     ; CLOCK_50    ; 10.000       ; -0.109     ; 6.984      ;
; 3.183 ; pl_cpu:cpu|pl_datapath:datapath|pl_regfile:regfile|rf~235 ; pl_cpu:cpu|pl_datapath:datapath|id_ex.rd2[10]     ; CLOCK_50     ; CLOCK_50    ; 10.000       ; -0.102     ; 6.714      ;
; 3.230 ; pl_cpu:cpu|pl_datapath:datapath|id_ex.rs2[1]              ; pl_cpu:cpu|pl_datapath:datapath|id_ex.imm_ext[14] ; CLOCK_50     ; CLOCK_50    ; 20.000       ; -0.091     ; 16.678     ;
; 3.230 ; pl_cpu:cpu|pl_datapath:datapath|id_ex.rs2[1]              ; pl_cpu:cpu|pl_datapath:datapath|id_ex.imm_ext[13] ; CLOCK_50     ; CLOCK_50    ; 20.000       ; -0.091     ; 16.678     ;
; 3.246 ; pl_cpu:cpu|pl_datapath:datapath|id_ex.rs1[1]              ; pl_cpu:cpu|pl_datapath:datapath|if_id.instr[5]    ; CLOCK_50     ; CLOCK_50    ; 20.000       ; -0.079     ; 16.674     ;
; 3.246 ; pl_cpu:cpu|pl_datapath:datapath|id_ex.rs1[1]              ; pl_cpu:cpu|pl_datapath:datapath|if_id.instr[11]   ; CLOCK_50     ; CLOCK_50    ; 20.000       ; -0.079     ; 16.674     ;
; 3.246 ; pl_cpu:cpu|pl_datapath:datapath|id_ex.rs1[1]              ; pl_cpu:cpu|pl_datapath:datapath|if_id.instr[10]   ; CLOCK_50     ; CLOCK_50    ; 20.000       ; -0.079     ; 16.674     ;
; 3.260 ; pl_cpu:cpu|pl_datapath:datapath|pl_regfile:regfile|rf~218 ; pl_cpu:cpu|pl_datapath:datapath|id_ex.rd2[25]     ; CLOCK_50     ; CLOCK_50    ; 10.000       ; -0.130     ; 6.609      ;
; 3.288 ; pl_cpu:cpu|pl_datapath:datapath|id_ex.rs1[1]              ; pl_cpu:cpu|pl_datapath:datapath|if_id.instr[4]    ; CLOCK_50     ; CLOCK_50    ; 20.000       ; -0.075     ; 16.636     ;
; 3.288 ; pl_cpu:cpu|pl_datapath:datapath|id_ex.rs1[1]              ; pl_cpu:cpu|pl_datapath:datapath|if_id.instr[6]    ; CLOCK_50     ; CLOCK_50    ; 20.000       ; -0.075     ; 16.636     ;
; 3.288 ; pl_cpu:cpu|pl_datapath:datapath|id_ex.rs1[1]              ; pl_cpu:cpu|pl_datapath:datapath|if_id.instr[14]   ; CLOCK_50     ; CLOCK_50    ; 20.000       ; -0.089     ; 16.622     ;
; 3.288 ; pl_cpu:cpu|pl_datapath:datapath|id_ex.rs1[1]              ; pl_cpu:cpu|pl_datapath:datapath|if_id.instr[12]   ; CLOCK_50     ; CLOCK_50    ; 20.000       ; -0.089     ; 16.622     ;
; 3.292 ; pl_cpu:cpu|pl_datapath:datapath|id_ex.rs2[1]              ; pl_cpu:cpu|pl_datapath:datapath|id_ex.imm_ext[22] ; CLOCK_50     ; CLOCK_50    ; 20.000       ; -0.090     ; 16.617     ;
; 3.297 ; pl_cpu:cpu|pl_datapath:datapath|id_ex.rs1[0]              ; pl_cpu:cpu|pl_datapath:datapath|if_id.instr[5]    ; CLOCK_50     ; CLOCK_50    ; 20.000       ; -0.080     ; 16.622     ;
; 3.297 ; pl_cpu:cpu|pl_datapath:datapath|id_ex.rs1[0]              ; pl_cpu:cpu|pl_datapath:datapath|if_id.instr[11]   ; CLOCK_50     ; CLOCK_50    ; 20.000       ; -0.080     ; 16.622     ;
; 3.297 ; pl_cpu:cpu|pl_datapath:datapath|id_ex.rs1[0]              ; pl_cpu:cpu|pl_datapath:datapath|if_id.instr[10]   ; CLOCK_50     ; CLOCK_50    ; 20.000       ; -0.080     ; 16.622     ;
; 3.303 ; pl_cpu:cpu|pl_datapath:datapath|id_ex.rs2[1]              ; pl_cpu:cpu|pl_datapath:datapath|id_ex.imm_ext[21] ; CLOCK_50     ; CLOCK_50    ; 20.000       ; -0.090     ; 16.606     ;
; 3.329 ; pl_cpu:cpu|pl_datapath:datapath|id_ex.rs2[1]              ; pl_cpu:cpu|pl_datapath:datapath|id_ex.imm_ext[18] ; CLOCK_50     ; CLOCK_50    ; 20.000       ; -0.090     ; 16.580     ;
; 3.335 ; pl_cpu:cpu|pl_datapath:datapath|id_ex.rs2[1]              ; pl_cpu:cpu|pl_datapath:datapath|id_ex.imm_ext[17] ; CLOCK_50     ; CLOCK_50    ; 20.000       ; -0.080     ; 16.584     ;
; 3.337 ; pl_cpu:cpu|pl_datapath:datapath|id_ex.rs2[1]              ; pl_cpu:cpu|pl_datapath:datapath|id_ex.imm_ext[26] ; CLOCK_50     ; CLOCK_50    ; 20.000       ; -0.080     ; 16.582     ;
; 3.339 ; pl_cpu:cpu|pl_datapath:datapath|id_ex.rs1[0]              ; pl_cpu:cpu|pl_datapath:datapath|if_id.instr[4]    ; CLOCK_50     ; CLOCK_50    ; 20.000       ; -0.076     ; 16.584     ;
; 3.339 ; pl_cpu:cpu|pl_datapath:datapath|id_ex.rs1[0]              ; pl_cpu:cpu|pl_datapath:datapath|if_id.instr[6]    ; CLOCK_50     ; CLOCK_50    ; 20.000       ; -0.076     ; 16.584     ;
; 3.339 ; pl_cpu:cpu|pl_datapath:datapath|id_ex.rs1[0]              ; pl_cpu:cpu|pl_datapath:datapath|if_id.instr[14]   ; CLOCK_50     ; CLOCK_50    ; 20.000       ; -0.090     ; 16.570     ;
; 3.339 ; pl_cpu:cpu|pl_datapath:datapath|id_ex.rs1[0]              ; pl_cpu:cpu|pl_datapath:datapath|if_id.instr[12]   ; CLOCK_50     ; CLOCK_50    ; 20.000       ; -0.090     ; 16.570     ;
; 3.366 ; pl_cpu:cpu|pl_datapath:datapath|id_ex.rs2[1]              ; pl_cpu:cpu|pl_datapath:datapath|id_ex.imm_ext[24] ; CLOCK_50     ; CLOCK_50    ; 20.000       ; -0.075     ; 16.558     ;
; 3.418 ; pl_cpu:cpu|pl_datapath:datapath|id_ex.rs2[3]              ; pl_cpu:cpu|pl_datapath:datapath|id_ex.imm_ext[14] ; CLOCK_50     ; CLOCK_50    ; 20.000       ; -0.077     ; 16.504     ;
; 3.418 ; pl_cpu:cpu|pl_datapath:datapath|id_ex.rs2[3]              ; pl_cpu:cpu|pl_datapath:datapath|id_ex.imm_ext[13] ; CLOCK_50     ; CLOCK_50    ; 20.000       ; -0.077     ; 16.504     ;
; 3.419 ; pl_cpu:cpu|pl_datapath:datapath|id_ex.rs2[0]              ; pl_cpu:cpu|pl_datapath:datapath|id_ex.imm_ext[14] ; CLOCK_50     ; CLOCK_50    ; 20.000       ; -0.081     ; 16.499     ;
; 3.419 ; pl_cpu:cpu|pl_datapath:datapath|id_ex.rs2[0]              ; pl_cpu:cpu|pl_datapath:datapath|id_ex.imm_ext[13] ; CLOCK_50     ; CLOCK_50    ; 20.000       ; -0.081     ; 16.499     ;
; 3.433 ; pl_cpu:cpu|pl_datapath:datapath|pl_regfile:regfile|rf~231 ; pl_cpu:cpu|pl_datapath:datapath|id_ex.rd2[6]      ; CLOCK_50     ; CLOCK_50    ; 10.000       ; -0.085     ; 6.481      ;
; 3.444 ; pl_cpu:cpu|pl_datapath:datapath|pl_regfile:regfile|rf~167 ; pl_cpu:cpu|pl_datapath:datapath|id_ex.rd2[6]      ; CLOCK_50     ; CLOCK_50    ; 10.000       ; -0.085     ; 6.470      ;
; 3.451 ; pl_cpu:cpu|pl_datapath:datapath|ex_mem.rd[1]              ; pl_cpu:cpu|pl_datapath:datapath|id_ex.imm_ext[14] ; CLOCK_50     ; CLOCK_50    ; 20.000       ; -0.082     ; 16.466     ;
; 3.451 ; pl_cpu:cpu|pl_datapath:datapath|ex_mem.rd[1]              ; pl_cpu:cpu|pl_datapath:datapath|id_ex.imm_ext[13] ; CLOCK_50     ; CLOCK_50    ; 20.000       ; -0.082     ; 16.466     ;
; 3.453 ; pl_cpu:cpu|pl_datapath:datapath|ex_mem.rd[1]              ; pl_cpu:cpu|pl_datapath:datapath|if_id.instr[5]    ; CLOCK_50     ; CLOCK_50    ; 20.000       ; -0.071     ; 16.475     ;
; 3.453 ; pl_cpu:cpu|pl_datapath:datapath|ex_mem.rd[1]              ; pl_cpu:cpu|pl_datapath:datapath|if_id.instr[11]   ; CLOCK_50     ; CLOCK_50    ; 20.000       ; -0.071     ; 16.475     ;
; 3.453 ; pl_cpu:cpu|pl_datapath:datapath|ex_mem.rd[1]              ; pl_cpu:cpu|pl_datapath:datapath|if_id.instr[10]   ; CLOCK_50     ; CLOCK_50    ; 20.000       ; -0.071     ; 16.475     ;
; 3.467 ; pl_cpu:cpu|pl_datapath:datapath|id_ex.rs1[1]              ; pl_cpu:cpu|pl_datapath:datapath|id_ex.imm_ext[14] ; CLOCK_50     ; CLOCK_50    ; 20.000       ; -0.090     ; 16.442     ;
; 3.467 ; pl_cpu:cpu|pl_datapath:datapath|id_ex.rs1[1]              ; pl_cpu:cpu|pl_datapath:datapath|id_ex.imm_ext[13] ; CLOCK_50     ; CLOCK_50    ; 20.000       ; -0.090     ; 16.442     ;
; 3.480 ; pl_cpu:cpu|pl_datapath:datapath|id_ex.rs2[1]              ; pl_cpu:cpu|pl_datapath:datapath|if_id.instr[5]    ; CLOCK_50     ; CLOCK_50    ; 20.000       ; -0.080     ; 16.439     ;
; 3.480 ; pl_cpu:cpu|pl_datapath:datapath|id_ex.rs2[1]              ; pl_cpu:cpu|pl_datapath:datapath|if_id.instr[11]   ; CLOCK_50     ; CLOCK_50    ; 20.000       ; -0.080     ; 16.439     ;
; 3.480 ; pl_cpu:cpu|pl_datapath:datapath|id_ex.rs2[1]              ; pl_cpu:cpu|pl_datapath:datapath|if_id.instr[10]   ; CLOCK_50     ; CLOCK_50    ; 20.000       ; -0.080     ; 16.439     ;
; 3.480 ; pl_cpu:cpu|pl_datapath:datapath|id_ex.rs2[3]              ; pl_cpu:cpu|pl_datapath:datapath|id_ex.imm_ext[22] ; CLOCK_50     ; CLOCK_50    ; 20.000       ; -0.076     ; 16.443     ;
; 3.481 ; pl_cpu:cpu|pl_datapath:datapath|id_ex.rs2[0]              ; pl_cpu:cpu|pl_datapath:datapath|id_ex.imm_ext[22] ; CLOCK_50     ; CLOCK_50    ; 20.000       ; -0.080     ; 16.438     ;
; 3.490 ; pl_cpu:cpu|pl_datapath:datapath|pl_regfile:regfile|rf~171 ; pl_cpu:cpu|pl_datapath:datapath|id_ex.rd2[10]     ; CLOCK_50     ; CLOCK_50    ; 10.000       ; -0.102     ; 6.407      ;
; 3.491 ; pl_cpu:cpu|pl_datapath:datapath|id_ex.rs2[3]              ; pl_cpu:cpu|pl_datapath:datapath|id_ex.imm_ext[21] ; CLOCK_50     ; CLOCK_50    ; 20.000       ; -0.076     ; 16.432     ;
; 3.492 ; pl_cpu:cpu|pl_datapath:datapath|id_ex.rs2[0]              ; pl_cpu:cpu|pl_datapath:datapath|id_ex.imm_ext[21] ; CLOCK_50     ; CLOCK_50    ; 20.000       ; -0.080     ; 16.427     ;
; 3.495 ; pl_cpu:cpu|pl_datapath:datapath|ex_mem.rd[1]              ; pl_cpu:cpu|pl_datapath:datapath|if_id.instr[4]    ; CLOCK_50     ; CLOCK_50    ; 20.000       ; -0.067     ; 16.437     ;
; 3.495 ; pl_cpu:cpu|pl_datapath:datapath|ex_mem.rd[1]              ; pl_cpu:cpu|pl_datapath:datapath|if_id.instr[6]    ; CLOCK_50     ; CLOCK_50    ; 20.000       ; -0.067     ; 16.437     ;
; 3.495 ; pl_cpu:cpu|pl_datapath:datapath|ex_mem.rd[1]              ; pl_cpu:cpu|pl_datapath:datapath|if_id.instr[14]   ; CLOCK_50     ; CLOCK_50    ; 20.000       ; -0.081     ; 16.423     ;
; 3.495 ; pl_cpu:cpu|pl_datapath:datapath|ex_mem.rd[1]              ; pl_cpu:cpu|pl_datapath:datapath|if_id.instr[12]   ; CLOCK_50     ; CLOCK_50    ; 20.000       ; -0.081     ; 16.423     ;
; 3.499 ; pl_cpu:cpu|pl_datapath:datapath|pl_regfile:regfile|rf~487 ; pl_cpu:cpu|pl_datapath:datapath|id_ex.rd2[6]      ; CLOCK_50     ; CLOCK_50    ; 10.000       ; -0.098     ; 6.402      ;
; 3.513 ; pl_cpu:cpu|pl_datapath:datapath|ex_mem.rd[1]              ; pl_cpu:cpu|pl_datapath:datapath|id_ex.imm_ext[22] ; CLOCK_50     ; CLOCK_50    ; 20.000       ; -0.081     ; 16.405     ;
; 3.517 ; pl_cpu:cpu|pl_datapath:datapath|id_ex.rs2[3]              ; pl_cpu:cpu|pl_datapath:datapath|id_ex.imm_ext[18] ; CLOCK_50     ; CLOCK_50    ; 20.000       ; -0.076     ; 16.406     ;
; 3.518 ; pl_cpu:cpu|pl_datapath:datapath|id_ex.rs2[1]              ; pl_cpu:cpu|pl_datapath:datapath|id_ex.imm_ext[29] ; CLOCK_50     ; CLOCK_50    ; 20.000       ; -0.085     ; 16.396     ;
; 3.518 ; pl_cpu:cpu|pl_datapath:datapath|id_ex.rs2[0]              ; pl_cpu:cpu|pl_datapath:datapath|id_ex.imm_ext[18] ; CLOCK_50     ; CLOCK_50    ; 20.000       ; -0.080     ; 16.401     ;
; 3.518 ; pl_cpu:cpu|pl_datapath:datapath|id_ex.rs1[0]              ; pl_cpu:cpu|pl_datapath:datapath|id_ex.imm_ext[14] ; CLOCK_50     ; CLOCK_50    ; 20.000       ; -0.091     ; 16.390     ;
; 3.518 ; pl_cpu:cpu|pl_datapath:datapath|id_ex.rs1[0]              ; pl_cpu:cpu|pl_datapath:datapath|id_ex.imm_ext[13] ; CLOCK_50     ; CLOCK_50    ; 20.000       ; -0.091     ; 16.390     ;
; 3.521 ; pl_cpu:cpu|pl_datapath:datapath|id_ex.rs2[1]              ; pl_cpu:cpu|pl_datapath:datapath|id_ex.imm_ext[23] ; CLOCK_50     ; CLOCK_50    ; 20.000       ; -0.093     ; 16.385     ;
; 3.521 ; pl_cpu:cpu|pl_datapath:datapath|id_ex.rs2[1]              ; pl_cpu:cpu|pl_datapath:datapath|id_ex.imm_ext[30] ; CLOCK_50     ; CLOCK_50    ; 20.000       ; -0.085     ; 16.393     ;
; 3.522 ; pl_cpu:cpu|pl_datapath:datapath|id_ex.rs2[1]              ; pl_cpu:cpu|pl_datapath:datapath|if_id.instr[4]    ; CLOCK_50     ; CLOCK_50    ; 20.000       ; -0.076     ; 16.401     ;
; 3.522 ; pl_cpu:cpu|pl_datapath:datapath|id_ex.rs2[1]              ; pl_cpu:cpu|pl_datapath:datapath|if_id.instr[6]    ; CLOCK_50     ; CLOCK_50    ; 20.000       ; -0.076     ; 16.401     ;
; 3.522 ; pl_cpu:cpu|pl_datapath:datapath|id_ex.rs2[1]              ; pl_cpu:cpu|pl_datapath:datapath|if_id.instr[14]   ; CLOCK_50     ; CLOCK_50    ; 20.000       ; -0.090     ; 16.387     ;
; 3.522 ; pl_cpu:cpu|pl_datapath:datapath|id_ex.rs2[1]              ; pl_cpu:cpu|pl_datapath:datapath|if_id.instr[12]   ; CLOCK_50     ; CLOCK_50    ; 20.000       ; -0.090     ; 16.387     ;
; 3.523 ; pl_cpu:cpu|pl_datapath:datapath|id_ex.rs2[3]              ; pl_cpu:cpu|pl_datapath:datapath|id_ex.imm_ext[17] ; CLOCK_50     ; CLOCK_50    ; 20.000       ; -0.066     ; 16.410     ;
; 3.523 ; pl_cpu:cpu|pl_datapath:datapath|pl_regfile:regfile|rf~199 ; pl_cpu:cpu|pl_datapath:datapath|id_ex.rd2[6]      ; CLOCK_50     ; CLOCK_50    ; 10.000       ; -0.088     ; 6.388      ;
; 3.524 ; pl_cpu:cpu|pl_datapath:datapath|ex_mem.rd[1]              ; pl_cpu:cpu|pl_datapath:datapath|id_ex.imm_ext[21] ; CLOCK_50     ; CLOCK_50    ; 20.000       ; -0.081     ; 16.394     ;
; 3.524 ; pl_cpu:cpu|pl_datapath:datapath|id_ex.rs2[0]              ; pl_cpu:cpu|pl_datapath:datapath|id_ex.imm_ext[17] ; CLOCK_50     ; CLOCK_50    ; 20.000       ; -0.070     ; 16.405     ;
; 3.525 ; pl_cpu:cpu|pl_datapath:datapath|id_ex.rs2[3]              ; pl_cpu:cpu|pl_datapath:datapath|id_ex.imm_ext[26] ; CLOCK_50     ; CLOCK_50    ; 20.000       ; -0.066     ; 16.408     ;
; 3.526 ; pl_cpu:cpu|pl_datapath:datapath|id_ex.rs2[0]              ; pl_cpu:cpu|pl_datapath:datapath|id_ex.imm_ext[26] ; CLOCK_50     ; CLOCK_50    ; 20.000       ; -0.070     ; 16.403     ;
; 3.529 ; pl_cpu:cpu|pl_datapath:datapath|id_ex.rs1[1]              ; pl_cpu:cpu|pl_datapath:datapath|id_ex.imm_ext[22] ; CLOCK_50     ; CLOCK_50    ; 20.000       ; -0.089     ; 16.381     ;
; 3.537 ; pl_cpu:cpu|pl_datapath:datapath|id_ex.rs2[1]              ; pl_cpu:cpu|pl_datapath:datapath|id_ex.imm_ext[19] ; CLOCK_50     ; CLOCK_50    ; 20.000       ; -0.071     ; 16.391     ;
; 3.540 ; pl_cpu:cpu|pl_datapath:datapath|id_ex.rs1[1]              ; pl_cpu:cpu|pl_datapath:datapath|id_ex.imm_ext[21] ; CLOCK_50     ; CLOCK_50    ; 20.000       ; -0.089     ; 16.370     ;
; 3.542 ; pl_cpu:cpu|pl_datapath:datapath|id_ex.rs2[1]              ; pl_cpu:cpu|pl_datapath:datapath|id_ex.imm_ext[16] ; CLOCK_50     ; CLOCK_50    ; 20.000       ; -0.082     ; 16.375     ;
; 3.546 ; pl_cpu:cpu|pl_datapath:datapath|id_ex.rs1[1]              ; pl_cpu:cpu|pl_datapath:datapath|if_id.instr[30]   ; CLOCK_50     ; CLOCK_50    ; 20.000       ; -0.074     ; 16.379     ;
; 3.546 ; pl_cpu:cpu|pl_datapath:datapath|id_ex.rs1[1]              ; pl_cpu:cpu|pl_datapath:datapath|if_id.instr[31]   ; CLOCK_50     ; CLOCK_50    ; 20.000       ; -0.074     ; 16.379     ;
; 3.546 ; pl_cpu:cpu|pl_datapath:datapath|pl_regfile:regfile|rf~100 ; pl_cpu:cpu|pl_datapath:datapath|id_ex.rd2[3]      ; CLOCK_50     ; CLOCK_50    ; 10.000       ; -0.131     ; 6.322      ;
; 3.550 ; pl_cpu:cpu|pl_datapath:datapath|ex_mem.rd[1]              ; pl_cpu:cpu|pl_datapath:datapath|id_ex.imm_ext[18] ; CLOCK_50     ; CLOCK_50    ; 20.000       ; -0.081     ; 16.368     ;
; 3.552 ; pl_cpu:cpu|pl_datapath:datapath|id_ex.rs2[1]              ; pl_cpu:cpu|pl_datapath:datapath|id_ex.imm_ext[28] ; CLOCK_50     ; CLOCK_50    ; 20.000       ; -0.090     ; 16.357     ;
; 3.554 ; pl_cpu:cpu|pl_datapath:datapath|id_ex.rs1[1]              ; pl_cpu:cpu|pl_datapath:datapath|if_id.instr[9]    ; CLOCK_50     ; CLOCK_50    ; 20.000       ; -0.072     ; 16.373     ;
; 3.554 ; pl_cpu:cpu|pl_datapath:datapath|id_ex.rs2[1]              ; pl_cpu:cpu|pl_datapath:datapath|id_ex.imm_ext[15] ; CLOCK_50     ; CLOCK_50    ; 20.000       ; -0.070     ; 16.375     ;
; 3.554 ; pl_cpu:cpu|pl_datapath:datapath|id_ex.rs2[3]              ; pl_cpu:cpu|pl_datapath:datapath|id_ex.imm_ext[24] ; CLOCK_50     ; CLOCK_50    ; 20.000       ; -0.061     ; 16.384     ;
; 3.555 ; pl_cpu:cpu|pl_datapath:datapath|id_ex.rs2[0]              ; pl_cpu:cpu|pl_datapath:datapath|id_ex.imm_ext[24] ; CLOCK_50     ; CLOCK_50    ; 20.000       ; -0.065     ; 16.379     ;
; 3.556 ; pl_cpu:cpu|pl_datapath:datapath|ex_mem.rd[1]              ; pl_cpu:cpu|pl_datapath:datapath|id_ex.imm_ext[17] ; CLOCK_50     ; CLOCK_50    ; 20.000       ; -0.071     ; 16.372     ;
; 3.558 ; pl_cpu:cpu|pl_datapath:datapath|ex_mem.rd[1]              ; pl_cpu:cpu|pl_datapath:datapath|id_ex.imm_ext[26] ; CLOCK_50     ; CLOCK_50    ; 20.000       ; -0.071     ; 16.370     ;
; 3.563 ; pl_cpu:cpu|pl_datapath:datapath|ex_mem.rd[4]              ; pl_cpu:cpu|pl_datapath:datapath|if_id.instr[5]    ; CLOCK_50     ; CLOCK_50    ; 20.000       ; -0.071     ; 16.365     ;
; 3.563 ; pl_cpu:cpu|pl_datapath:datapath|ex_mem.rd[4]              ; pl_cpu:cpu|pl_datapath:datapath|if_id.instr[11]   ; CLOCK_50     ; CLOCK_50    ; 20.000       ; -0.071     ; 16.365     ;
; 3.563 ; pl_cpu:cpu|pl_datapath:datapath|ex_mem.rd[4]              ; pl_cpu:cpu|pl_datapath:datapath|if_id.instr[10]   ; CLOCK_50     ; CLOCK_50    ; 20.000       ; -0.071     ; 16.365     ;
; 3.566 ; pl_cpu:cpu|pl_datapath:datapath|id_ex.rs1[1]              ; pl_cpu:cpu|pl_datapath:datapath|id_ex.imm_ext[18] ; CLOCK_50     ; CLOCK_50    ; 20.000       ; -0.089     ; 16.344     ;
; 3.572 ; pl_cpu:cpu|pl_datapath:datapath|id_ex.rs1[1]              ; pl_cpu:cpu|pl_datapath:datapath|id_ex.imm_ext[17] ; CLOCK_50     ; CLOCK_50    ; 20.000       ; -0.079     ; 16.348     ;
; 3.574 ; pl_cpu:cpu|pl_datapath:datapath|id_ex.rs1[1]              ; pl_cpu:cpu|pl_datapath:datapath|id_ex.imm_ext[26] ; CLOCK_50     ; CLOCK_50    ; 20.000       ; -0.079     ; 16.346     ;
; 3.580 ; pl_cpu:cpu|pl_datapath:datapath|id_ex.rs1[0]              ; pl_cpu:cpu|pl_datapath:datapath|id_ex.imm_ext[22] ; CLOCK_50     ; CLOCK_50    ; 20.000       ; -0.090     ; 16.329     ;
; 3.587 ; pl_cpu:cpu|pl_datapath:datapath|ex_mem.rd[1]              ; pl_cpu:cpu|pl_datapath:datapath|id_ex.imm_ext[24] ; CLOCK_50     ; CLOCK_50    ; 20.000       ; -0.066     ; 16.346     ;
; 3.591 ; pl_cpu:cpu|pl_datapath:datapath|id_ex.rs1[0]              ; pl_cpu:cpu|pl_datapath:datapath|id_ex.imm_ext[21] ; CLOCK_50     ; CLOCK_50    ; 20.000       ; -0.090     ; 16.318     ;
; 3.597 ; pl_cpu:cpu|pl_datapath:datapath|id_ex.rs1[0]              ; pl_cpu:cpu|pl_datapath:datapath|if_id.instr[30]   ; CLOCK_50     ; CLOCK_50    ; 20.000       ; -0.075     ; 16.327     ;
; 3.597 ; pl_cpu:cpu|pl_datapath:datapath|id_ex.rs1[0]              ; pl_cpu:cpu|pl_datapath:datapath|if_id.instr[31]   ; CLOCK_50     ; CLOCK_50    ; 20.000       ; -0.075     ; 16.327     ;
; 3.600 ; pl_cpu:cpu|pl_datapath:datapath|ex_mem.rd[2]              ; pl_cpu:cpu|pl_datapath:datapath|id_ex.imm_ext[14] ; CLOCK_50     ; CLOCK_50    ; 20.000       ; -0.082     ; 16.317     ;
; 3.600 ; pl_cpu:cpu|pl_datapath:datapath|ex_mem.rd[2]              ; pl_cpu:cpu|pl_datapath:datapath|id_ex.imm_ext[13] ; CLOCK_50     ; CLOCK_50    ; 20.000       ; -0.082     ; 16.317     ;
; 3.600 ; pl_cpu:cpu|pl_datapath:datapath|pl_regfile:regfile|rf~665 ; pl_cpu:cpu|pl_datapath:datapath|id_ex.rd2[24]     ; CLOCK_50     ; CLOCK_50    ; 10.000       ; -0.107     ; 6.292      ;
; 3.603 ; pl_cpu:cpu|pl_datapath:datapath|id_ex.rs1[1]              ; pl_cpu:cpu|pl_datapath:datapath|id_ex.imm_ext[24] ; CLOCK_50     ; CLOCK_50    ; 20.000       ; -0.074     ; 16.322     ;
; 3.604 ; pl_cpu:cpu|pl_datapath:datapath|ex_mem.rd[4]              ; pl_cpu:cpu|pl_datapath:datapath|id_ex.imm_ext[14] ; CLOCK_50     ; CLOCK_50    ; 20.000       ; -0.082     ; 16.313     ;
+-------+-----------------------------------------------------------+---------------------------------------------------+--------------+-------------+--------------+------------+------------+


+--------------------------------------------------------------------------------------------------------------------------------------------------------------------------------------------------------------------------------------------------+
; Slow 1200mV 0C Model Hold: 'CLOCK_50'                                                                                                                                                                                                            ;
+-------+---------------------------------------------------------------------------------+----------------------------------------------------------------------------------+--------------+-------------+--------------+------------+------------+
; Slack ; From Node                                                                       ; To Node                                                                          ; Launch Clock ; Latch Clock ; Relationship ; Clock Skew ; Data Delay ;
+-------+---------------------------------------------------------------------------------+----------------------------------------------------------------------------------+--------------+-------------+--------------+------------+------------+
; 0.353 ; pl_cpu:cpu|pl_datapath:datapath|if_id.instr[15]                                 ; pl_cpu:cpu|pl_datapath:datapath|if_id.instr[15]                                  ; CLOCK_50     ; CLOCK_50    ; 0.000        ; 0.073      ; 0.597      ;
; 0.353 ; pl_cpu:cpu|pl_datapath:datapath|if_id.instr[19]                                 ; pl_cpu:cpu|pl_datapath:datapath|if_id.instr[19]                                  ; CLOCK_50     ; CLOCK_50    ; 0.000        ; 0.073      ; 0.597      ;
; 0.354 ; pl_cpu:cpu|pl_datapath:datapath|pl_mmio:mmio|tx_byte_idx[1]                     ; pl_cpu:cpu|pl_datapath:datapath|pl_mmio:mmio|tx_byte_idx[1]                      ; CLOCK_50     ; CLOCK_50    ; 0.000        ; 0.072      ; 0.597      ;
; 0.354 ; pl_cpu:cpu|pl_datapath:datapath|pl_mmio:mmio|tx_byte_idx[0]                     ; pl_cpu:cpu|pl_datapath:datapath|pl_mmio:mmio|tx_byte_idx[0]                      ; CLOCK_50     ; CLOCK_50    ; 0.000        ; 0.072      ; 0.597      ;
; 0.354 ; pl_cpu:cpu|pl_datapath:datapath|pl_mmio:mmio|pl_uart:uart_inst|rx_bit_idx[1]    ; pl_cpu:cpu|pl_datapath:datapath|pl_mmio:mmio|pl_uart:uart_inst|rx_bit_idx[1]     ; CLOCK_50     ; CLOCK_50    ; 0.000        ; 0.072      ; 0.597      ;
; 0.354 ; pl_cpu:cpu|pl_datapath:datapath|pl_mmio:mmio|pl_uart:uart_inst|rx_bit_idx[2]    ; pl_cpu:cpu|pl_datapath:datapath|pl_mmio:mmio|pl_uart:uart_inst|rx_bit_idx[2]     ; CLOCK_50     ; CLOCK_50    ; 0.000        ; 0.072      ; 0.597      ;
; 0.354 ; pl_cpu:cpu|pl_datapath:datapath|pl_mmio:mmio|pl_uart:uart_inst|rx_state.RX_STOP ; pl_cpu:cpu|pl_datapath:datapath|pl_mmio:mmio|pl_uart:uart_inst|rx_state.RX_STOP  ; CLOCK_50     ; CLOCK_50    ; 0.000        ; 0.072      ; 0.597      ;
; 0.354 ; pl_cpu:cpu|pl_datapath:datapath|pl_mmio:mmio|pl_uart:uart_inst|rx_state.RX_IDLE ; pl_cpu:cpu|pl_datapath:datapath|pl_mmio:mmio|pl_uart:uart_inst|rx_state.RX_IDLE  ; CLOCK_50     ; CLOCK_50    ; 0.000        ; 0.072      ; 0.597      ;
; 0.354 ; pl_cpu:cpu|pl_datapath:datapath|pl_mmio:mmio|tx_word_busy                       ; pl_cpu:cpu|pl_datapath:datapath|pl_mmio:mmio|tx_word_busy                        ; CLOCK_50     ; CLOCK_50    ; 0.000        ; 0.072      ; 0.597      ;
; 0.354 ; pl_cpu:cpu|pl_datapath:datapath|pl_mmio:mmio|pl_uart:uart_inst|tx_busy          ; pl_cpu:cpu|pl_datapath:datapath|pl_mmio:mmio|pl_uart:uart_inst|tx_busy           ; CLOCK_50     ; CLOCK_50    ; 0.000        ; 0.072      ; 0.597      ;
; 0.354 ; pl_cpu:cpu|pl_datapath:datapath|if_id.instr[16]                                 ; pl_cpu:cpu|pl_datapath:datapath|if_id.instr[16]                                  ; CLOCK_50     ; CLOCK_50    ; 0.000        ; 0.072      ; 0.597      ;
; 0.354 ; pl_cpu:cpu|pl_datapath:datapath|if_id.instr[17]                                 ; pl_cpu:cpu|pl_datapath:datapath|if_id.instr[17]                                  ; CLOCK_50     ; CLOCK_50    ; 0.000        ; 0.072      ; 0.597      ;
; 0.354 ; pl_cpu:cpu|pl_datapath:datapath|pl_mmio:mmio|rx_ready                           ; pl_cpu:cpu|pl_datapath:datapath|pl_mmio:mmio|rx_ready                            ; CLOCK_50     ; CLOCK_50    ; 0.000        ; 0.072      ; 0.597      ;
; 0.355 ; pl_cpu:cpu|pl_datapath:datapath|pl_mmio:mmio|pl_uart:uart_inst|tx_sr[7]         ; pl_cpu:cpu|pl_datapath:datapath|pl_mmio:mmio|pl_uart:uart_inst|tx_sr[7]          ; CLOCK_50     ; CLOCK_50    ; 0.000        ; 0.071      ; 0.597      ;
; 0.355 ; pl_cpu:cpu|pl_datapath:datapath|pl_mmio:mmio|pl_uart:uart_inst|tx_state.TX_IDLE ; pl_cpu:cpu|pl_datapath:datapath|pl_mmio:mmio|pl_uart:uart_inst|tx_state.TX_IDLE  ; CLOCK_50     ; CLOCK_50    ; 0.000        ; 0.071      ; 0.597      ;
; 0.355 ; pl_cpu:cpu|pl_datapath:datapath|pl_mmio:mmio|pl_uart:uart_inst|tx_bit_idx[1]    ; pl_cpu:cpu|pl_datapath:datapath|pl_mmio:mmio|pl_uart:uart_inst|tx_bit_idx[1]     ; CLOCK_50     ; CLOCK_50    ; 0.000        ; 0.071      ; 0.597      ;
; 0.355 ; pl_cpu:cpu|pl_datapath:datapath|pl_mmio:mmio|pl_uart:uart_inst|tx_bit_idx[2]    ; pl_cpu:cpu|pl_datapath:datapath|pl_mmio:mmio|pl_uart:uart_inst|tx_bit_idx[2]     ; CLOCK_50     ; CLOCK_50    ; 0.000        ; 0.071      ; 0.597      ;
; 0.355 ; pl_cpu:cpu|pl_datapath:datapath|pl_mmio:mmio|pl_uart:uart_inst|tx_state.TX_STOP ; pl_cpu:cpu|pl_datapath:datapath|pl_mmio:mmio|pl_uart:uart_inst|tx_state.TX_STOP  ; CLOCK_50     ; CLOCK_50    ; 0.000        ; 0.071      ; 0.597      ;
; 0.365 ; pl_cpu:cpu|pl_datapath:datapath|pl_mmio:mmio|pl_uart:uart_inst|rx_bit_idx[0]    ; pl_cpu:cpu|pl_datapath:datapath|pl_mmio:mmio|pl_uart:uart_inst|rx_bit_idx[0]     ; CLOCK_50     ; CLOCK_50    ; 0.000        ; 0.072      ; 0.608      ;
; 0.366 ; pl_cpu:cpu|pl_datapath:datapath|pl_mmio:mmio|pl_uart:uart_inst|tx_bit_idx[0]    ; pl_cpu:cpu|pl_datapath:datapath|pl_mmio:mmio|pl_uart:uart_inst|tx_bit_idx[0]     ; CLOCK_50     ; CLOCK_50    ; 0.000        ; 0.071      ; 0.608      ;
; 0.366 ; pl_cpu:cpu|pl_datapath:datapath|pl_mmio:mmio|cycle_count[0]                     ; pl_cpu:cpu|pl_datapath:datapath|pl_mmio:mmio|cycle_count[0]                      ; CLOCK_50     ; CLOCK_50    ; 0.000        ; 0.071      ; 0.608      ;
; 0.396 ; pl_cpu:cpu|pl_datapath:datapath|pl_mmio:mmio|pl_uart:uart_inst|tx_bit_idx[0]    ; pl_cpu:cpu|pl_datapath:datapath|pl_mmio:mmio|pl_uart:uart_inst|tx_bit_idx[1]     ; CLOCK_50     ; CLOCK_50    ; 0.000        ; 0.071      ; 0.638      ;
; 0.396 ; pl_cpu:cpu|pl_datapath:datapath|pl_mmio:mmio|pl_uart:uart_inst|tx_bit_idx[0]    ; pl_cpu:cpu|pl_datapath:datapath|pl_mmio:mmio|pl_uart:uart_inst|tx_bit_idx[2]     ; CLOCK_50     ; CLOCK_50    ; 0.000        ; 0.071      ; 0.638      ;
; 0.402 ; pl_cpu:cpu|pl_datapath:datapath|if_id.instr[8]                                  ; pl_cpu:cpu|pl_datapath:datapath|id_ex.rd[1]                                      ; CLOCK_50     ; CLOCK_50    ; 0.000        ; 0.072      ; 0.645      ;
; 0.402 ; pl_cpu:cpu|pl_datapath:datapath|if_id.instr[30]                                 ; pl_cpu:cpu|pl_datapath:datapath|id_ex.funct7[5]                                  ; CLOCK_50     ; CLOCK_50    ; 0.000        ; 0.073      ; 0.646      ;
; 0.414 ; pl_cpu:cpu|pl_datapath:datapath|ex_mem.alu_result[29]                           ; pl_cpu:cpu|pl_datapath:datapath|ex_mem.write_data[29]                            ; CLOCK_50     ; CLOCK_50    ; 0.000        ; 0.072      ; 0.657      ;
; 0.416 ; pl_cpu:cpu|pl_datapath:datapath|pl_mmio:mmio|pl_uart:uart_inst|rx_sr[7]         ; pl_cpu:cpu|pl_datapath:datapath|pl_mmio:mmio|pl_uart:uart_inst|rx_sr[6]          ; CLOCK_50     ; CLOCK_50    ; 0.000        ; 0.072      ; 0.659      ;
; 0.418 ; pl_cpu:cpu|pl_datapath:datapath|pl_mmio:mmio|pl_uart:uart_inst|rx_sr[4]         ; pl_cpu:cpu|pl_datapath:datapath|pl_mmio:mmio|pl_uart:uart_inst|rx_sr[3]          ; CLOCK_50     ; CLOCK_50    ; 0.000        ; 0.072      ; 0.661      ;
; 0.418 ; pl_cpu:cpu|pl_datapath:datapath|pl_mmio:mmio|pl_uart:uart_inst|rx_sr[5]         ; pl_cpu:cpu|pl_datapath:datapath|pl_mmio:mmio|pl_uart:uart_inst|rx_sr[4]          ; CLOCK_50     ; CLOCK_50    ; 0.000        ; 0.072      ; 0.661      ;
; 0.418 ; pl_cpu:cpu|pl_datapath:datapath|pl_mmio:mmio|pl_uart:uart_inst|rx_sr[6]         ; pl_cpu:cpu|pl_datapath:datapath|pl_mmio:mmio|pl_uart:uart_inst|rx_sr[5]          ; CLOCK_50     ; CLOCK_50    ; 0.000        ; 0.072      ; 0.661      ;
; 0.420 ; pl_cpu:cpu|pl_datapath:datapath|pl_mmio:mmio|pl_uart:uart_inst|tx_state.TX_STOP ; pl_cpu:cpu|pl_datapath:datapath|pl_mmio:mmio|pl_uart:uart_inst|tx_state.TX_DATA  ; CLOCK_50     ; CLOCK_50    ; 0.000        ; 0.071      ; 0.662      ;
; 0.423 ; pl_cpu:cpu|pl_datapath:datapath|pl_mmio:mmio|tx_word_busy                       ; pl_cpu:cpu|pl_datapath:datapath|mem_wb.read_data[9]                              ; CLOCK_50     ; CLOCK_50    ; 0.000        ; 0.072      ; 0.666      ;
; 0.424 ; pl_cpu:cpu|pl_datapath:datapath|pl_mmio:mmio|pl_uart:uart_inst|tx_state.TX_STOP ; pl_cpu:cpu|pl_datapath:datapath|pl_mmio:mmio|pl_uart:uart_inst|tx_state.TX_IDLE  ; CLOCK_50     ; CLOCK_50    ; 0.000        ; 0.071      ; 0.666      ;
; 0.443 ; pl_cpu:cpu|pl_datapath:datapath|pl_mmio:mmio|pl_uart:uart_inst|rx_state.RX_DATA ; pl_cpu:cpu|pl_datapath:datapath|pl_mmio:mmio|pl_uart:uart_inst|rx_bit_idx[1]     ; CLOCK_50     ; CLOCK_50    ; 0.000        ; 0.072      ; 0.686      ;
; 0.445 ; pl_cpu:cpu|pl_datapath:datapath|pl_mmio:mmio|pl_uart:uart_inst|rx_state.RX_DATA ; pl_cpu:cpu|pl_datapath:datapath|pl_mmio:mmio|pl_uart:uart_inst|rx_bit_idx[2]     ; CLOCK_50     ; CLOCK_50    ; 0.000        ; 0.072      ; 0.688      ;
; 0.446 ; pl_cpu:cpu|pl_datapath:datapath|pl_mmio:mmio|pl_uart:uart_inst|rx_state.RX_DATA ; pl_cpu:cpu|pl_datapath:datapath|pl_mmio:mmio|pl_uart:uart_inst|rx_bit_idx[0]     ; CLOCK_50     ; CLOCK_50    ; 0.000        ; 0.072      ; 0.689      ;
; 0.447 ; pl_cpu:cpu|pl_datapath:datapath|pl_mmio:mmio|pl_uart:uart_inst|tx_state.TX_IDLE ; pl_cpu:cpu|pl_datapath:datapath|pl_mmio:mmio|pl_uart:uart_inst|tx_sr[7]          ; CLOCK_50     ; CLOCK_50    ; 0.000        ; 0.071      ; 0.689      ;
; 0.454 ; pl_cpu:cpu|pl_datapath:datapath|pl_mmio:mmio|pl_uart:uart_inst|tx_state.TX_IDLE ; pl_cpu:cpu|pl_datapath:datapath|pl_mmio:mmio|pl_uart:uart_inst|TXD               ; CLOCK_50     ; CLOCK_50    ; 0.000        ; 0.071      ; 0.696      ;
; 0.508 ; pl_cpu:cpu|pl_datapath:datapath|if_id.pc[8]                                     ; pl_cpu:cpu|pl_datapath:datapath|id_ex.pc[8]                                      ; CLOCK_50     ; CLOCK_50    ; 0.000        ; 0.073      ; 0.752      ;
; 0.525 ; pl_cpu:cpu|pl_datapath:datapath|pl_mmio:mmio|pl_uart:uart_inst|rx_state.RX_IDLE ; pl_cpu:cpu|pl_datapath:datapath|pl_mmio:mmio|pl_uart:uart_inst|rx_state.RX_START ; CLOCK_50     ; CLOCK_50    ; 0.000        ; 0.072      ; 0.768      ;
; 0.527 ; pl_cpu:cpu|pl_datapath:datapath|if_id.instr[15]                                 ; pl_cpu:cpu|pl_datapath:datapath|id_ex.rs1[0]                                     ; CLOCK_50     ; CLOCK_50    ; 0.000        ; 0.073      ; 0.771      ;
; 0.533 ; pl_cpu:cpu|pl_datapath:datapath|ex_mem.alu_result[19]                           ; pl_cpu:cpu|pl_datapath:datapath|ex_mem.write_data[19]                            ; CLOCK_50     ; CLOCK_50    ; 0.000        ; 0.072      ; 0.776      ;
; 0.549 ; pl_cpu:cpu|pl_datapath:datapath|pl_mmio:mmio|pl_uart:uart_inst|rx_sr[0]         ; pl_cpu:cpu|pl_datapath:datapath|pl_mmio:mmio|pl_uart:uart_inst|rx_data[0]        ; CLOCK_50     ; CLOCK_50    ; 0.000        ; 0.072      ; 0.792      ;
; 0.551 ; pl_cpu:cpu|pl_datapath:datapath|pl_mmio:mmio|pl_uart:uart_inst|tx_sr[3]         ; pl_cpu:cpu|pl_datapath:datapath|pl_mmio:mmio|pl_uart:uart_inst|tx_sr[2]          ; CLOCK_50     ; CLOCK_50    ; 0.000        ; 0.070      ; 0.792      ;
; 0.551 ; pl_cpu:cpu|pl_datapath:datapath|ex_mem.mem_to_reg                               ; pl_cpu:cpu|pl_datapath:datapath|mem_wb.mem_to_reg                                ; CLOCK_50     ; CLOCK_50    ; 0.000        ; 0.073      ; 0.795      ;
; 0.552 ; pl_cpu:cpu|pl_datapath:datapath|pl_mmio:mmio|pl_uart:uart_inst|tx_sr[5]         ; pl_cpu:cpu|pl_datapath:datapath|pl_mmio:mmio|pl_uart:uart_inst|tx_sr[4]          ; CLOCK_50     ; CLOCK_50    ; 0.000        ; 0.070      ; 0.793      ;
; 0.552 ; pl_cpu:cpu|pl_datapath:datapath|pl_mmio:mmio|pl_uart:uart_inst|tx_sr[6]         ; pl_cpu:cpu|pl_datapath:datapath|pl_mmio:mmio|pl_uart:uart_inst|tx_sr[5]          ; CLOCK_50     ; CLOCK_50    ; 0.000        ; 0.070      ; 0.793      ;
; 0.553 ; pl_cpu:cpu|pl_datapath:datapath|pl_mmio:mmio|pl_uart:uart_inst|tx_sr[4]         ; pl_cpu:cpu|pl_datapath:datapath|pl_mmio:mmio|pl_uart:uart_inst|tx_sr[3]          ; CLOCK_50     ; CLOCK_50    ; 0.000        ; 0.070      ; 0.794      ;
; 0.554 ; pl_cpu:cpu|pl_datapath:datapath|pl_mmio:mmio|pl_uart:uart_inst|rx_sr[3]         ; pl_cpu:cpu|pl_datapath:datapath|pl_mmio:mmio|pl_uart:uart_inst|rx_data[3]        ; CLOCK_50     ; CLOCK_50    ; 0.000        ; 0.072      ; 0.797      ;
; 0.555 ; pl_cpu:cpu|pl_datapath:datapath|pl_mmio:mmio|pl_uart:uart_inst|rx_sr[1]         ; pl_cpu:cpu|pl_datapath:datapath|pl_mmio:mmio|pl_uart:uart_inst|rx_sr[0]          ; CLOCK_50     ; CLOCK_50    ; 0.000        ; 0.072      ; 0.798      ;
; 0.555 ; pl_cpu:cpu|pl_datapath:datapath|pl_mmio:mmio|pl_uart:uart_inst|rx_sr[1]         ; pl_cpu:cpu|pl_datapath:datapath|pl_mmio:mmio|pl_uart:uart_inst|rx_data[1]        ; CLOCK_50     ; CLOCK_50    ; 0.000        ; 0.072      ; 0.798      ;
; 0.557 ; pl_cpu:cpu|pl_datapath:datapath|pl_mmio:mmio|pl_uart:uart_inst|rx_sr[3]         ; pl_cpu:cpu|pl_datapath:datapath|pl_mmio:mmio|pl_uart:uart_inst|rx_sr[2]          ; CLOCK_50     ; CLOCK_50    ; 0.000        ; 0.072      ; 0.800      ;
; 0.559 ; pl_cpu:cpu|pl_datapath:datapath|pl_mmio:mmio|pl_uart:uart_inst|rx_sr[2]         ; pl_cpu:cpu|pl_datapath:datapath|pl_mmio:mmio|pl_uart:uart_inst|rx_sr[1]          ; CLOCK_50     ; CLOCK_50    ; 0.000        ; 0.072      ; 0.802      ;
; 0.569 ; pl_cpu:cpu|pl_datapath:datapath|pl_mmio:mmio|pl_uart:uart_inst|tx_state.TX_DATA ; pl_cpu:cpu|pl_datapath:datapath|pl_mmio:mmio|pl_uart:uart_inst|tx_state.TX_START ; CLOCK_50     ; CLOCK_50    ; 0.000        ; 0.071      ; 0.811      ;
; 0.579 ; pl_cpu:cpu|pl_datapath:datapath|pl_mmio:mmio|pl_uart:uart_inst|tx_state.TX_DATA ; pl_cpu:cpu|pl_datapath:datapath|pl_mmio:mmio|pl_uart:uart_inst|TXD               ; CLOCK_50     ; CLOCK_50    ; 0.000        ; 0.071      ; 0.821      ;
; 0.582 ; pl_cpu:cpu|pl_datapath:datapath|ex_mem.alu_result[14]                           ; pl_cpu:cpu|pl_datapath:datapath|ex_mem.write_data[14]                            ; CLOCK_50     ; CLOCK_50    ; 0.000        ; 0.072      ; 0.825      ;
; 0.583 ; pl_cpu:cpu|pl_datapath:datapath|pl_mmio:mmio|pl_uart:uart_inst|rx_valid         ; pl_cpu:cpu|pl_datapath:datapath|pl_mmio:mmio|rx_ready                            ; CLOCK_50     ; CLOCK_50    ; 0.000        ; 0.072      ; 0.826      ;
; 0.586 ; pl_cpu:cpu|pl_datapath:datapath|pl_mmio:mmio|cycle_count[11]                    ; pl_cpu:cpu|pl_datapath:datapath|pl_mmio:mmio|cycle_count[11]                     ; CLOCK_50     ; CLOCK_50    ; 0.000        ; 0.072      ; 0.829      ;
; 0.587 ; pl_cpu:cpu|pl_datapath:datapath|ex_mem.alu_result[26]                           ; pl_cpu:cpu|pl_datapath:datapath|mem_wb.alu_result[26]                            ; CLOCK_50     ; CLOCK_50    ; 0.000        ; 0.073      ; 0.831      ;
; 0.592 ; pl_cpu:cpu|pl_datapath:datapath|pl_mmio:mmio|pl_uart:uart_inst|tx_bit_idx[1]    ; pl_cpu:cpu|pl_datapath:datapath|pl_mmio:mmio|pl_uart:uart_inst|tx_bit_idx[2]     ; CLOCK_50     ; CLOCK_50    ; 0.000        ; 0.071      ; 0.834      ;
; 0.593 ; pl_cpu:cpu|pl_datapath:datapath|pl_mmio:mmio|pl_uart:uart_inst|rx_bit_idx[1]    ; pl_cpu:cpu|pl_datapath:datapath|pl_mmio:mmio|pl_uart:uart_inst|rx_bit_idx[2]     ; CLOCK_50     ; CLOCK_50    ; 0.000        ; 0.072      ; 0.836      ;
; 0.599 ; pl_cpu:cpu|pl_datapath:datapath|pl_mmio:mmio|cycle_count[15]                    ; pl_cpu:cpu|pl_datapath:datapath|pl_mmio:mmio|cycle_count[15]                     ; CLOCK_50     ; CLOCK_50    ; 0.000        ; 0.072      ; 0.842      ;
; 0.599 ; pl_cpu:cpu|pl_datapath:datapath|pl_mmio:mmio|cycle_count[13]                    ; pl_cpu:cpu|pl_datapath:datapath|pl_mmio:mmio|cycle_count[13]                     ; CLOCK_50     ; CLOCK_50    ; 0.000        ; 0.072      ; 0.842      ;
; 0.599 ; pl_cpu:cpu|pl_datapath:datapath|pl_mmio:mmio|cycle_count[6]                     ; pl_cpu:cpu|pl_datapath:datapath|pl_mmio:mmio|cycle_count[6]                      ; CLOCK_50     ; CLOCK_50    ; 0.000        ; 0.072      ; 0.842      ;
; 0.599 ; pl_cpu:cpu|pl_datapath:datapath|pl_mmio:mmio|cycle_count[3]                     ; pl_cpu:cpu|pl_datapath:datapath|pl_mmio:mmio|cycle_count[3]                      ; CLOCK_50     ; CLOCK_50    ; 0.000        ; 0.072      ; 0.842      ;
; 0.600 ; pl_cpu:cpu|pl_datapath:datapath|pl_mmio:mmio|pl_uart:uart_inst|tx_cnt[3]        ; pl_cpu:cpu|pl_datapath:datapath|pl_mmio:mmio|pl_uart:uart_inst|tx_cnt[3]         ; CLOCK_50     ; CLOCK_50    ; 0.000        ; 0.071      ; 0.842      ;
; 0.600 ; pl_cpu:cpu|pl_datapath:datapath|pl_mmio:mmio|pl_uart:uart_inst|tx_cnt[5]        ; pl_cpu:cpu|pl_datapath:datapath|pl_mmio:mmio|pl_uart:uart_inst|tx_cnt[5]         ; CLOCK_50     ; CLOCK_50    ; 0.000        ; 0.071      ; 0.842      ;
; 0.600 ; pl_cpu:cpu|pl_datapath:datapath|pl_mmio:mmio|pl_uart:uart_inst|tx_cnt[13]       ; pl_cpu:cpu|pl_datapath:datapath|pl_mmio:mmio|pl_uart:uart_inst|tx_cnt[13]        ; CLOCK_50     ; CLOCK_50    ; 0.000        ; 0.071      ; 0.842      ;
; 0.600 ; pl_cpu:cpu|pl_datapath:datapath|pl_mmio:mmio|pl_uart:uart_inst|rx_cnt[3]        ; pl_cpu:cpu|pl_datapath:datapath|pl_mmio:mmio|pl_uart:uart_inst|rx_cnt[3]         ; CLOCK_50     ; CLOCK_50    ; 0.000        ; 0.071      ; 0.842      ;
; 0.600 ; pl_cpu:cpu|pl_datapath:datapath|pl_mmio:mmio|pl_uart:uart_inst|rx_cnt[5]        ; pl_cpu:cpu|pl_datapath:datapath|pl_mmio:mmio|pl_uart:uart_inst|rx_cnt[5]         ; CLOCK_50     ; CLOCK_50    ; 0.000        ; 0.071      ; 0.842      ;
; 0.600 ; pl_cpu:cpu|pl_datapath:datapath|pl_mmio:mmio|pl_uart:uart_inst|rx_cnt[13]       ; pl_cpu:cpu|pl_datapath:datapath|pl_mmio:mmio|pl_uart:uart_inst|rx_cnt[13]        ; CLOCK_50     ; CLOCK_50    ; 0.000        ; 0.071      ; 0.842      ;
; 0.600 ; pl_cpu:cpu|pl_datapath:datapath|pl_mmio:mmio|cycle_count[5]                     ; pl_cpu:cpu|pl_datapath:datapath|pl_mmio:mmio|cycle_count[5]                      ; CLOCK_50     ; CLOCK_50    ; 0.000        ; 0.072      ; 0.843      ;
; 0.601 ; pl_cpu:cpu|pl_datapath:datapath|pl_mmio:mmio|pl_uart:uart_inst|tx_cnt[11]       ; pl_cpu:cpu|pl_datapath:datapath|pl_mmio:mmio|pl_uart:uart_inst|tx_cnt[11]        ; CLOCK_50     ; CLOCK_50    ; 0.000        ; 0.071      ; 0.843      ;
; 0.601 ; pl_cpu:cpu|pl_datapath:datapath|pl_mmio:mmio|pl_uart:uart_inst|tx_cnt[15]       ; pl_cpu:cpu|pl_datapath:datapath|pl_mmio:mmio|pl_uart:uart_inst|tx_cnt[15]        ; CLOCK_50     ; CLOCK_50    ; 0.000        ; 0.071      ; 0.843      ;
; 0.601 ; pl_cpu:cpu|pl_datapath:datapath|pl_mmio:mmio|pl_uart:uart_inst|rx_cnt[15]       ; pl_cpu:cpu|pl_datapath:datapath|pl_mmio:mmio|pl_uart:uart_inst|rx_cnt[15]        ; CLOCK_50     ; CLOCK_50    ; 0.000        ; 0.071      ; 0.843      ;
; 0.601 ; pl_cpu:cpu|pl_datapath:datapath|pl_mmio:mmio|pl_uart:uart_inst|rx_cnt[11]       ; pl_cpu:cpu|pl_datapath:datapath|pl_mmio:mmio|pl_uart:uart_inst|rx_cnt[11]        ; CLOCK_50     ; CLOCK_50    ; 0.000        ; 0.071      ; 0.843      ;
; 0.601 ; pl_cpu:cpu|pl_datapath:datapath|pl_mmio:mmio|cycle_count[29]                    ; pl_cpu:cpu|pl_datapath:datapath|pl_mmio:mmio|cycle_count[29]                     ; CLOCK_50     ; CLOCK_50    ; 0.000        ; 0.071      ; 0.843      ;
; 0.601 ; pl_cpu:cpu|pl_datapath:datapath|pl_mmio:mmio|cycle_count[22]                    ; pl_cpu:cpu|pl_datapath:datapath|pl_mmio:mmio|cycle_count[22]                     ; CLOCK_50     ; CLOCK_50    ; 0.000        ; 0.071      ; 0.843      ;
; 0.601 ; pl_cpu:cpu|pl_datapath:datapath|pl_mmio:mmio|cycle_count[21]                    ; pl_cpu:cpu|pl_datapath:datapath|pl_mmio:mmio|cycle_count[21]                     ; CLOCK_50     ; CLOCK_50    ; 0.000        ; 0.071      ; 0.843      ;
; 0.601 ; pl_cpu:cpu|pl_datapath:datapath|pl_mmio:mmio|cycle_count[19]                    ; pl_cpu:cpu|pl_datapath:datapath|pl_mmio:mmio|cycle_count[19]                     ; CLOCK_50     ; CLOCK_50    ; 0.000        ; 0.071      ; 0.843      ;
; 0.601 ; pl_cpu:cpu|pl_datapath:datapath|pl_mmio:mmio|cycle_count[14]                    ; pl_cpu:cpu|pl_datapath:datapath|pl_mmio:mmio|cycle_count[14]                     ; CLOCK_50     ; CLOCK_50    ; 0.000        ; 0.072      ; 0.844      ;
; 0.601 ; pl_cpu:cpu|pl_datapath:datapath|pl_mmio:mmio|cycle_count[2]                     ; pl_cpu:cpu|pl_datapath:datapath|pl_mmio:mmio|cycle_count[2]                      ; CLOCK_50     ; CLOCK_50    ; 0.000        ; 0.072      ; 0.844      ;
; 0.602 ; pl_cpu:cpu|pl_datapath:datapath|pl_mmio:mmio|pl_uart:uart_inst|tx_cnt[1]        ; pl_cpu:cpu|pl_datapath:datapath|pl_mmio:mmio|pl_uart:uart_inst|tx_cnt[1]         ; CLOCK_50     ; CLOCK_50    ; 0.000        ; 0.071      ; 0.844      ;
; 0.602 ; pl_cpu:cpu|pl_datapath:datapath|pl_mmio:mmio|pl_uart:uart_inst|tx_cnt[6]        ; pl_cpu:cpu|pl_datapath:datapath|pl_mmio:mmio|pl_uart:uart_inst|tx_cnt[6]         ; CLOCK_50     ; CLOCK_50    ; 0.000        ; 0.071      ; 0.844      ;
; 0.602 ; pl_cpu:cpu|pl_datapath:datapath|pl_mmio:mmio|pl_uart:uart_inst|rx_cnt[6]        ; pl_cpu:cpu|pl_datapath:datapath|pl_mmio:mmio|pl_uart:uart_inst|rx_cnt[6]         ; CLOCK_50     ; CLOCK_50    ; 0.000        ; 0.071      ; 0.844      ;
; 0.602 ; pl_cpu:cpu|pl_datapath:datapath|pl_mmio:mmio|pl_uart:uart_inst|rx_cnt[1]        ; pl_cpu:cpu|pl_datapath:datapath|pl_mmio:mmio|pl_uart:uart_inst|rx_cnt[1]         ; CLOCK_50     ; CLOCK_50    ; 0.000        ; 0.071      ; 0.844      ;
; 0.602 ; pl_cpu:cpu|pl_datapath:datapath|pl_mmio:mmio|cycle_count[31]                    ; pl_cpu:cpu|pl_datapath:datapath|pl_mmio:mmio|cycle_count[31]                     ; CLOCK_50     ; CLOCK_50    ; 0.000        ; 0.071      ; 0.844      ;
; 0.602 ; pl_cpu:cpu|pl_datapath:datapath|pl_mmio:mmio|cycle_count[27]                    ; pl_cpu:cpu|pl_datapath:datapath|pl_mmio:mmio|cycle_count[27]                     ; CLOCK_50     ; CLOCK_50    ; 0.000        ; 0.071      ; 0.844      ;
; 0.602 ; pl_cpu:cpu|pl_datapath:datapath|pl_mmio:mmio|cycle_count[16]                    ; pl_cpu:cpu|pl_datapath:datapath|pl_mmio:mmio|cycle_count[16]                     ; CLOCK_50     ; CLOCK_50    ; 0.000        ; 0.071      ; 0.844      ;
; 0.602 ; pl_cpu:cpu|pl_datapath:datapath|pl_mmio:mmio|cycle_count[12]                    ; pl_cpu:cpu|pl_datapath:datapath|pl_mmio:mmio|cycle_count[12]                     ; CLOCK_50     ; CLOCK_50    ; 0.000        ; 0.072      ; 0.845      ;
; 0.602 ; pl_cpu:cpu|pl_datapath:datapath|pl_mmio:mmio|cycle_count[10]                    ; pl_cpu:cpu|pl_datapath:datapath|pl_mmio:mmio|cycle_count[10]                     ; CLOCK_50     ; CLOCK_50    ; 0.000        ; 0.072      ; 0.845      ;
; 0.602 ; pl_cpu:cpu|pl_datapath:datapath|pl_mmio:mmio|cycle_count[8]                     ; pl_cpu:cpu|pl_datapath:datapath|pl_mmio:mmio|cycle_count[8]                      ; CLOCK_50     ; CLOCK_50    ; 0.000        ; 0.072      ; 0.845      ;
; 0.602 ; pl_cpu:cpu|pl_datapath:datapath|pl_mmio:mmio|cycle_count[4]                     ; pl_cpu:cpu|pl_datapath:datapath|pl_mmio:mmio|cycle_count[4]                      ; CLOCK_50     ; CLOCK_50    ; 0.000        ; 0.072      ; 0.845      ;
; 0.603 ; pl_cpu:cpu|pl_datapath:datapath|pl_mmio:mmio|cycle_count[30]                    ; pl_cpu:cpu|pl_datapath:datapath|pl_mmio:mmio|cycle_count[30]                     ; CLOCK_50     ; CLOCK_50    ; 0.000        ; 0.071      ; 0.845      ;
; 0.603 ; pl_cpu:cpu|pl_datapath:datapath|pl_mmio:mmio|cycle_count[20]                    ; pl_cpu:cpu|pl_datapath:datapath|pl_mmio:mmio|cycle_count[20]                     ; CLOCK_50     ; CLOCK_50    ; 0.000        ; 0.071      ; 0.845      ;
; 0.603 ; pl_cpu:cpu|pl_datapath:datapath|pl_mmio:mmio|cycle_count[18]                    ; pl_cpu:cpu|pl_datapath:datapath|pl_mmio:mmio|cycle_count[18]                     ; CLOCK_50     ; CLOCK_50    ; 0.000        ; 0.071      ; 0.845      ;
; 0.604 ; pl_cpu:cpu|pl_datapath:datapath|pl_mmio:mmio|pl_uart:uart_inst|tx_cnt[7]        ; pl_cpu:cpu|pl_datapath:datapath|pl_mmio:mmio|pl_uart:uart_inst|tx_cnt[7]         ; CLOCK_50     ; CLOCK_50    ; 0.000        ; 0.071      ; 0.846      ;
; 0.604 ; pl_cpu:cpu|pl_datapath:datapath|pl_mmio:mmio|pl_uart:uart_inst|tx_cnt[9]        ; pl_cpu:cpu|pl_datapath:datapath|pl_mmio:mmio|pl_uart:uart_inst|tx_cnt[9]         ; CLOCK_50     ; CLOCK_50    ; 0.000        ; 0.071      ; 0.846      ;
; 0.604 ; pl_cpu:cpu|pl_datapath:datapath|pl_mmio:mmio|pl_uart:uart_inst|rx_cnt[7]        ; pl_cpu:cpu|pl_datapath:datapath|pl_mmio:mmio|pl_uart:uart_inst|rx_cnt[7]         ; CLOCK_50     ; CLOCK_50    ; 0.000        ; 0.071      ; 0.846      ;
; 0.604 ; pl_cpu:cpu|pl_datapath:datapath|pl_mmio:mmio|pl_uart:uart_inst|rx_cnt[9]        ; pl_cpu:cpu|pl_datapath:datapath|pl_mmio:mmio|pl_uart:uart_inst|rx_cnt[9]         ; CLOCK_50     ; CLOCK_50    ; 0.000        ; 0.071      ; 0.846      ;
+-------+---------------------------------------------------------------------------------+----------------------------------------------------------------------------------+--------------+-------------+--------------+------------+------------+


----------------------------------------------
; Slow 1200mV 0C Model Metastability Summary ;
----------------------------------------------
The design MTBF is not calculated because there are no specified synchronizers in the design.
Number of Synchronizer Chains Found: 1
Shortest Synchronizer Chain: 2 Registers
Fraction of Chains for which MTBFs Could Not be Calculated: 1.000
Worst Case Available Settling Time: 31.389 ns




+------------------------------------+
; Fast 1200mV 0C Model Setup Summary ;
+----------+-------+-----------------+
; Clock    ; Slack ; End Point TNS   ;
+----------+-------+-----------------+
; CLOCK_50 ; 5.652 ; 0.000           ;
+----------+-------+-----------------+


+-----------------------------------+
; Fast 1200mV 0C Model Hold Summary ;
+----------+-------+----------------+
; Clock    ; Slack ; End Point TNS  ;
+----------+-------+----------------+
; CLOCK_50 ; 0.181 ; 0.000          ;
+----------+-------+----------------+


-----------------------------------------
; Fast 1200mV 0C Model Recovery Summary ;
-----------------------------------------
No paths to report.


----------------------------------------
; Fast 1200mV 0C Model Removal Summary ;
----------------------------------------
No paths to report.


+--------------------------------------------------+
; Fast 1200mV 0C Model Minimum Pulse Width Summary ;
+----------+-------+-------------------------------+
; Clock    ; Slack ; End Point TNS                 ;
+----------+-------+-------------------------------+
; CLOCK_50 ; 9.375 ; 0.000                         ;
+----------+-------+-------------------------------+


+------------------------------------------------------------------------------------------------------------------------------------------------------------------------------------------+
; Fast 1200mV 0C Model Setup: 'CLOCK_50'                                                                                                                                                   ;
+-------+------------------------------------------------------------+-----------------------------------------------+--------------+-------------+--------------+------------+------------+
; Slack ; From Node                                                  ; To Node                                       ; Launch Clock ; Latch Clock ; Relationship ; Clock Skew ; Data Delay ;
+-------+------------------------------------------------------------+-----------------------------------------------+--------------+-------------+--------------+------------+------------+
; 5.652 ; pl_cpu:cpu|pl_datapath:datapath|pl_regfile:regfile|rf~793  ; pl_cpu:cpu|pl_datapath:datapath|id_ex.rd2[24] ; CLOCK_50     ; CLOCK_50    ; 10.000       ; -0.413     ; 3.922      ;
; 5.803 ; pl_cpu:cpu|pl_datapath:datapath|pl_regfile:regfile|rf~218  ; pl_cpu:cpu|pl_datapath:datapath|id_ex.rd2[25] ; CLOCK_50     ; CLOCK_50    ; 10.000       ; -0.430     ; 3.754      ;
; 5.900 ; pl_cpu:cpu|pl_datapath:datapath|pl_regfile:regfile|rf~235  ; pl_cpu:cpu|pl_datapath:datapath|id_ex.rd2[10] ; CLOCK_50     ; CLOCK_50    ; 10.000       ; -0.402     ; 3.685      ;
; 5.950 ; pl_cpu:cpu|pl_datapath:datapath|pl_regfile:regfile|rf~100  ; pl_cpu:cpu|pl_datapath:datapath|id_ex.rd2[3]  ; CLOCK_50     ; CLOCK_50    ; 10.000       ; -0.436     ; 3.601      ;
; 5.981 ; pl_cpu:cpu|pl_datapath:datapath|pl_regfile:regfile|rf~199  ; pl_cpu:cpu|pl_datapath:datapath|id_ex.rd2[6]  ; CLOCK_50     ; CLOCK_50    ; 10.000       ; -0.388     ; 3.618      ;
; 5.981 ; pl_cpu:cpu|pl_datapath:datapath|pl_regfile:regfile|rf~231  ; pl_cpu:cpu|pl_datapath:datapath|id_ex.rd2[6]  ; CLOCK_50     ; CLOCK_50    ; 10.000       ; -0.386     ; 3.620      ;
; 5.998 ; pl_cpu:cpu|pl_datapath:datapath|pl_regfile:regfile|rf~487  ; pl_cpu:cpu|pl_datapath:datapath|id_ex.rd2[6]  ; CLOCK_50     ; CLOCK_50    ; 10.000       ; -0.402     ; 3.587      ;
; 6.004 ; pl_cpu:cpu|pl_datapath:datapath|pl_regfile:regfile|rf~167  ; pl_cpu:cpu|pl_datapath:datapath|id_ex.rd2[6]  ; CLOCK_50     ; CLOCK_50    ; 10.000       ; -0.386     ; 3.597      ;
; 6.033 ; pl_cpu:cpu|pl_datapath:datapath|pl_regfile:regfile|rf~665  ; pl_cpu:cpu|pl_datapath:datapath|id_ex.rd2[24] ; CLOCK_50     ; CLOCK_50    ; 10.000       ; -0.412     ; 3.542      ;
; 6.054 ; pl_cpu:cpu|pl_datapath:datapath|pl_regfile:regfile|rf~220  ; pl_cpu:cpu|pl_datapath:datapath|id_ex.rd2[27] ; CLOCK_50     ; CLOCK_50    ; 10.000       ; -0.428     ; 3.505      ;
; 6.091 ; pl_cpu:cpu|pl_datapath:datapath|pl_regfile:regfile|rf~171  ; pl_cpu:cpu|pl_datapath:datapath|id_ex.rd2[10] ; CLOCK_50     ; CLOCK_50    ; 10.000       ; -0.402     ; 3.494      ;
; 6.100 ; pl_cpu:cpu|pl_datapath:datapath|pl_regfile:regfile|rf~362  ; pl_cpu:cpu|pl_datapath:datapath|id_ex.rd2[9]  ; CLOCK_50     ; CLOCK_50    ; 10.000       ; -0.425     ; 3.462      ;
; 6.108 ; pl_cpu:cpu|pl_datapath:datapath|pl_regfile:regfile|rf~79   ; pl_cpu:cpu|pl_datapath:datapath|id_ex.rd2[14] ; CLOCK_50     ; CLOCK_50    ; 10.000       ; -0.424     ; 3.455      ;
; 6.109 ; pl_cpu:cpu|pl_datapath:datapath|pl_regfile:regfile|rf~255  ; pl_cpu:cpu|pl_datapath:datapath|id_ex.rd2[30] ; CLOCK_50     ; CLOCK_50    ; 10.000       ; -0.421     ; 3.457      ;
; 6.119 ; pl_cpu:cpu|pl_datapath:datapath|pl_regfile:regfile|rf~358  ; pl_cpu:cpu|pl_datapath:datapath|id_ex.rd2[5]  ; CLOCK_50     ; CLOCK_50    ; 10.000       ; -0.403     ; 3.465      ;
; 6.124 ; pl_cpu:cpu|pl_datapath:datapath|pl_regfile:regfile|rf~327  ; pl_cpu:cpu|pl_datapath:datapath|id_ex.rd2[6]  ; CLOCK_50     ; CLOCK_50    ; 10.000       ; -0.392     ; 3.471      ;
; 6.130 ; pl_cpu:cpu|pl_datapath:datapath|pl_regfile:regfile|rf~191  ; pl_cpu:cpu|pl_datapath:datapath|id_ex.rd2[30] ; CLOCK_50     ; CLOCK_50    ; 10.000       ; -0.421     ; 3.436      ;
; 6.140 ; pl_cpu:cpu|pl_datapath:datapath|pl_regfile:regfile|rf~294  ; pl_cpu:cpu|pl_datapath:datapath|id_ex.rd2[5]  ; CLOCK_50     ; CLOCK_50    ; 10.000       ; -0.403     ; 3.444      ;
; 6.167 ; pl_cpu:cpu|pl_datapath:datapath|pl_regfile:regfile|rf~738  ; pl_cpu:cpu|pl_datapath:datapath|id_ex.rd2[1]  ; CLOCK_50     ; CLOCK_50    ; 10.000       ; -0.424     ; 3.396      ;
; 6.188 ; pl_cpu:cpu|pl_datapath:datapath|pl_regfile:regfile|rf~610  ; pl_cpu:cpu|pl_datapath:datapath|id_ex.rd2[1]  ; CLOCK_50     ; CLOCK_50    ; 10.000       ; -0.424     ; 3.375      ;
; 6.201 ; pl_cpu:cpu|pl_datapath:datapath|pl_regfile:regfile|rf~249  ; pl_cpu:cpu|pl_datapath:datapath|id_ex.rd2[24] ; CLOCK_50     ; CLOCK_50    ; 10.000       ; -0.423     ; 3.363      ;
; 6.202 ; pl_cpu:cpu|pl_datapath:datapath|pl_regfile:regfile|rf~243  ; pl_cpu:cpu|pl_datapath:datapath|id_ex.rd2[18] ; CLOCK_50     ; CLOCK_50    ; 10.000       ; -0.397     ; 3.388      ;
; 6.204 ; pl_cpu:cpu|pl_datapath:datapath|pl_regfile:regfile|rf~298  ; pl_cpu:cpu|pl_datapath:datapath|id_ex.rd2[9]  ; CLOCK_50     ; CLOCK_50    ; 10.000       ; -0.425     ; 3.358      ;
; 6.216 ; pl_cpu:cpu|pl_datapath:datapath|pl_regfile:regfile|rf~376  ; pl_cpu:cpu|pl_datapath:datapath|id_ex.rd2[23] ; CLOCK_50     ; CLOCK_50    ; 10.000       ; -0.422     ; 3.349      ;
; 6.226 ; pl_cpu:cpu|pl_datapath:datapath|pl_regfile:regfile|rf~674  ; pl_cpu:cpu|pl_datapath:datapath|id_ex.rd2[1]  ; CLOCK_50     ; CLOCK_50    ; 10.000       ; -0.424     ; 3.337      ;
; 6.226 ; pl_cpu:cpu|pl_datapath:datapath|pl_regfile:regfile|rf~185  ; pl_cpu:cpu|pl_datapath:datapath|id_ex.rd2[24] ; CLOCK_50     ; CLOCK_50    ; 10.000       ; -0.423     ; 3.338      ;
; 6.226 ; pl_cpu:cpu|pl_datapath:datapath|pl_regfile:regfile|rf~179  ; pl_cpu:cpu|pl_datapath:datapath|id_ex.rd2[18] ; CLOCK_50     ; CLOCK_50    ; 10.000       ; -0.397     ; 3.364      ;
; 6.227 ; pl_cpu:cpu|pl_datapath:datapath|pl_regfile:regfile|rf~364  ; pl_cpu:cpu|pl_datapath:datapath|id_ex.rd2[11] ; CLOCK_50     ; CLOCK_50    ; 10.000       ; -0.415     ; 3.345      ;
; 6.227 ; pl_cpu:cpu|pl_datapath:datapath|pl_regfile:regfile|rf~98   ; pl_cpu:cpu|pl_datapath:datapath|id_ex.rd2[1]  ; CLOCK_50     ; CLOCK_50    ; 10.000       ; -0.404     ; 3.356      ;
; 6.230 ; pl_cpu:cpu|pl_datapath:datapath|pl_regfile:regfile|rf~202  ; pl_cpu:cpu|pl_datapath:datapath|id_ex.rd2[9]  ; CLOCK_50     ; CLOCK_50    ; 10.000       ; -0.388     ; 3.369      ;
; 6.231 ; pl_cpu:cpu|pl_datapath:datapath|pl_regfile:regfile|rf~883  ; pl_cpu:cpu|pl_datapath:datapath|id_ex.rd2[18] ; CLOCK_50     ; CLOCK_50    ; 10.000       ; -0.425     ; 3.331      ;
; 6.232 ; pl_cpu:cpu|pl_datapath:datapath|pl_regfile:regfile|rf~803  ; pl_cpu:cpu|pl_datapath:datapath|id_ex.rd2[2]  ; CLOCK_50     ; CLOCK_50    ; 10.000       ; -0.412     ; 3.343      ;
; 6.239 ; pl_cpu:cpu|pl_datapath:datapath|pl_regfile:regfile|rf~312  ; pl_cpu:cpu|pl_datapath:datapath|id_ex.rd2[23] ; CLOCK_50     ; CLOCK_50    ; 10.000       ; -0.422     ; 3.326      ;
; 6.245 ; pl_cpu:cpu|pl_datapath:datapath|pl_regfile:regfile|rf~391  ; pl_cpu:cpu|pl_datapath:datapath|id_ex.rd2[6]  ; CLOCK_50     ; CLOCK_50    ; 10.000       ; -0.392     ; 3.350      ;
; 6.248 ; pl_cpu:cpu|pl_datapath:datapath|pl_regfile:regfile|rf~263  ; pl_cpu:cpu|pl_datapath:datapath|id_ex.rd2[6]  ; CLOCK_50     ; CLOCK_50    ; 10.000       ; -0.388     ; 3.351      ;
; 6.248 ; pl_cpu:cpu|pl_datapath:datapath|pl_regfile:regfile|rf~300  ; pl_cpu:cpu|pl_datapath:datapath|id_ex.rd2[11] ; CLOCK_50     ; CLOCK_50    ; 10.000       ; -0.415     ; 3.324      ;
; 6.254 ; pl_cpu:cpu|pl_datapath:datapath|pl_regfile:regfile|rf~83   ; pl_cpu:cpu|pl_datapath:datapath|id_ex.rd2[18] ; CLOCK_50     ; CLOCK_50    ; 10.000       ; -0.438     ; 3.295      ;
; 6.268 ; pl_cpu:cpu|pl_datapath:datapath|pl_regfile:regfile|rf~423  ; pl_cpu:cpu|pl_datapath:datapath|id_ex.rd2[6]  ; CLOCK_50     ; CLOCK_50    ; 10.000       ; -0.404     ; 3.315      ;
; 6.282 ; pl_cpu:cpu|pl_datapath:datapath|pl_regfile:regfile|rf~912  ; pl_cpu:cpu|pl_datapath:datapath|id_ex.rd2[15] ; CLOCK_50     ; CLOCK_50    ; 10.000       ; -0.424     ; 3.281      ;
; 6.289 ; pl_cpu:cpu|pl_datapath:datapath|pl_regfile:regfile|rf~212  ; pl_cpu:cpu|pl_datapath:datapath|id_ex.rd2[19] ; CLOCK_50     ; CLOCK_50    ; 10.000       ; -0.380     ; 3.318      ;
; 6.297 ; pl_cpu:cpu|pl_datapath:datapath|pl_regfile:regfile|rf~346  ; pl_cpu:cpu|pl_datapath:datapath|id_ex.rd2[25] ; CLOCK_50     ; CLOCK_50    ; 10.000       ; -0.430     ; 3.260      ;
; 6.303 ; pl_cpu:cpu|pl_datapath:datapath|pl_regfile:regfile|rf~777  ; pl_cpu:cpu|pl_datapath:datapath|id_ex.rd2[8]  ; CLOCK_50     ; CLOCK_50    ; 10.000       ; -0.430     ; 3.254      ;
; 6.306 ; pl_cpu:cpu|pl_datapath:datapath|pl_regfile:regfile|rf~356  ; pl_cpu:cpu|pl_datapath:datapath|id_ex.rd2[3]  ; CLOCK_50     ; CLOCK_50    ; 10.000       ; -0.422     ; 3.259      ;
; 6.308 ; pl_cpu:cpu|pl_datapath:datapath|pl_regfile:regfile|rf~324  ; pl_cpu:cpu|pl_datapath:datapath|id_ex.rd2[3]  ; CLOCK_50     ; CLOCK_50    ; 10.000       ; -0.410     ; 3.269      ;
; 6.317 ; pl_cpu:cpu|pl_datapath:datapath|pl_regfile:regfile|rf~819  ; pl_cpu:cpu|pl_datapath:datapath|id_ex.rd2[18] ; CLOCK_50     ; CLOCK_50    ; 10.000       ; -0.405     ; 3.265      ;
; 6.319 ; pl_cpu:cpu|pl_datapath:datapath|pl_regfile:regfile|rf~794  ; pl_cpu:cpu|pl_datapath:datapath|id_ex.rd2[25] ; CLOCK_50     ; CLOCK_50    ; 10.000       ; -0.437     ; 3.231      ;
; 6.327 ; pl_cpu:cpu|pl_datapath:datapath|pl_regfile:regfile|rf~282  ; pl_cpu:cpu|pl_datapath:datapath|id_ex.rd2[25] ; CLOCK_50     ; CLOCK_50    ; 10.000       ; -0.421     ; 3.239      ;
; 6.333 ; pl_cpu:cpu|pl_datapath:datapath|pl_regfile:regfile|rf~372  ; pl_cpu:cpu|pl_datapath:datapath|id_ex.rd2[19] ; CLOCK_50     ; CLOCK_50    ; 10.000       ; -0.407     ; 3.247      ;
; 6.334 ; pl_cpu:cpu|pl_datapath:datapath|pl_regfile:regfile|rf~216  ; pl_cpu:cpu|pl_datapath:datapath|id_ex.rd2[23] ; CLOCK_50     ; CLOCK_50    ; 10.000       ; -0.430     ; 3.223      ;
; 6.334 ; pl_cpu:cpu|pl_datapath:datapath|pl_regfile:regfile|rf~122  ; pl_cpu:cpu|pl_datapath:datapath|id_ex.rd2[25] ; CLOCK_50     ; CLOCK_50    ; 10.000       ; -0.414     ; 3.239      ;
; 6.338 ; pl_cpu:cpu|pl_datapath:datapath|pl_regfile:regfile|rf~360  ; pl_cpu:cpu|pl_datapath:datapath|id_ex.rd2[7]  ; CLOCK_50     ; CLOCK_50    ; 10.000       ; -0.416     ; 3.233      ;
; 6.341 ; pl_cpu:cpu|pl_datapath:datapath|pl_regfile:regfile|rf~241  ; pl_cpu:cpu|pl_datapath:datapath|id_ex.rd2[16] ; CLOCK_50     ; CLOCK_50    ; 10.000       ; -0.430     ; 3.216      ;
; 6.342 ; pl_cpu:cpu|pl_datapath:datapath|pl_regfile:regfile|rf~120  ; pl_cpu:cpu|pl_datapath:datapath|id_ex.rd2[23] ; CLOCK_50     ; CLOCK_50    ; 10.000       ; -0.415     ; 3.230      ;
; 6.343 ; pl_cpu:cpu|pl_datapath:datapath|pl_regfile:regfile|rf~922  ; pl_cpu:cpu|pl_datapath:datapath|id_ex.rd2[25] ; CLOCK_50     ; CLOCK_50    ; 10.000       ; -0.436     ; 3.208      ;
; 6.355 ; pl_cpu:cpu|pl_datapath:datapath|pl_regfile:regfile|rf~66   ; pl_cpu:cpu|pl_datapath:datapath|id_ex.rd2[1]  ; CLOCK_50     ; CLOCK_50    ; 10.000       ; -0.430     ; 3.202      ;
; 6.357 ; pl_cpu:cpu|pl_datapath:datapath|pl_regfile:regfile|rf~58   ; pl_cpu:cpu|pl_datapath:datapath|id_ex.rd2[25] ; CLOCK_50     ; CLOCK_50    ; 10.000       ; -0.414     ; 3.216      ;
; 6.363 ; pl_cpu:cpu|pl_datapath:datapath|pl_regfile:regfile|rf~177  ; pl_cpu:cpu|pl_datapath:datapath|id_ex.rd2[16] ; CLOCK_50     ; CLOCK_50    ; 10.000       ; -0.430     ; 3.194      ;
; 6.365 ; pl_cpu:cpu|pl_datapath:datapath|pl_regfile:regfile|rf~224  ; pl_cpu:cpu|pl_datapath:datapath|id_ex.rd2[31] ; CLOCK_50     ; CLOCK_50    ; 10.000       ; -0.388     ; 3.234      ;
; 6.366 ; pl_cpu:cpu|pl_datapath:datapath|pl_regfile:regfile|rf~666  ; pl_cpu:cpu|pl_datapath:datapath|id_ex.rd2[25] ; CLOCK_50     ; CLOCK_50    ; 10.000       ; -0.436     ; 3.185      ;
; 6.367 ; pl_cpu:cpu|pl_datapath:datapath|pl_regfile:regfile|rf~452  ; pl_cpu:cpu|pl_datapath:datapath|id_ex.rd2[3]  ; CLOCK_50     ; CLOCK_50    ; 10.000       ; -0.436     ; 3.184      ;
; 6.373 ; pl_cpu:cpu|pl_datapath:datapath|pl_regfile:regfile|rf~499  ; pl_cpu:cpu|pl_datapath:datapath|id_ex.rd2[18] ; CLOCK_50     ; CLOCK_50    ; 10.000       ; -0.434     ; 3.180      ;
; 6.374 ; pl_cpu:cpu|pl_datapath:datapath|pl_regfile:regfile|rf~95   ; pl_cpu:cpu|pl_datapath:datapath|id_ex.rd2[30] ; CLOCK_50     ; CLOCK_50    ; 10.000       ; -0.445     ; 3.168      ;
; 6.377 ; pl_cpu:cpu|pl_datapath:datapath|pl_regfile:regfile|rf~698  ; pl_cpu:cpu|pl_datapath:datapath|id_ex.rd2[25] ; CLOCK_50     ; CLOCK_50    ; 10.000       ; -0.430     ; 3.180      ;
; 6.382 ; pl_cpu:cpu|pl_datapath:datapath|pl_regfile:regfile|rf~746  ; pl_cpu:cpu|pl_datapath:datapath|id_ex.rd2[9]  ; CLOCK_50     ; CLOCK_50    ; 10.000       ; -0.428     ; 3.177      ;
; 6.393 ; pl_cpu:cpu|pl_datapath:datapath|pl_regfile:regfile|rf~491  ; pl_cpu:cpu|pl_datapath:datapath|id_ex.rd2[10] ; CLOCK_50     ; CLOCK_50    ; 10.000       ; -0.418     ; 3.176      ;
; 6.398 ; pl_cpu:cpu|pl_datapath:datapath|pl_regfile:regfile|rf~570  ; pl_cpu:cpu|pl_datapath:datapath|id_ex.rd2[25] ; CLOCK_50     ; CLOCK_50    ; 10.000       ; -0.430     ; 3.159      ;
; 6.399 ; pl_cpu:cpu|pl_datapath:datapath|pl_regfile:regfile|rf~713  ; pl_cpu:cpu|pl_datapath:datapath|id_ex.rd2[8]  ; CLOCK_50     ; CLOCK_50    ; 10.000       ; -0.393     ; 3.195      ;
; 6.403 ; pl_cpu:cpu|pl_datapath:datapath|pl_regfile:regfile|rf~266  ; pl_cpu:cpu|pl_datapath:datapath|id_ex.rd2[9]  ; CLOCK_50     ; CLOCK_50    ; 10.000       ; -0.388     ; 3.196      ;
; 6.403 ; pl_cpu:cpu|pl_datapath:datapath|pl_regfile:regfile|rf~618  ; pl_cpu:cpu|pl_datapath:datapath|id_ex.rd2[9]  ; CLOCK_50     ; CLOCK_50    ; 10.000       ; -0.428     ; 3.156      ;
; 6.405 ; pl_cpu:cpu|pl_datapath:datapath|pl_regfile:regfile|rf~128  ; pl_cpu:cpu|pl_datapath:datapath|id_ex.rd2[31] ; CLOCK_50     ; CLOCK_50    ; 10.000       ; -0.408     ; 3.174      ;
; 6.406 ; pl_cpu:cpu|pl_datapath:datapath|pl_regfile:regfile|rf~380  ; pl_cpu:cpu|pl_datapath:datapath|id_ex.rd2[27] ; CLOCK_50     ; CLOCK_50    ; 10.000       ; -0.414     ; 3.167      ;
; 6.409 ; pl_cpu:cpu|pl_datapath:datapath|pl_regfile:regfile|rf~337  ; pl_cpu:cpu|pl_datapath:datapath|id_ex.rd2[16] ; CLOCK_50     ; CLOCK_50    ; 10.000       ; -0.413     ; 3.165      ;
; 6.414 ; pl_cpu:cpu|pl_datapath:datapath|pl_regfile:regfile|rf~204  ; pl_cpu:cpu|pl_datapath:datapath|id_ex.rd2[11] ; CLOCK_50     ; CLOCK_50    ; 10.000       ; -0.378     ; 3.195      ;
; 6.415 ; pl_cpu:cpu|pl_datapath:datapath|pl_regfile:regfile|rf~748  ; pl_cpu:cpu|pl_datapath:datapath|id_ex.rd2[11] ; CLOCK_50     ; CLOCK_50    ; 10.000       ; -0.399     ; 3.173      ;
; 6.415 ; pl_cpu:cpu|pl_datapath:datapath|pl_regfile:regfile|rf~427  ; pl_cpu:cpu|pl_datapath:datapath|id_ex.rd2[10] ; CLOCK_50     ; CLOCK_50    ; 10.000       ; -0.418     ; 3.154      ;
; 6.416 ; pl_cpu:cpu|pl_datapath:datapath|pl_regfile:regfile|rf~34   ; pl_cpu:cpu|pl_datapath:datapath|id_ex.rd2[1]  ; CLOCK_50     ; CLOCK_50    ; 10.000       ; -0.404     ; 3.167      ;
; 6.420 ; pl_cpu:cpu|pl_datapath:datapath|pl_regfile:regfile|rf~547  ; pl_cpu:cpu|pl_datapath:datapath|id_ex.rd2[2]  ; CLOCK_50     ; CLOCK_50    ; 10.000       ; -0.412     ; 3.155      ;
; 6.421 ; pl_cpu:cpu|pl_datapath:datapath|pl_regfile:regfile|rf~585  ; pl_cpu:cpu|pl_datapath:datapath|id_ex.rd2[8]  ; CLOCK_50     ; CLOCK_50    ; 10.000       ; -0.393     ; 3.173      ;
; 6.426 ; pl_cpu:cpu|pl_datapath:datapath|pl_regfile:regfile|rf~71   ; pl_cpu:cpu|pl_datapath:datapath|id_ex.rd2[6]  ; CLOCK_50     ; CLOCK_50    ; 10.000       ; -0.408     ; 3.153      ;
; 6.430 ; pl_cpu:cpu|pl_datapath:datapath|pl_regfile:regfile|rf~102  ; pl_cpu:cpu|pl_datapath:datapath|id_ex.rd2[5]  ; CLOCK_50     ; CLOCK_50    ; 10.000       ; -0.414     ; 3.143      ;
; 6.430 ; pl_cpu:cpu|pl_datapath:datapath|pl_regfile:regfile|rf~316  ; pl_cpu:cpu|pl_datapath:datapath|id_ex.rd2[27] ; CLOCK_50     ; CLOCK_50    ; 10.000       ; -0.414     ; 3.143      ;
; 6.434 ; pl_cpu:cpu|pl_datapath:datapath|pl_regfile:regfile|rf~284  ; pl_cpu:cpu|pl_datapath:datapath|id_ex.rd2[27] ; CLOCK_50     ; CLOCK_50    ; 10.000       ; -0.404     ; 3.149      ;
; 6.436 ; pl_cpu:cpu|pl_datapath:datapath|pl_regfile:regfile|rf~308  ; pl_cpu:cpu|pl_datapath:datapath|id_ex.rd2[19] ; CLOCK_50     ; CLOCK_50    ; 10.000       ; -0.407     ; 3.144      ;
; 6.438 ; pl_cpu:cpu|pl_datapath:datapath|pl_regfile:regfile|rf~69   ; pl_cpu:cpu|pl_datapath:datapath|id_ex.rd2[4]  ; CLOCK_50     ; CLOCK_50    ; 10.000       ; -0.434     ; 3.115      ;
; 6.439 ; pl_cpu:cpu|pl_datapath:datapath|pl_regfile:regfile|rf~620  ; pl_cpu:cpu|pl_datapath:datapath|id_ex.rd2[11] ; CLOCK_50     ; CLOCK_50    ; 10.000       ; -0.399     ; 3.149      ;
; 6.446 ; pl_cpu:cpu|pl_datapath:datapath|pl_regfile:regfile|rf~39   ; pl_cpu:cpu|pl_datapath:datapath|id_ex.rd2[6]  ; CLOCK_50     ; CLOCK_50    ; 10.000       ; -0.408     ; 3.133      ;
; 6.453 ; pl_cpu:cpu|pl_datapath:datapath|pl_regfile:regfile|rf~211  ; pl_cpu:cpu|pl_datapath:datapath|id_ex.rd2[18] ; CLOCK_50     ; CLOCK_50    ; 10.000       ; -0.402     ; 3.132      ;
; 6.455 ; pl_cpu:cpu|pl_datapath:datapath|pl_regfile:regfile|rf~1011 ; pl_cpu:cpu|pl_datapath:datapath|id_ex.rd2[18] ; CLOCK_50     ; CLOCK_50    ; 10.000       ; -0.425     ; 3.107      ;
; 6.461 ; pl_cpu:cpu|pl_datapath:datapath|pl_regfile:regfile|rf~384  ; pl_cpu:cpu|pl_datapath:datapath|id_ex.rd2[31] ; CLOCK_50     ; CLOCK_50    ; 10.000       ; -0.405     ; 3.121      ;
; 6.463 ; pl_cpu:cpu|pl_datapath:datapath|pl_regfile:regfile|rf~331  ; pl_cpu:cpu|pl_datapath:datapath|id_ex.rd2[10] ; CLOCK_50     ; CLOCK_50    ; 10.000       ; -0.404     ; 3.120      ;
; 6.479 ; pl_cpu:cpu|pl_datapath:datapath|pl_regfile:regfile|rf~108  ; pl_cpu:cpu|pl_datapath:datapath|id_ex.rd2[11] ; CLOCK_50     ; CLOCK_50    ; 10.000       ; -0.397     ; 3.111      ;
; 6.483 ; pl_cpu:cpu|pl_datapath:datapath|pl_regfile:regfile|rf~63   ; pl_cpu:cpu|pl_datapath:datapath|id_ex.rd2[30] ; CLOCK_50     ; CLOCK_50    ; 10.000       ; -0.443     ; 3.061      ;
; 6.484 ; pl_cpu:cpu|pl_datapath:datapath|pl_regfile:regfile|rf~320  ; pl_cpu:cpu|pl_datapath:datapath|id_ex.rd2[31] ; CLOCK_50     ; CLOCK_50    ; 10.000       ; -0.405     ; 3.098      ;
; 6.491 ; pl_cpu:cpu|pl_datapath:datapath|pl_regfile:regfile|rf~811  ; pl_cpu:cpu|pl_datapath:datapath|id_ex.rd2[10] ; CLOCK_50     ; CLOCK_50    ; 10.000       ; -0.393     ; 3.103      ;
; 6.494 ; pl_cpu:cpu|pl_datapath:datapath|pl_regfile:regfile|rf~262  ; pl_cpu:cpu|pl_datapath:datapath|id_ex.rd2[5]  ; CLOCK_50     ; CLOCK_50    ; 10.000       ; -0.366     ; 3.127      ;
; 6.494 ; pl_cpu:cpu|pl_datapath:datapath|pl_regfile:regfile|rf~104  ; pl_cpu:cpu|pl_datapath:datapath|id_ex.rd2[7]  ; CLOCK_50     ; CLOCK_50    ; 10.000       ; -0.430     ; 3.063      ;
; 6.502 ; pl_cpu:cpu|pl_datapath:datapath|pl_regfile:regfile|rf~44   ; pl_cpu:cpu|pl_datapath:datapath|id_ex.rd2[11] ; CLOCK_50     ; CLOCK_50    ; 10.000       ; -0.397     ; 3.088      ;
; 6.505 ; pl_cpu:cpu|pl_datapath:datapath|pl_regfile:regfile|rf~292  ; pl_cpu:cpu|pl_datapath:datapath|id_ex.rd2[3]  ; CLOCK_50     ; CLOCK_50    ; 10.000       ; -0.425     ; 3.057      ;
; 6.508 ; pl_cpu:cpu|pl_datapath:datapath|pl_regfile:regfile|rf~203  ; pl_cpu:cpu|pl_datapath:datapath|id_ex.rd2[10] ; CLOCK_50     ; CLOCK_50    ; 10.000       ; -0.396     ; 3.083      ;
; 6.513 ; pl_cpu:cpu|pl_datapath:datapath|pl_regfile:regfile|rf~323  ; pl_cpu:cpu|pl_datapath:datapath|id_ex.rd2[2]  ; CLOCK_50     ; CLOCK_50    ; 10.000       ; -0.423     ; 3.051      ;
+-------+------------------------------------------------------------+-----------------------------------------------+--------------+-------------+--------------+------------+------------+


+--------------------------------------------------------------------------------------------------------------------------------------------------------------------------------------------------------------------------------------------------+
; Fast 1200mV 0C Model Hold: 'CLOCK_50'                                                                                                                                                                                                            ;
+-------+---------------------------------------------------------------------------------+----------------------------------------------------------------------------------+--------------+-------------+--------------+------------+------------+
; Slack ; From Node                                                                       ; To Node                                                                          ; Launch Clock ; Latch Clock ; Relationship ; Clock Skew ; Data Delay ;
+-------+---------------------------------------------------------------------------------+----------------------------------------------------------------------------------+--------------+-------------+--------------+------------+------------+
; 0.181 ; pl_cpu:cpu|pl_datapath:datapath|if_id.instr[16]                                 ; pl_cpu:cpu|pl_datapath:datapath|if_id.instr[16]                                  ; CLOCK_50     ; CLOCK_50    ; 0.000        ; 0.042      ; 0.307      ;
; 0.181 ; pl_cpu:cpu|pl_datapath:datapath|if_id.instr[15]                                 ; pl_cpu:cpu|pl_datapath:datapath|if_id.instr[15]                                  ; CLOCK_50     ; CLOCK_50    ; 0.000        ; 0.042      ; 0.307      ;
; 0.181 ; pl_cpu:cpu|pl_datapath:datapath|if_id.instr[17]                                 ; pl_cpu:cpu|pl_datapath:datapath|if_id.instr[17]                                  ; CLOCK_50     ; CLOCK_50    ; 0.000        ; 0.042      ; 0.307      ;
; 0.181 ; pl_cpu:cpu|pl_datapath:datapath|if_id.instr[19]                                 ; pl_cpu:cpu|pl_datapath:datapath|if_id.instr[19]                                  ; CLOCK_50     ; CLOCK_50    ; 0.000        ; 0.042      ; 0.307      ;
; 0.182 ; pl_cpu:cpu|pl_datapath:datapath|pl_mmio:mmio|tx_byte_idx[1]                     ; pl_cpu:cpu|pl_datapath:datapath|pl_mmio:mmio|tx_byte_idx[1]                      ; CLOCK_50     ; CLOCK_50    ; 0.000        ; 0.041      ; 0.307      ;
; 0.182 ; pl_cpu:cpu|pl_datapath:datapath|pl_mmio:mmio|tx_byte_idx[0]                     ; pl_cpu:cpu|pl_datapath:datapath|pl_mmio:mmio|tx_byte_idx[0]                      ; CLOCK_50     ; CLOCK_50    ; 0.000        ; 0.041      ; 0.307      ;
; 0.182 ; pl_cpu:cpu|pl_datapath:datapath|pl_mmio:mmio|pl_uart:uart_inst|rx_bit_idx[1]    ; pl_cpu:cpu|pl_datapath:datapath|pl_mmio:mmio|pl_uart:uart_inst|rx_bit_idx[1]     ; CLOCK_50     ; CLOCK_50    ; 0.000        ; 0.041      ; 0.307      ;
; 0.182 ; pl_cpu:cpu|pl_datapath:datapath|pl_mmio:mmio|pl_uart:uart_inst|rx_bit_idx[2]    ; pl_cpu:cpu|pl_datapath:datapath|pl_mmio:mmio|pl_uart:uart_inst|rx_bit_idx[2]     ; CLOCK_50     ; CLOCK_50    ; 0.000        ; 0.041      ; 0.307      ;
; 0.182 ; pl_cpu:cpu|pl_datapath:datapath|pl_mmio:mmio|pl_uart:uart_inst|rx_state.RX_STOP ; pl_cpu:cpu|pl_datapath:datapath|pl_mmio:mmio|pl_uart:uart_inst|rx_state.RX_STOP  ; CLOCK_50     ; CLOCK_50    ; 0.000        ; 0.041      ; 0.307      ;
; 0.182 ; pl_cpu:cpu|pl_datapath:datapath|pl_mmio:mmio|pl_uart:uart_inst|rx_state.RX_IDLE ; pl_cpu:cpu|pl_datapath:datapath|pl_mmio:mmio|pl_uart:uart_inst|rx_state.RX_IDLE  ; CLOCK_50     ; CLOCK_50    ; 0.000        ; 0.041      ; 0.307      ;
; 0.182 ; pl_cpu:cpu|pl_datapath:datapath|pl_mmio:mmio|tx_word_busy                       ; pl_cpu:cpu|pl_datapath:datapath|pl_mmio:mmio|tx_word_busy                        ; CLOCK_50     ; CLOCK_50    ; 0.000        ; 0.041      ; 0.307      ;
; 0.182 ; pl_cpu:cpu|pl_datapath:datapath|pl_mmio:mmio|pl_uart:uart_inst|tx_busy          ; pl_cpu:cpu|pl_datapath:datapath|pl_mmio:mmio|pl_uart:uart_inst|tx_busy           ; CLOCK_50     ; CLOCK_50    ; 0.000        ; 0.041      ; 0.307      ;
; 0.182 ; pl_cpu:cpu|pl_datapath:datapath|pl_mmio:mmio|rx_ready                           ; pl_cpu:cpu|pl_datapath:datapath|pl_mmio:mmio|rx_ready                            ; CLOCK_50     ; CLOCK_50    ; 0.000        ; 0.041      ; 0.307      ;
; 0.183 ; pl_cpu:cpu|pl_datapath:datapath|pl_mmio:mmio|pl_uart:uart_inst|tx_sr[7]         ; pl_cpu:cpu|pl_datapath:datapath|pl_mmio:mmio|pl_uart:uart_inst|tx_sr[7]          ; CLOCK_50     ; CLOCK_50    ; 0.000        ; 0.040      ; 0.307      ;
; 0.183 ; pl_cpu:cpu|pl_datapath:datapath|pl_mmio:mmio|pl_uart:uart_inst|tx_state.TX_IDLE ; pl_cpu:cpu|pl_datapath:datapath|pl_mmio:mmio|pl_uart:uart_inst|tx_state.TX_IDLE  ; CLOCK_50     ; CLOCK_50    ; 0.000        ; 0.040      ; 0.307      ;
; 0.183 ; pl_cpu:cpu|pl_datapath:datapath|pl_mmio:mmio|pl_uart:uart_inst|tx_bit_idx[1]    ; pl_cpu:cpu|pl_datapath:datapath|pl_mmio:mmio|pl_uart:uart_inst|tx_bit_idx[1]     ; CLOCK_50     ; CLOCK_50    ; 0.000        ; 0.040      ; 0.307      ;
; 0.183 ; pl_cpu:cpu|pl_datapath:datapath|pl_mmio:mmio|pl_uart:uart_inst|tx_bit_idx[2]    ; pl_cpu:cpu|pl_datapath:datapath|pl_mmio:mmio|pl_uart:uart_inst|tx_bit_idx[2]     ; CLOCK_50     ; CLOCK_50    ; 0.000        ; 0.040      ; 0.307      ;
; 0.183 ; pl_cpu:cpu|pl_datapath:datapath|pl_mmio:mmio|pl_uart:uart_inst|tx_state.TX_STOP ; pl_cpu:cpu|pl_datapath:datapath|pl_mmio:mmio|pl_uart:uart_inst|tx_state.TX_STOP  ; CLOCK_50     ; CLOCK_50    ; 0.000        ; 0.040      ; 0.307      ;
; 0.189 ; pl_cpu:cpu|pl_datapath:datapath|pl_mmio:mmio|pl_uart:uart_inst|rx_bit_idx[0]    ; pl_cpu:cpu|pl_datapath:datapath|pl_mmio:mmio|pl_uart:uart_inst|rx_bit_idx[0]     ; CLOCK_50     ; CLOCK_50    ; 0.000        ; 0.041      ; 0.314      ;
; 0.189 ; pl_cpu:cpu|pl_datapath:datapath|pl_mmio:mmio|cycle_count[0]                     ; pl_cpu:cpu|pl_datapath:datapath|pl_mmio:mmio|cycle_count[0]                      ; CLOCK_50     ; CLOCK_50    ; 0.000        ; 0.041      ; 0.314      ;
; 0.190 ; pl_cpu:cpu|pl_datapath:datapath|pl_mmio:mmio|pl_uart:uart_inst|tx_bit_idx[0]    ; pl_cpu:cpu|pl_datapath:datapath|pl_mmio:mmio|pl_uart:uart_inst|tx_bit_idx[0]     ; CLOCK_50     ; CLOCK_50    ; 0.000        ; 0.040      ; 0.314      ;
; 0.192 ; pl_cpu:cpu|pl_datapath:datapath|if_id.instr[8]                                  ; pl_cpu:cpu|pl_datapath:datapath|id_ex.rd[1]                                      ; CLOCK_50     ; CLOCK_50    ; 0.000        ; 0.041      ; 0.317      ;
; 0.194 ; pl_cpu:cpu|pl_datapath:datapath|if_id.instr[30]                                 ; pl_cpu:cpu|pl_datapath:datapath|id_ex.funct7[5]                                  ; CLOCK_50     ; CLOCK_50    ; 0.000        ; 0.041      ; 0.319      ;
; 0.199 ; pl_cpu:cpu|pl_datapath:datapath|pl_mmio:mmio|pl_uart:uart_inst|tx_bit_idx[0]    ; pl_cpu:cpu|pl_datapath:datapath|pl_mmio:mmio|pl_uart:uart_inst|tx_bit_idx[1]     ; CLOCK_50     ; CLOCK_50    ; 0.000        ; 0.040      ; 0.323      ;
; 0.199 ; pl_cpu:cpu|pl_datapath:datapath|pl_mmio:mmio|pl_uart:uart_inst|tx_bit_idx[0]    ; pl_cpu:cpu|pl_datapath:datapath|pl_mmio:mmio|pl_uart:uart_inst|tx_bit_idx[2]     ; CLOCK_50     ; CLOCK_50    ; 0.000        ; 0.040      ; 0.323      ;
; 0.199 ; pl_cpu:cpu|pl_datapath:datapath|ex_mem.alu_result[29]                           ; pl_cpu:cpu|pl_datapath:datapath|ex_mem.write_data[29]                            ; CLOCK_50     ; CLOCK_50    ; 0.000        ; 0.042      ; 0.325      ;
; 0.199 ; pl_cpu:cpu|pl_datapath:datapath|pl_mmio:mmio|pl_uart:uart_inst|rx_sr[7]         ; pl_cpu:cpu|pl_datapath:datapath|pl_mmio:mmio|pl_uart:uart_inst|rx_sr[6]          ; CLOCK_50     ; CLOCK_50    ; 0.000        ; 0.042      ; 0.325      ;
; 0.201 ; pl_cpu:cpu|pl_datapath:datapath|pl_mmio:mmio|pl_uart:uart_inst|rx_sr[4]         ; pl_cpu:cpu|pl_datapath:datapath|pl_mmio:mmio|pl_uart:uart_inst|rx_sr[3]          ; CLOCK_50     ; CLOCK_50    ; 0.000        ; 0.042      ; 0.327      ;
; 0.201 ; pl_cpu:cpu|pl_datapath:datapath|pl_mmio:mmio|pl_uart:uart_inst|rx_sr[6]         ; pl_cpu:cpu|pl_datapath:datapath|pl_mmio:mmio|pl_uart:uart_inst|rx_sr[5]          ; CLOCK_50     ; CLOCK_50    ; 0.000        ; 0.042      ; 0.327      ;
; 0.202 ; pl_cpu:cpu|pl_datapath:datapath|pl_mmio:mmio|pl_uart:uart_inst|rx_sr[5]         ; pl_cpu:cpu|pl_datapath:datapath|pl_mmio:mmio|pl_uart:uart_inst|rx_sr[4]          ; CLOCK_50     ; CLOCK_50    ; 0.000        ; 0.042      ; 0.328      ;
; 0.204 ; pl_cpu:cpu|pl_datapath:datapath|pl_mmio:mmio|tx_word_busy                       ; pl_cpu:cpu|pl_datapath:datapath|mem_wb.read_data[9]                              ; CLOCK_50     ; CLOCK_50    ; 0.000        ; 0.041      ; 0.329      ;
; 0.215 ; pl_cpu:cpu|pl_datapath:datapath|pl_mmio:mmio|pl_uart:uart_inst|rx_state.RX_DATA ; pl_cpu:cpu|pl_datapath:datapath|pl_mmio:mmio|pl_uart:uart_inst|rx_bit_idx[1]     ; CLOCK_50     ; CLOCK_50    ; 0.000        ; 0.041      ; 0.340      ;
; 0.216 ; pl_cpu:cpu|pl_datapath:datapath|pl_mmio:mmio|pl_uart:uart_inst|tx_state.TX_STOP ; pl_cpu:cpu|pl_datapath:datapath|pl_mmio:mmio|pl_uart:uart_inst|tx_state.TX_DATA  ; CLOCK_50     ; CLOCK_50    ; 0.000        ; 0.040      ; 0.340      ;
; 0.218 ; pl_cpu:cpu|pl_datapath:datapath|pl_mmio:mmio|pl_uart:uart_inst|rx_state.RX_DATA ; pl_cpu:cpu|pl_datapath:datapath|pl_mmio:mmio|pl_uart:uart_inst|rx_bit_idx[2]     ; CLOCK_50     ; CLOCK_50    ; 0.000        ; 0.041      ; 0.343      ;
; 0.219 ; pl_cpu:cpu|pl_datapath:datapath|pl_mmio:mmio|pl_uart:uart_inst|rx_state.RX_DATA ; pl_cpu:cpu|pl_datapath:datapath|pl_mmio:mmio|pl_uart:uart_inst|rx_bit_idx[0]     ; CLOCK_50     ; CLOCK_50    ; 0.000        ; 0.041      ; 0.344      ;
; 0.220 ; pl_cpu:cpu|pl_datapath:datapath|pl_mmio:mmio|pl_uart:uart_inst|tx_state.TX_STOP ; pl_cpu:cpu|pl_datapath:datapath|pl_mmio:mmio|pl_uart:uart_inst|tx_state.TX_IDLE  ; CLOCK_50     ; CLOCK_50    ; 0.000        ; 0.040      ; 0.344      ;
; 0.222 ; pl_cpu:cpu|pl_datapath:datapath|pl_mmio:mmio|pl_uart:uart_inst|tx_state.TX_IDLE ; pl_cpu:cpu|pl_datapath:datapath|pl_mmio:mmio|pl_uart:uart_inst|TXD               ; CLOCK_50     ; CLOCK_50    ; 0.000        ; 0.040      ; 0.346      ;
; 0.235 ; pl_cpu:cpu|pl_datapath:datapath|pl_mmio:mmio|pl_uart:uart_inst|tx_state.TX_IDLE ; pl_cpu:cpu|pl_datapath:datapath|pl_mmio:mmio|pl_uart:uart_inst|tx_sr[7]          ; CLOCK_50     ; CLOCK_50    ; 0.000        ; 0.040      ; 0.359      ;
; 0.247 ; pl_cpu:cpu|pl_datapath:datapath|if_id.pc[8]                                     ; pl_cpu:cpu|pl_datapath:datapath|id_ex.pc[8]                                      ; CLOCK_50     ; CLOCK_50    ; 0.000        ; 0.042      ; 0.373      ;
; 0.258 ; pl_cpu:cpu|pl_datapath:datapath|if_id.instr[15]                                 ; pl_cpu:cpu|pl_datapath:datapath|id_ex.rs1[0]                                     ; CLOCK_50     ; CLOCK_50    ; 0.000        ; 0.042      ; 0.384      ;
; 0.261 ; pl_cpu:cpu|pl_datapath:datapath|pl_mmio:mmio|pl_uart:uart_inst|rx_sr[2]         ; pl_cpu:cpu|pl_datapath:datapath|pl_mmio:mmio|pl_uart:uart_inst|rx_sr[1]          ; CLOCK_50     ; CLOCK_50    ; 0.000        ; 0.042      ; 0.387      ;
; 0.262 ; pl_cpu:cpu|pl_datapath:datapath|pl_mmio:mmio|pl_uart:uart_inst|rx_sr[0]         ; pl_cpu:cpu|pl_datapath:datapath|pl_mmio:mmio|pl_uart:uart_inst|rx_data[0]        ; CLOCK_50     ; CLOCK_50    ; 0.000        ; 0.042      ; 0.388      ;
; 0.265 ; pl_cpu:cpu|pl_datapath:datapath|pl_mmio:mmio|pl_uart:uart_inst|tx_sr[3]         ; pl_cpu:cpu|pl_datapath:datapath|pl_mmio:mmio|pl_uart:uart_inst|tx_sr[2]          ; CLOCK_50     ; CLOCK_50    ; 0.000        ; 0.040      ; 0.389      ;
; 0.265 ; pl_cpu:cpu|pl_datapath:datapath|pl_mmio:mmio|pl_uart:uart_inst|tx_sr[5]         ; pl_cpu:cpu|pl_datapath:datapath|pl_mmio:mmio|pl_uart:uart_inst|tx_sr[4]          ; CLOCK_50     ; CLOCK_50    ; 0.000        ; 0.040      ; 0.389      ;
; 0.265 ; pl_cpu:cpu|pl_datapath:datapath|pl_mmio:mmio|pl_uart:uart_inst|tx_sr[6]         ; pl_cpu:cpu|pl_datapath:datapath|pl_mmio:mmio|pl_uart:uart_inst|tx_sr[5]          ; CLOCK_50     ; CLOCK_50    ; 0.000        ; 0.040      ; 0.389      ;
; 0.265 ; pl_cpu:cpu|pl_datapath:datapath|ex_mem.alu_result[19]                           ; pl_cpu:cpu|pl_datapath:datapath|ex_mem.write_data[19]                            ; CLOCK_50     ; CLOCK_50    ; 0.000        ; 0.041      ; 0.390      ;
; 0.265 ; pl_cpu:cpu|pl_datapath:datapath|pl_mmio:mmio|pl_uart:uart_inst|rx_sr[1]         ; pl_cpu:cpu|pl_datapath:datapath|pl_mmio:mmio|pl_uart:uart_inst|rx_data[1]        ; CLOCK_50     ; CLOCK_50    ; 0.000        ; 0.042      ; 0.391      ;
; 0.265 ; pl_cpu:cpu|pl_datapath:datapath|pl_mmio:mmio|pl_uart:uart_inst|rx_sr[3]         ; pl_cpu:cpu|pl_datapath:datapath|pl_mmio:mmio|pl_uart:uart_inst|rx_data[3]        ; CLOCK_50     ; CLOCK_50    ; 0.000        ; 0.042      ; 0.391      ;
; 0.265 ; pl_cpu:cpu|pl_datapath:datapath|ex_mem.mem_to_reg                               ; pl_cpu:cpu|pl_datapath:datapath|mem_wb.mem_to_reg                                ; CLOCK_50     ; CLOCK_50    ; 0.000        ; 0.042      ; 0.391      ;
; 0.266 ; pl_cpu:cpu|pl_datapath:datapath|pl_mmio:mmio|pl_uart:uart_inst|tx_sr[4]         ; pl_cpu:cpu|pl_datapath:datapath|pl_mmio:mmio|pl_uart:uart_inst|tx_sr[3]          ; CLOCK_50     ; CLOCK_50    ; 0.000        ; 0.040      ; 0.390      ;
; 0.266 ; pl_cpu:cpu|pl_datapath:datapath|pl_mmio:mmio|pl_uart:uart_inst|rx_state.RX_IDLE ; pl_cpu:cpu|pl_datapath:datapath|pl_mmio:mmio|pl_uart:uart_inst|rx_state.RX_START ; CLOCK_50     ; CLOCK_50    ; 0.000        ; 0.041      ; 0.391      ;
; 0.266 ; pl_cpu:cpu|pl_datapath:datapath|pl_mmio:mmio|pl_uart:uart_inst|rx_sr[1]         ; pl_cpu:cpu|pl_datapath:datapath|pl_mmio:mmio|pl_uart:uart_inst|rx_sr[0]          ; CLOCK_50     ; CLOCK_50    ; 0.000        ; 0.042      ; 0.392      ;
; 0.268 ; pl_cpu:cpu|pl_datapath:datapath|pl_mmio:mmio|pl_uart:uart_inst|rx_sr[3]         ; pl_cpu:cpu|pl_datapath:datapath|pl_mmio:mmio|pl_uart:uart_inst|rx_sr[2]          ; CLOCK_50     ; CLOCK_50    ; 0.000        ; 0.042      ; 0.394      ;
; 0.277 ; pl_cpu:cpu|pl_datapath:datapath|ex_mem.alu_result[14]                           ; pl_cpu:cpu|pl_datapath:datapath|ex_mem.write_data[14]                            ; CLOCK_50     ; CLOCK_50    ; 0.000        ; 0.041      ; 0.402      ;
; 0.285 ; pl_cpu:cpu|pl_datapath:datapath|ex_mem.alu_result[26]                           ; pl_cpu:cpu|pl_datapath:datapath|mem_wb.alu_result[26]                            ; CLOCK_50     ; CLOCK_50    ; 0.000        ; 0.042      ; 0.411      ;
; 0.290 ; pl_cpu:cpu|pl_datapath:datapath|pl_mmio:mmio|pl_uart:uart_inst|rx_valid         ; pl_cpu:cpu|pl_datapath:datapath|pl_mmio:mmio|rx_ready                            ; CLOCK_50     ; CLOCK_50    ; 0.000        ; 0.041      ; 0.415      ;
; 0.294 ; pl_cpu:cpu|pl_datapath:datapath|pl_mmio:mmio|cycle_count[11]                    ; pl_cpu:cpu|pl_datapath:datapath|pl_mmio:mmio|cycle_count[11]                     ; CLOCK_50     ; CLOCK_50    ; 0.000        ; 0.041      ; 0.419      ;
; 0.295 ; pl_cpu:cpu|pl_datapath:datapath|pl_mmio:mmio|pl_uart:uart_inst|tx_bit_idx[1]    ; pl_cpu:cpu|pl_datapath:datapath|pl_mmio:mmio|pl_uart:uart_inst|tx_bit_idx[2]     ; CLOCK_50     ; CLOCK_50    ; 0.000        ; 0.040      ; 0.419      ;
; 0.295 ; pl_cpu:cpu|pl_datapath:datapath|pl_mmio:mmio|pl_uart:uart_inst|rx_bit_idx[1]    ; pl_cpu:cpu|pl_datapath:datapath|pl_mmio:mmio|pl_uart:uart_inst|rx_bit_idx[2]     ; CLOCK_50     ; CLOCK_50    ; 0.000        ; 0.041      ; 0.420      ;
; 0.297 ; pl_cpu:cpu|pl_datapath:datapath|pl_mmio:mmio|pl_uart:uart_inst|tx_state.TX_DATA ; pl_cpu:cpu|pl_datapath:datapath|pl_mmio:mmio|pl_uart:uart_inst|tx_state.TX_START ; CLOCK_50     ; CLOCK_50    ; 0.000        ; 0.040      ; 0.421      ;
; 0.299 ; pl_cpu:cpu|pl_datapath:datapath|pl_mmio:mmio|cycle_count[15]                    ; pl_cpu:cpu|pl_datapath:datapath|pl_mmio:mmio|cycle_count[15]                     ; CLOCK_50     ; CLOCK_50    ; 0.000        ; 0.041      ; 0.424      ;
; 0.299 ; pl_cpu:cpu|pl_datapath:datapath|pl_mmio:mmio|cycle_count[6]                     ; pl_cpu:cpu|pl_datapath:datapath|pl_mmio:mmio|cycle_count[6]                      ; CLOCK_50     ; CLOCK_50    ; 0.000        ; 0.041      ; 0.424      ;
; 0.300 ; pl_cpu:cpu|pl_datapath:datapath|pl_mmio:mmio|pl_uart:uart_inst|tx_cnt[15]       ; pl_cpu:cpu|pl_datapath:datapath|pl_mmio:mmio|pl_uart:uart_inst|tx_cnt[15]        ; CLOCK_50     ; CLOCK_50    ; 0.000        ; 0.040      ; 0.424      ;
; 0.300 ; pl_cpu:cpu|pl_datapath:datapath|pl_mmio:mmio|pl_uart:uart_inst|rx_cnt[15]       ; pl_cpu:cpu|pl_datapath:datapath|pl_mmio:mmio|pl_uart:uart_inst|rx_cnt[15]        ; CLOCK_50     ; CLOCK_50    ; 0.000        ; 0.040      ; 0.424      ;
; 0.300 ; pl_cpu:cpu|pl_datapath:datapath|pc_reg[9]                                       ; pl_cpu:cpu|pl_datapath:datapath|pc_reg[9]                                        ; CLOCK_50     ; CLOCK_50    ; 0.000        ; 0.042      ; 0.426      ;
; 0.300 ; pl_cpu:cpu|pl_datapath:datapath|pl_mmio:mmio|cycle_count[31]                    ; pl_cpu:cpu|pl_datapath:datapath|pl_mmio:mmio|cycle_count[31]                     ; CLOCK_50     ; CLOCK_50    ; 0.000        ; 0.041      ; 0.425      ;
; 0.300 ; pl_cpu:cpu|pl_datapath:datapath|pl_mmio:mmio|cycle_count[22]                    ; pl_cpu:cpu|pl_datapath:datapath|pl_mmio:mmio|cycle_count[22]                     ; CLOCK_50     ; CLOCK_50    ; 0.000        ; 0.041      ; 0.425      ;
; 0.300 ; pl_cpu:cpu|pl_datapath:datapath|pl_mmio:mmio|cycle_count[16]                    ; pl_cpu:cpu|pl_datapath:datapath|pl_mmio:mmio|cycle_count[16]                     ; CLOCK_50     ; CLOCK_50    ; 0.000        ; 0.041      ; 0.425      ;
; 0.300 ; pl_cpu:cpu|pl_datapath:datapath|pl_mmio:mmio|cycle_count[14]                    ; pl_cpu:cpu|pl_datapath:datapath|pl_mmio:mmio|cycle_count[14]                     ; CLOCK_50     ; CLOCK_50    ; 0.000        ; 0.041      ; 0.425      ;
; 0.300 ; pl_cpu:cpu|pl_datapath:datapath|pl_mmio:mmio|cycle_count[13]                    ; pl_cpu:cpu|pl_datapath:datapath|pl_mmio:mmio|cycle_count[13]                     ; CLOCK_50     ; CLOCK_50    ; 0.000        ; 0.041      ; 0.425      ;
; 0.300 ; pl_cpu:cpu|pl_datapath:datapath|pl_mmio:mmio|cycle_count[8]                     ; pl_cpu:cpu|pl_datapath:datapath|pl_mmio:mmio|cycle_count[8]                      ; CLOCK_50     ; CLOCK_50    ; 0.000        ; 0.041      ; 0.425      ;
; 0.300 ; pl_cpu:cpu|pl_datapath:datapath|pl_mmio:mmio|cycle_count[5]                     ; pl_cpu:cpu|pl_datapath:datapath|pl_mmio:mmio|cycle_count[5]                      ; CLOCK_50     ; CLOCK_50    ; 0.000        ; 0.041      ; 0.425      ;
; 0.300 ; pl_cpu:cpu|pl_datapath:datapath|pl_mmio:mmio|cycle_count[3]                     ; pl_cpu:cpu|pl_datapath:datapath|pl_mmio:mmio|cycle_count[3]                      ; CLOCK_50     ; CLOCK_50    ; 0.000        ; 0.041      ; 0.425      ;
; 0.300 ; pl_cpu:cpu|pl_datapath:datapath|pl_mmio:mmio|cycle_count[2]                     ; pl_cpu:cpu|pl_datapath:datapath|pl_mmio:mmio|cycle_count[2]                      ; CLOCK_50     ; CLOCK_50    ; 0.000        ; 0.041      ; 0.425      ;
; 0.301 ; pl_cpu:cpu|pl_datapath:datapath|pl_mmio:mmio|pl_uart:uart_inst|tx_cnt[1]        ; pl_cpu:cpu|pl_datapath:datapath|pl_mmio:mmio|pl_uart:uart_inst|tx_cnt[1]         ; CLOCK_50     ; CLOCK_50    ; 0.000        ; 0.040      ; 0.425      ;
; 0.301 ; pl_cpu:cpu|pl_datapath:datapath|pl_mmio:mmio|pl_uart:uart_inst|tx_cnt[3]        ; pl_cpu:cpu|pl_datapath:datapath|pl_mmio:mmio|pl_uart:uart_inst|tx_cnt[3]         ; CLOCK_50     ; CLOCK_50    ; 0.000        ; 0.040      ; 0.425      ;
; 0.301 ; pl_cpu:cpu|pl_datapath:datapath|pl_mmio:mmio|pl_uart:uart_inst|tx_cnt[5]        ; pl_cpu:cpu|pl_datapath:datapath|pl_mmio:mmio|pl_uart:uart_inst|tx_cnt[5]         ; CLOCK_50     ; CLOCK_50    ; 0.000        ; 0.040      ; 0.425      ;
; 0.301 ; pl_cpu:cpu|pl_datapath:datapath|pl_mmio:mmio|pl_uart:uart_inst|tx_cnt[11]       ; pl_cpu:cpu|pl_datapath:datapath|pl_mmio:mmio|pl_uart:uart_inst|tx_cnt[11]        ; CLOCK_50     ; CLOCK_50    ; 0.000        ; 0.040      ; 0.425      ;
; 0.301 ; pl_cpu:cpu|pl_datapath:datapath|pl_mmio:mmio|pl_uart:uart_inst|tx_cnt[13]       ; pl_cpu:cpu|pl_datapath:datapath|pl_mmio:mmio|pl_uart:uart_inst|tx_cnt[13]        ; CLOCK_50     ; CLOCK_50    ; 0.000        ; 0.040      ; 0.425      ;
; 0.301 ; pl_cpu:cpu|pl_datapath:datapath|pl_mmio:mmio|pl_uart:uart_inst|rx_cnt[3]        ; pl_cpu:cpu|pl_datapath:datapath|pl_mmio:mmio|pl_uart:uart_inst|rx_cnt[3]         ; CLOCK_50     ; CLOCK_50    ; 0.000        ; 0.040      ; 0.425      ;
; 0.301 ; pl_cpu:cpu|pl_datapath:datapath|pl_mmio:mmio|pl_uart:uart_inst|rx_cnt[5]        ; pl_cpu:cpu|pl_datapath:datapath|pl_mmio:mmio|pl_uart:uart_inst|rx_cnt[5]         ; CLOCK_50     ; CLOCK_50    ; 0.000        ; 0.040      ; 0.425      ;
; 0.301 ; pl_cpu:cpu|pl_datapath:datapath|pl_mmio:mmio|pl_uart:uart_inst|rx_cnt[11]       ; pl_cpu:cpu|pl_datapath:datapath|pl_mmio:mmio|pl_uart:uart_inst|rx_cnt[11]        ; CLOCK_50     ; CLOCK_50    ; 0.000        ; 0.040      ; 0.425      ;
; 0.301 ; pl_cpu:cpu|pl_datapath:datapath|pl_mmio:mmio|pl_uart:uart_inst|rx_cnt[1]        ; pl_cpu:cpu|pl_datapath:datapath|pl_mmio:mmio|pl_uart:uart_inst|rx_cnt[1]         ; CLOCK_50     ; CLOCK_50    ; 0.000        ; 0.040      ; 0.425      ;
; 0.301 ; pl_cpu:cpu|pl_datapath:datapath|pl_mmio:mmio|pl_uart:uart_inst|rx_cnt[13]       ; pl_cpu:cpu|pl_datapath:datapath|pl_mmio:mmio|pl_uart:uart_inst|rx_cnt[13]        ; CLOCK_50     ; CLOCK_50    ; 0.000        ; 0.040      ; 0.425      ;
; 0.301 ; pl_cpu:cpu|pl_datapath:datapath|pc_reg[4]                                       ; pl_cpu:cpu|pl_datapath:datapath|pc_reg[4]                                        ; CLOCK_50     ; CLOCK_50    ; 0.000        ; 0.042      ; 0.427      ;
; 0.301 ; pl_cpu:cpu|pl_datapath:datapath|pl_mmio:mmio|cycle_count[30]                    ; pl_cpu:cpu|pl_datapath:datapath|pl_mmio:mmio|cycle_count[30]                     ; CLOCK_50     ; CLOCK_50    ; 0.000        ; 0.041      ; 0.426      ;
; 0.301 ; pl_cpu:cpu|pl_datapath:datapath|pl_mmio:mmio|cycle_count[29]                    ; pl_cpu:cpu|pl_datapath:datapath|pl_mmio:mmio|cycle_count[29]                     ; CLOCK_50     ; CLOCK_50    ; 0.000        ; 0.041      ; 0.426      ;
; 0.301 ; pl_cpu:cpu|pl_datapath:datapath|pl_mmio:mmio|cycle_count[27]                    ; pl_cpu:cpu|pl_datapath:datapath|pl_mmio:mmio|cycle_count[27]                     ; CLOCK_50     ; CLOCK_50    ; 0.000        ; 0.041      ; 0.426      ;
; 0.301 ; pl_cpu:cpu|pl_datapath:datapath|pl_mmio:mmio|cycle_count[24]                    ; pl_cpu:cpu|pl_datapath:datapath|pl_mmio:mmio|cycle_count[24]                     ; CLOCK_50     ; CLOCK_50    ; 0.000        ; 0.041      ; 0.426      ;
; 0.301 ; pl_cpu:cpu|pl_datapath:datapath|pl_mmio:mmio|cycle_count[21]                    ; pl_cpu:cpu|pl_datapath:datapath|pl_mmio:mmio|cycle_count[21]                     ; CLOCK_50     ; CLOCK_50    ; 0.000        ; 0.041      ; 0.426      ;
; 0.301 ; pl_cpu:cpu|pl_datapath:datapath|pl_mmio:mmio|cycle_count[20]                    ; pl_cpu:cpu|pl_datapath:datapath|pl_mmio:mmio|cycle_count[20]                     ; CLOCK_50     ; CLOCK_50    ; 0.000        ; 0.041      ; 0.426      ;
; 0.301 ; pl_cpu:cpu|pl_datapath:datapath|pl_mmio:mmio|cycle_count[19]                    ; pl_cpu:cpu|pl_datapath:datapath|pl_mmio:mmio|cycle_count[19]                     ; CLOCK_50     ; CLOCK_50    ; 0.000        ; 0.041      ; 0.426      ;
; 0.301 ; pl_cpu:cpu|pl_datapath:datapath|pl_mmio:mmio|cycle_count[18]                    ; pl_cpu:cpu|pl_datapath:datapath|pl_mmio:mmio|cycle_count[18]                     ; CLOCK_50     ; CLOCK_50    ; 0.000        ; 0.041      ; 0.426      ;
; 0.301 ; pl_cpu:cpu|pl_datapath:datapath|pl_mmio:mmio|cycle_count[17]                    ; pl_cpu:cpu|pl_datapath:datapath|pl_mmio:mmio|cycle_count[17]                     ; CLOCK_50     ; CLOCK_50    ; 0.000        ; 0.041      ; 0.426      ;
; 0.301 ; pl_cpu:cpu|pl_datapath:datapath|pl_mmio:mmio|cycle_count[12]                    ; pl_cpu:cpu|pl_datapath:datapath|pl_mmio:mmio|cycle_count[12]                     ; CLOCK_50     ; CLOCK_50    ; 0.000        ; 0.041      ; 0.426      ;
; 0.301 ; pl_cpu:cpu|pl_datapath:datapath|pl_mmio:mmio|cycle_count[10]                    ; pl_cpu:cpu|pl_datapath:datapath|pl_mmio:mmio|cycle_count[10]                     ; CLOCK_50     ; CLOCK_50    ; 0.000        ; 0.041      ; 0.426      ;
; 0.301 ; pl_cpu:cpu|pl_datapath:datapath|pl_mmio:mmio|cycle_count[7]                     ; pl_cpu:cpu|pl_datapath:datapath|pl_mmio:mmio|cycle_count[7]                      ; CLOCK_50     ; CLOCK_50    ; 0.000        ; 0.041      ; 0.426      ;
; 0.301 ; pl_cpu:cpu|pl_datapath:datapath|pl_mmio:mmio|cycle_count[4]                     ; pl_cpu:cpu|pl_datapath:datapath|pl_mmio:mmio|cycle_count[4]                      ; CLOCK_50     ; CLOCK_50    ; 0.000        ; 0.041      ; 0.426      ;
; 0.302 ; pl_cpu:cpu|pl_datapath:datapath|pl_mmio:mmio|pl_uart:uart_inst|tx_cnt[6]        ; pl_cpu:cpu|pl_datapath:datapath|pl_mmio:mmio|pl_uart:uart_inst|tx_cnt[6]         ; CLOCK_50     ; CLOCK_50    ; 0.000        ; 0.040      ; 0.426      ;
; 0.302 ; pl_cpu:cpu|pl_datapath:datapath|pl_mmio:mmio|pl_uart:uart_inst|tx_cnt[7]        ; pl_cpu:cpu|pl_datapath:datapath|pl_mmio:mmio|pl_uart:uart_inst|tx_cnt[7]         ; CLOCK_50     ; CLOCK_50    ; 0.000        ; 0.040      ; 0.426      ;
+-------+---------------------------------------------------------------------------------+----------------------------------------------------------------------------------+--------------+-------------+--------------+------------+------------+


----------------------------------------------
; Fast 1200mV 0C Model Metastability Summary ;
----------------------------------------------
The design MTBF is not calculated because there are no specified synchronizers in the design.
Number of Synchronizer Chains Found: 1
Shortest Synchronizer Chain: 2 Registers
Fraction of Chains for which MTBFs Could Not be Calculated: 1.000
Worst Case Available Settling Time: 35.156 ns




+-----------------------------------------------------------------------------+
; Multicorner Timing Analysis Summary                                         ;
+------------------+-------+-------+----------+---------+---------------------+
; Clock            ; Setup ; Hold  ; Recovery ; Removal ; Minimum Pulse Width ;
+------------------+-------+-------+----------+---------+---------------------+
; Worst-case Slack ; 1.698 ; 0.181 ; N/A      ; N/A     ; 9.375               ;
;  CLOCK_50        ; 1.698 ; 0.181 ; N/A      ; N/A     ; 9.375               ;
; Design-wide TNS  ; 0.0   ; 0.0   ; 0.0      ; 0.0     ; 0.0                 ;
;  CLOCK_50        ; 0.000 ; 0.000 ; N/A      ; N/A     ; 0.000               ;
+------------------+-------+-------+----------+---------+---------------------+


+------------------------------------------------------------------------------------------------------------------------------------------------------------------------------------------------------------------------------------------------------------------------------------------------------------------------------------------------------------------------------------------------------------------+
; Board Trace Model Assignments                                                                                                                                                                                                                                                                                                                                                                                    ;
+---------------+--------------+-------------------+-------------------------+-------------------------+---------------+---------------------+----------------+------------------+--------+------------------+------------------------+------------------------+--------------+---------------+-----------------+-------+---------------------+--------------------+---------------+-----------------+-------------+
; Pin           ; I/O Standard ; Near Tline Length ; Near Tline L per Length ; Near Tline C per Length ; Near Series R ; Near Differential R ; Near Pull-up R ; Near Pull-down R ; Near C ; Far Tline Length ; Far Tline L per Length ; Far Tline C per Length ; Far Series R ; Far Pull-up R ; Far Pull-down R ; Far C ; Termination Voltage ; Far Differential R ; EBD File Name ; EBD Signal Name ; EBD Far-end ;
+---------------+--------------+-------------------+-------------------------+-------------------------+---------------+---------------------+----------------+------------------+--------+------------------+------------------------+------------------------+--------------+---------------+-----------------+-------+---------------------+--------------------+---------------+-----------------+-------------+
; LEDR[0]       ; 2.5 V        ; 0 in              ; 0 H/in                  ; 0 F/in                  ; short         ; -                   ; open           ; open             ; open   ; 0 in             ; 0 H/in                 ; 0 F/in                 ; short        ; open          ; open            ; open  ; 0 V                 ; -                  ; n/a           ; n/a             ; n/a         ;
; LEDR[1]       ; 2.5 V        ; 0 in              ; 0 H/in                  ; 0 F/in                  ; short         ; -                   ; open           ; open             ; open   ; 0 in             ; 0 H/in                 ; 0 F/in                 ; short        ; open          ; open            ; open  ; 0 V                 ; -                  ; n/a           ; n/a             ; n/a         ;
; LEDR[2]       ; 2.5 V        ; 0 in              ; 0 H/in                  ; 0 F/in                  ; short         ; -                   ; open           ; open             ; open   ; 0 in             ; 0 H/in                 ; 0 F/in                 ; short        ; open          ; open            ; open  ; 0 V                 ; -                  ; n/a           ; n/a             ; n/a         ;
; LEDR[3]       ; 2.5 V        ; 0 in              ; 0 H/in                  ; 0 F/in                  ; short         ; -                   ; open           ; open             ; open   ; 0 in             ; 0 H/in                 ; 0 F/in                 ; short        ; open          ; open            ; open  ; 0 V                 ; -                  ; n/a           ; n/a             ; n/a         ;
; LEDR[4]       ; 2.5 V        ; 0 in              ; 0 H/in                  ; 0 F/in                  ; short         ; -                   ; open           ; open             ; open   ; 0 in             ; 0 H/in                 ; 0 F/in                 ; short        ; open          ; open            ; open  ; 0 V                 ; -                  ; n/a           ; n/a             ; n/a         ;
; LEDR[5]       ; 2.5 V        ; 0 in              ; 0 H/in                  ; 0 F/in                  ; short         ; -                   ; open           ; open             ; open   ; 0 in             ; 0 H/in                 ; 0 F/in                 ; short        ; open          ; open            ; open  ; 0 V                 ; -                  ; n/a           ; n/a             ; n/a         ;
; LEDR[6]       ; 2.5 V        ; 0 in              ; 0 H/in                  ; 0 F/in                  ; short         ; -                   ; open           ; open             ; open   ; 0 in             ; 0 H/in                 ; 0 F/in                 ; short        ; open          ; open            ; open  ; 0 V                 ; -                  ; n/a           ; n/a             ; n/a         ;
; LEDR[7]       ; 2.5 V        ; 0 in              ; 0 H/in                  ; 0 F/in                  ; short         ; -                   ; open           ; open             ; open   ; 0 in             ; 0 H/in                 ; 0 F/in                 ; short        ; open          ; open            ; open  ; 0 V                 ; -                  ; n/a           ; n/a             ; n/a         ;
; LEDR[8]       ; 2.5 V        ; 0 in              ; 0 H/in                  ; 0 F/in                  ; short         ; -                   ; open           ; open             ; open   ; 0 in             ; 0 H/in                 ; 0 F/in                 ; short        ; open          ; open            ; open  ; 0 V                 ; -                  ; n/a           ; n/a             ; n/a         ;
; LEDR[9]       ; 2.5 V        ; 0 in              ; 0 H/in                  ; 0 F/in                  ; short         ; -                   ; open           ; open             ; open   ; 0 in             ; 0 H/in                 ; 0 F/in                 ; short        ; open          ; open            ; open  ; 0 V                 ; -                  ; n/a           ; n/a             ; n/a         ;
; LEDR[10]      ; 2.5 V        ; 0 in              ; 0 H/in                  ; 0 F/in                  ; short         ; -                   ; open           ; open             ; open   ; 0 in             ; 0 H/in                 ; 0 F/in                 ; short        ; open          ; open            ; open  ; 0 V                 ; -                  ; n/a           ; n/a             ; n/a         ;
; LEDR[11]      ; 2.5 V        ; 0 in              ; 0 H/in                  ; 0 F/in                  ; short         ; -                   ; open           ; open             ; open   ; 0 in             ; 0 H/in                 ; 0 F/in                 ; short        ; open          ; open            ; open  ; 0 V                 ; -                  ; n/a           ; n/a             ; n/a         ;
; LEDR[12]      ; 2.5 V        ; 0 in              ; 0 H/in                  ; 0 F/in                  ; short         ; -                   ; open           ; open             ; open   ; 0 in             ; 0 H/in                 ; 0 F/in                 ; short        ; open          ; open            ; open  ; 0 V                 ; -                  ; n/a           ; n/a             ; n/a         ;
; LEDR[13]      ; 2.5 V        ; 0 in              ; 0 H/in                  ; 0 F/in                  ; short         ; -                   ; open           ; open             ; open   ; 0 in             ; 0 H/in                 ; 0 F/in                 ; short        ; open          ; open            ; open  ; 0 V                 ; -                  ; n/a           ; n/a             ; n/a         ;
; LEDR[14]      ; 2.5 V        ; 0 in              ; 0 H/in                  ; 0 F/in                  ; short         ; -                   ; open           ; open             ; open   ; 0 in             ; 0 H/in                 ; 0 F/in                 ; short        ; open          ; open            ; open  ; 0 V                 ; -                  ; n/a           ; n/a             ; n/a         ;
; LEDR[15]      ; 2.5 V        ; 0 in              ; 0 H/in                  ; 0 F/in                  ; short         ; -                   ; open           ; open             ; open   ; 0 in             ; 0 H/in                 ; 0 F/in                 ; short        ; open          ; open            ; open  ; 0 V                 ; -                  ; n/a           ; n/a             ; n/a         ;
; LEDR[16]      ; 2.5 V        ; 0 in              ; 0 H/in                  ; 0 F/in                  ; short         ; -                   ; open           ; open             ; open   ; 0 in             ; 0 H/in                 ; 0 F/in                 ; short        ; open          ; open            ; open  ; 0 V                 ; -                  ; n/a           ; n/a             ; n/a         ;
; LEDR[17]      ; 2.5 V        ; 0 in              ; 0 H/in                  ; 0 F/in                  ; short         ; -                   ; open           ; open             ; open   ; 0 in             ; 0 H/in                 ; 0 F/in                 ; short        ; open          ; open            ; open  ; 0 V                 ; -                  ; n/a           ; n/a             ; n/a         ;
; LEDG[0]       ; 2.5 V        ; 0 in              ; 0 H/in                  ; 0 F/in                  ; short         ; -                   ; open           ; open             ; open   ; 0 in             ; 0 H/in                 ; 0 F/in                 ; short        ; open          ; open            ; open  ; 0 V                 ; -                  ; n/a           ; n/a             ; n/a         ;
; LEDG[1]       ; 2.5 V        ; 0 in              ; 0 H/in                  ; 0 F/in                  ; short         ; -                   ; open           ; open             ; open   ; 0 in             ; 0 H/in                 ; 0 F/in                 ; short        ; open          ; open            ; open  ; 0 V                 ; -                  ; n/a           ; n/a             ; n/a         ;
; LEDG[2]       ; 2.5 V        ; 0 in              ; 0 H/in                  ; 0 F/in                  ; short         ; -                   ; open           ; open             ; open   ; 0 in             ; 0 H/in                 ; 0 F/in                 ; short        ; open          ; open            ; open  ; 0 V                 ; -                  ; n/a           ; n/a             ; n/a         ;
; LEDG[3]       ; 2.5 V        ; 0 in              ; 0 H/in                  ; 0 F/in                  ; short         ; -                   ; open           ; open             ; open   ; 0 in             ; 0 H/in                 ; 0 F/in                 ; short        ; open          ; open            ; open  ; 0 V                 ; -                  ; n/a           ; n/a             ; n/a         ;
; LEDG[4]       ; 2.5 V        ; 0 in              ; 0 H/in                  ; 0 F/in                  ; short         ; -                   ; open           ; open             ; open   ; 0 in             ; 0 H/in                 ; 0 F/in                 ; short        ; open          ; open            ; open  ; 0 V                 ; -                  ; n/a           ; n/a             ; n/a         ;
; LEDG[5]       ; 2.5 V        ; 0 in              ; 0 H/in                  ; 0 F/in                  ; short         ; -                   ; open           ; open             ; open   ; 0 in             ; 0 H/in                 ; 0 F/in                 ; short        ; open          ; open            ; open  ; 0 V                 ; -                  ; n/a           ; n/a             ; n/a         ;
; LEDG[6]       ; 2.5 V        ; 0 in              ; 0 H/in                  ; 0 F/in                  ; short         ; -                   ; open           ; open             ; open   ; 0 in             ; 0 H/in                 ; 0 F/in                 ; short        ; open          ; open            ; open  ; 0 V                 ; -                  ; n/a           ; n/a             ; n/a         ;
; LEDG[7]       ; 2.5 V        ; 0 in              ; 0 H/in                  ; 0 F/in                  ; short         ; -                   ; open           ; open             ; open   ; 0 in             ; 0 H/in                 ; 0 F/in                 ; short        ; open          ; open            ; open  ; 0 V                 ; -                  ; n/a           ; n/a             ; n/a         ;
; LEDG[8]       ; 2.5 V        ; 0 in              ; 0 H/in                  ; 0 F/in                  ; short         ; -                   ; open           ; open             ; open   ; 0 in             ; 0 H/in                 ; 0 F/in                 ; short        ; open          ; open            ; open  ; 0 V                 ; -                  ; n/a           ; n/a             ; n/a         ;
; UART_TXD      ; 2.5 V        ; 0 in              ; 0 H/in                  ; 0 F/in                  ; short         ; -                   ; open           ; open             ; open   ; 0 in             ; 0 H/in                 ; 0 F/in                 ; short        ; open          ; open            ; open  ; 0 V                 ; -                  ; n/a           ; n/a             ; n/a         ;
; ~ALTERA_DCLK~ ; 2.5 V        ; 0 in              ; 0 H/in                  ; 0 F/in                  ; short         ; -                   ; open           ; open             ; open   ; 0 in             ; 0 H/in                 ; 0 F/in                 ; short        ; open          ; open            ; open  ; 0 V                 ; -                  ; n/a           ; n/a             ; n/a         ;
; ~ALTERA_nCEO~ ; 2.5 V        ; 0 in              ; 0 H/in                  ; 0 F/in                  ; short         ; -                   ; open           ; open             ; open   ; 0 in             ; 0 H/in                 ; 0 F/in                 ; short        ; open          ; open            ; open  ; 0 V                 ; -                  ; n/a           ; n/a             ; n/a         ;
+---------------+--------------+-------------------+-------------------------+-------------------------+---------------+---------------------+----------------+------------------+--------+------------------+------------------------+------------------------+--------------+---------------+-----------------+-------+---------------------+--------------------+---------------+-----------------+-------------+


+----------------------------------------------------------------------------+
; Input Transition Times                                                     ;
+-------------------------+--------------+-----------------+-----------------+
; Pin                     ; I/O Standard ; 10-90 Rise Time ; 90-10 Fall Time ;
+-------------------------+--------------+-----------------+-----------------+
; CLOCK_50                ; 2.5 V        ; 2000 ps         ; 2000 ps         ;
; KEY[0]                  ; 2.5 V        ; 2000 ps         ; 2000 ps         ;
; SW[0]                   ; 2.5 V        ; 2000 ps         ; 2000 ps         ;
; KEY[1]                  ; 2.5 V        ; 2000 ps         ; 2000 ps         ;
; SW[1]                   ; 2.5 V        ; 2000 ps         ; 2000 ps         ;
; KEY[2]                  ; 2.5 V        ; 2000 ps         ; 2000 ps         ;
; SW[2]                   ; 2.5 V        ; 2000 ps         ; 2000 ps         ;
; KEY[3]                  ; 2.5 V        ; 2000 ps         ; 2000 ps         ;
; SW[3]                   ; 2.5 V        ; 2000 ps         ; 2000 ps         ;
; SW[4]                   ; 2.5 V        ; 2000 ps         ; 2000 ps         ;
; SW[17]                  ; 2.5 V        ; 2000 ps         ; 2000 ps         ;
; SW[15]                  ; 2.5 V        ; 2000 ps         ; 2000 ps         ;
; SW[16]                  ; 2.5 V        ; 2000 ps         ; 2000 ps         ;
; SW[14]                  ; 2.5 V        ; 2000 ps         ; 2000 ps         ;
; SW[13]                  ; 2.5 V        ; 2000 ps         ; 2000 ps         ;
; SW[11]                  ; 2.5 V        ; 2000 ps         ; 2000 ps         ;
; SW[12]                  ; 2.5 V        ; 2000 ps         ; 2000 ps         ;
; SW[10]                  ; 2.5 V        ; 2000 ps         ; 2000 ps         ;
; SW[5]                   ; 2.5 V        ; 2000 ps         ; 2000 ps         ;
; SW[6]                   ; 2.5 V        ; 2000 ps         ; 2000 ps         ;
; SW[7]                   ; 2.5 V        ; 2000 ps         ; 2000 ps         ;
; SW[9]                   ; 2.5 V        ; 2000 ps         ; 2000 ps         ;
; SW[8]                   ; 2.5 V        ; 2000 ps         ; 2000 ps         ;
; UART_RXD                ; 2.5 V        ; 2000 ps         ; 2000 ps         ;
; ~ALTERA_ASDO_DATA1~     ; 2.5 V        ; 2000 ps         ; 2000 ps         ;
; ~ALTERA_FLASH_nCE_nCSO~ ; 2.5 V        ; 2000 ps         ; 2000 ps         ;
; ~ALTERA_DATA0~          ; 2.5 V        ; 2000 ps         ; 2000 ps         ;
+-------------------------+--------------+-----------------+-----------------+


+--------------------------------------------------------------------------------------------------------------------------------------------------------------------------------------------------------------------------------------------------------------------------------------------------------------------------------------------------------------------------------------------------------------------------------------------------------------------------------------------------------------------------------------------------------------------------------------------------------------------------------------------------------------------------------------------+
; Signal Integrity Metrics (Slow 1200mv 0c Model)                                                                                                                                                                                                                                                                                                                                                                                                                                                                                                                                                                                                                                            ;
+---------------+--------------+---------------------+---------------------+------------------------------+------------------------------+---------------------+---------------------+--------------------------------------+--------------------------------------+-----------------------------+-----------------------------+----------------------------+----------------------------+-----------------------------+-----------------------------+--------------------+--------------------+-------------------------------------+-------------------------------------+----------------------------+----------------------------+---------------------------+---------------------------+
; Pin           ; I/O Standard ; Board Delay on Rise ; Board Delay on Fall ; Steady State Voh at FPGA Pin ; Steady State Vol at FPGA Pin ; Voh Max at FPGA Pin ; Vol Min at FPGA Pin ; Ringback Voltage on Rise at FPGA Pin ; Ringback Voltage on Fall at FPGA Pin ; 10-90 Rise Time at FPGA Pin ; 90-10 Fall Time at FPGA Pin ; Monotonic Rise at FPGA Pin ; Monotonic Fall at FPGA Pin ; Steady State Voh at Far-end ; Steady State Vol at Far-end ; Voh Max at Far-end ; Vol Min at Far-end ; Ringback Voltage on Rise at Far-end ; Ringback Voltage on Fall at Far-end ; 10-90 Rise Time at Far-end ; 90-10 Fall Time at Far-end ; Monotonic Rise at Far-end ; Monotonic Fall at Far-end ;
+---------------+--------------+---------------------+---------------------+------------------------------+------------------------------+---------------------+---------------------+--------------------------------------+--------------------------------------+-----------------------------+-----------------------------+----------------------------+----------------------------+-----------------------------+-----------------------------+--------------------+--------------------+-------------------------------------+-------------------------------------+----------------------------+----------------------------+---------------------------+---------------------------+
; LEDR[0]       ; 2.5 V        ; 0 s                 ; 0 s                 ; 2.32 V                       ; 4.49e-09 V                   ; 2.38 V              ; -0.00552 V          ; 0.096 V                              ; 0.019 V                              ; 4.18e-10 s                  ; 3.59e-10 s                  ; No                         ; Yes                        ; 2.32 V                      ; 4.49e-09 V                  ; 2.38 V             ; -0.00552 V         ; 0.096 V                             ; 0.019 V                             ; 4.18e-10 s                 ; 3.59e-10 s                 ; No                        ; Yes                       ;
; LEDR[1]       ; 2.5 V        ; 0 s                 ; 0 s                 ; 2.32 V                       ; 4.49e-09 V                   ; 2.38 V              ; -0.00552 V          ; 0.096 V                              ; 0.019 V                              ; 4.18e-10 s                  ; 3.59e-10 s                  ; No                         ; Yes                        ; 2.32 V                      ; 4.49e-09 V                  ; 2.38 V             ; -0.00552 V         ; 0.096 V                             ; 0.019 V                             ; 4.18e-10 s                 ; 3.59e-10 s                 ; No                        ; Yes                       ;
; LEDR[2]       ; 2.5 V        ; 0 s                 ; 0 s                 ; 2.32 V                       ; 4.49e-09 V                   ; 2.38 V              ; -0.00552 V          ; 0.096 V                              ; 0.019 V                              ; 4.18e-10 s                  ; 3.59e-10 s                  ; No                         ; Yes                        ; 2.32 V                      ; 4.49e-09 V                  ; 2.38 V             ; -0.00552 V         ; 0.096 V                             ; 0.019 V                             ; 4.18e-10 s                 ; 3.59e-10 s                 ; No                        ; Yes                       ;
; LEDR[3]       ; 2.5 V        ; 0 s                 ; 0 s                 ; 2.32 V                       ; 4.49e-09 V                   ; 2.38 V              ; -0.00552 V          ; 0.096 V                              ; 0.019 V                              ; 4.18e-10 s                  ; 3.59e-10 s                  ; No                         ; Yes                        ; 2.32 V                      ; 4.49e-09 V                  ; 2.38 V             ; -0.00552 V         ; 0.096 V                             ; 0.019 V                             ; 4.18e-10 s                 ; 3.59e-10 s                 ; No                        ; Yes                       ;
; LEDR[4]       ; 2.5 V        ; 0 s                 ; 0 s                 ; 2.32 V                       ; 4.49e-09 V                   ; 2.38 V              ; -0.00552 V          ; 0.096 V                              ; 0.019 V                              ; 4.18e-10 s                  ; 3.59e-10 s                  ; No                         ; Yes                        ; 2.32 V                      ; 4.49e-09 V                  ; 2.38 V             ; -0.00552 V         ; 0.096 V                             ; 0.019 V                             ; 4.18e-10 s                 ; 3.59e-10 s                 ; No                        ; Yes                       ;
; LEDR[5]       ; 2.5 V        ; 0 s                 ; 0 s                 ; 2.32 V                       ; 4.49e-09 V                   ; 2.38 V              ; -0.00552 V          ; 0.096 V                              ; 0.019 V                              ; 4.18e-10 s                  ; 3.59e-10 s                  ; No                         ; Yes                        ; 2.32 V                      ; 4.49e-09 V                  ; 2.38 V             ; -0.00552 V         ; 0.096 V                             ; 0.019 V                             ; 4.18e-10 s                 ; 3.59e-10 s                 ; No                        ; Yes                       ;
; LEDR[6]       ; 2.5 V        ; 0 s                 ; 0 s                 ; 2.32 V                       ; 4.49e-09 V                   ; 2.38 V              ; -0.00552 V          ; 0.096 V                              ; 0.019 V                              ; 4.18e-10 s                  ; 3.59e-10 s                  ; No                         ; Yes                        ; 2.32 V                      ; 4.49e-09 V                  ; 2.38 V             ; -0.00552 V         ; 0.096 V                             ; 0.019 V                             ; 4.18e-10 s                 ; 3.59e-10 s                 ; No                        ; Yes                       ;
; LEDR[7]       ; 2.5 V        ; 0 s                 ; 0 s                 ; 2.32 V                       ; 4.49e-09 V                   ; 2.38 V              ; -0.00552 V          ; 0.096 V                              ; 0.019 V                              ; 4.18e-10 s                  ; 3.59e-10 s                  ; No                         ; Yes                        ; 2.32 V                      ; 4.49e-09 V                  ; 2.38 V             ; -0.00552 V         ; 0.096 V                             ; 0.019 V                             ; 4.18e-10 s                 ; 3.59e-10 s                 ; No                        ; Yes                       ;
; LEDR[8]       ; 2.5 V        ; 0 s                 ; 0 s                 ; 2.32 V                       ; 4.49e-09 V                   ; 2.38 V              ; -0.00552 V          ; 0.096 V                              ; 0.019 V                              ; 4.18e-10 s                  ; 3.59e-10 s                  ; No                         ; Yes                        ; 2.32 V                      ; 4.49e-09 V                  ; 2.38 V             ; -0.00552 V         ; 0.096 V                             ; 0.019 V                             ; 4.18e-10 s                 ; 3.59e-10 s                 ; No                        ; Yes                       ;
; LEDR[9]       ; 2.5 V        ; 0 s                 ; 0 s                 ; 2.32 V                       ; 4.49e-09 V                   ; 2.33 V              ; -0.00467 V          ; 0.226 V                              ; 0.087 V                              ; 2.91e-09 s                  ; 2.74e-09 s                  ; Yes                        ; Yes                        ; 2.32 V                      ; 4.49e-09 V                  ; 2.33 V             ; -0.00467 V         ; 0.226 V                             ; 0.087 V                             ; 2.91e-09 s                 ; 2.74e-09 s                 ; Yes                       ; Yes                       ;
; LEDR[10]      ; 2.5 V        ; 0 s                 ; 0 s                 ; 2.32 V                       ; 4.49e-09 V                   ; 2.38 V              ; -0.00552 V          ; 0.096 V                              ; 0.019 V                              ; 4.18e-10 s                  ; 3.59e-10 s                  ; No                         ; Yes                        ; 2.32 V                      ; 4.49e-09 V                  ; 2.38 V             ; -0.00552 V         ; 0.096 V                             ; 0.019 V                             ; 4.18e-10 s                 ; 3.59e-10 s                 ; No                        ; Yes                       ;
; LEDR[11]      ; 2.5 V        ; 0 s                 ; 0 s                 ; 2.32 V                       ; 4.49e-09 V                   ; 2.38 V              ; -0.00552 V          ; 0.096 V                              ; 0.019 V                              ; 4.18e-10 s                  ; 3.59e-10 s                  ; No                         ; Yes                        ; 2.32 V                      ; 4.49e-09 V                  ; 2.38 V             ; -0.00552 V         ; 0.096 V                             ; 0.019 V                             ; 4.18e-10 s                 ; 3.59e-10 s                 ; No                        ; Yes                       ;
; LEDR[12]      ; 2.5 V        ; 0 s                 ; 0 s                 ; 2.32 V                       ; 4.49e-09 V                   ; 2.38 V              ; -0.00552 V          ; 0.096 V                              ; 0.019 V                              ; 4.18e-10 s                  ; 3.59e-10 s                  ; No                         ; Yes                        ; 2.32 V                      ; 4.49e-09 V                  ; 2.38 V             ; -0.00552 V         ; 0.096 V                             ; 0.019 V                             ; 4.18e-10 s                 ; 3.59e-10 s                 ; No                        ; Yes                       ;
; LEDR[13]      ; 2.5 V        ; 0 s                 ; 0 s                 ; 2.32 V                       ; 4.49e-09 V                   ; 2.38 V              ; -0.00552 V          ; 0.096 V                              ; 0.019 V                              ; 4.18e-10 s                  ; 3.59e-10 s                  ; No                         ; Yes                        ; 2.32 V                      ; 4.49e-09 V                  ; 2.38 V             ; -0.00552 V         ; 0.096 V                             ; 0.019 V                             ; 4.18e-10 s                 ; 3.59e-10 s                 ; No                        ; Yes                       ;
; LEDR[14]      ; 2.5 V        ; 0 s                 ; 0 s                 ; 2.32 V                       ; 4.49e-09 V                   ; 2.38 V              ; -0.00552 V          ; 0.096 V                              ; 0.019 V                              ; 4.18e-10 s                  ; 3.59e-10 s                  ; No                         ; Yes                        ; 2.32 V                      ; 4.49e-09 V                  ; 2.38 V             ; -0.00552 V         ; 0.096 V                             ; 0.019 V                             ; 4.18e-10 s                 ; 3.59e-10 s                 ; No                        ; Yes                       ;
; LEDR[15]      ; 2.5 V        ; 0 s                 ; 0 s                 ; 2.32 V                       ; 4.49e-09 V                   ; 2.33 V              ; -0.00467 V          ; 0.226 V                              ; 0.087 V                              ; 2.91e-09 s                  ; 2.74e-09 s                  ; Yes                        ; Yes                        ; 2.32 V                      ; 4.49e-09 V                  ; 2.33 V             ; -0.00467 V         ; 0.226 V                             ; 0.087 V                             ; 2.91e-09 s                 ; 2.74e-09 s                 ; Yes                       ; Yes                       ;
; LEDR[16]      ; 2.5 V        ; 0 s                 ; 0 s                 ; 2.32 V                       ; 4.49e-09 V                   ; 2.38 V              ; -0.00552 V          ; 0.096 V                              ; 0.019 V                              ; 4.18e-10 s                  ; 3.59e-10 s                  ; No                         ; Yes                        ; 2.32 V                      ; 4.49e-09 V                  ; 2.38 V             ; -0.00552 V         ; 0.096 V                             ; 0.019 V                             ; 4.18e-10 s                 ; 3.59e-10 s                 ; No                        ; Yes                       ;
; LEDR[17]      ; 2.5 V        ; 0 s                 ; 0 s                 ; 2.32 V                       ; 4.49e-09 V                   ; 2.38 V              ; -0.00552 V          ; 0.096 V                              ; 0.019 V                              ; 4.18e-10 s                  ; 3.59e-10 s                  ; No                         ; Yes                        ; 2.32 V                      ; 4.49e-09 V                  ; 2.38 V             ; -0.00552 V         ; 0.096 V                             ; 0.019 V                             ; 4.18e-10 s                 ; 3.59e-10 s                 ; No                        ; Yes                       ;
; LEDG[0]       ; 2.5 V        ; 0 s                 ; 0 s                 ; 2.32 V                       ; 4.49e-09 V                   ; 2.38 V              ; -0.00552 V          ; 0.096 V                              ; 0.019 V                              ; 4.18e-10 s                  ; 3.59e-10 s                  ; No                         ; Yes                        ; 2.32 V                      ; 4.49e-09 V                  ; 2.38 V             ; -0.00552 V         ; 0.096 V                             ; 0.019 V                             ; 4.18e-10 s                 ; 3.59e-10 s                 ; No                        ; Yes                       ;
; LEDG[1]       ; 2.5 V        ; 0 s                 ; 0 s                 ; 2.32 V                       ; 4.49e-09 V                   ; 2.38 V              ; -0.00552 V          ; 0.096 V                              ; 0.019 V                              ; 4.18e-10 s                  ; 3.59e-10 s                  ; No                         ; Yes                        ; 2.32 V                      ; 4.49e-09 V                  ; 2.38 V             ; -0.00552 V         ; 0.096 V                             ; 0.019 V                             ; 4.18e-10 s                 ; 3.59e-10 s                 ; No                        ; Yes                       ;
; LEDG[2]       ; 2.5 V        ; 0 s                 ; 0 s                 ; 2.32 V                       ; 4.49e-09 V                   ; 2.38 V              ; -0.00552 V          ; 0.096 V                              ; 0.019 V                              ; 4.18e-10 s                  ; 3.59e-10 s                  ; No                         ; Yes                        ; 2.32 V                      ; 4.49e-09 V                  ; 2.38 V             ; -0.00552 V         ; 0.096 V                             ; 0.019 V                             ; 4.18e-10 s                 ; 3.59e-10 s                 ; No                        ; Yes                       ;
; LEDG[3]       ; 2.5 V        ; 0 s                 ; 0 s                 ; 2.32 V                       ; 4.49e-09 V                   ; 2.38 V              ; -0.00552 V          ; 0.096 V                              ; 0.019 V                              ; 4.18e-10 s                  ; 3.59e-10 s                  ; No                         ; Yes                        ; 2.32 V                      ; 4.49e-09 V                  ; 2.38 V             ; -0.00552 V         ; 0.096 V                             ; 0.019 V                             ; 4.18e-10 s                 ; 3.59e-10 s                 ; No                        ; Yes                       ;
; LEDG[4]       ; 2.5 V        ; 0 s                 ; 0 s                 ; 2.32 V                       ; 4.49e-09 V                   ; 2.38 V              ; -0.00552 V          ; 0.096 V                              ; 0.019 V                              ; 4.18e-10 s                  ; 3.59e-10 s                  ; No                         ; Yes                        ; 2.32 V                      ; 4.49e-09 V                  ; 2.38 V             ; -0.00552 V         ; 0.096 V                             ; 0.019 V                             ; 4.18e-10 s                 ; 3.59e-10 s                 ; No                        ; Yes                       ;
; LEDG[5]       ; 2.5 V        ; 0 s                 ; 0 s                 ; 2.32 V                       ; 4.49e-09 V                   ; 2.38 V              ; -0.00552 V          ; 0.096 V                              ; 0.019 V                              ; 4.18e-10 s                  ; 3.59e-10 s                  ; No                         ; Yes                        ; 2.32 V                      ; 4.49e-09 V                  ; 2.38 V             ; -0.00552 V         ; 0.096 V                             ; 0.019 V                             ; 4.18e-10 s                 ; 3.59e-10 s                 ; No                        ; Yes                       ;
; LEDG[6]       ; 2.5 V        ; 0 s                 ; 0 s                 ; 2.32 V                       ; 4.49e-09 V                   ; 2.38 V              ; -0.00552 V          ; 0.096 V                              ; 0.019 V                              ; 4.18e-10 s                  ; 3.59e-10 s                  ; No                         ; Yes                        ; 2.32 V                      ; 4.49e-09 V                  ; 2.38 V             ; -0.00552 V         ; 0.096 V                             ; 0.019 V                             ; 4.18e-10 s                 ; 3.59e-10 s                 ; No                        ; Yes                       ;
; LEDG[7]       ; 2.5 V        ; 0 s                 ; 0 s                 ; 2.32 V                       ; 4.49e-09 V                   ; 2.38 V              ; -0.00552 V          ; 0.096 V                              ; 0.019 V                              ; 4.18e-10 s                  ; 3.59e-10 s                  ; No                         ; Yes                        ; 2.32 V                      ; 4.49e-09 V                  ; 2.38 V             ; -0.00552 V         ; 0.096 V                             ; 0.019 V                             ; 4.18e-10 s                 ; 3.59e-10 s                 ; No                        ; Yes                       ;
; LEDG[8]       ; 2.5 V        ; 0 s                 ; 0 s                 ; 2.32 V                       ; 4.49e-09 V                   ; 2.38 V              ; -0.00552 V          ; 0.096 V                              ; 0.019 V                              ; 4.18e-10 s                  ; 3.59e-10 s                  ; No                         ; Yes                        ; 2.32 V                      ; 4.49e-09 V                  ; 2.38 V             ; -0.00552 V         ; 0.096 V                             ; 0.019 V                             ; 4.18e-10 s                 ; 3.59e-10 s                 ; No                        ; Yes                       ;
; UART_TXD      ; 2.5 V        ; 0 s                 ; 0 s                 ; 2.32 V                       ; 4.49e-09 V                   ; 2.33 V              ; -0.00467 V          ; 0.226 V                              ; 0.087 V                              ; 2.91e-09 s                  ; 2.74e-09 s                  ; Yes                        ; Yes                        ; 2.32 V                      ; 4.49e-09 V                  ; 2.33 V             ; -0.00467 V         ; 0.226 V                             ; 0.087 V                             ; 2.91e-09 s                 ; 2.74e-09 s                 ; Yes                       ; Yes                       ;
; ~ALTERA_DCLK~ ; 2.5 V        ; 0 s                 ; 0 s                 ; 2.32 V                       ; 2.67e-09 V                   ; 2.38 V              ; -0.0485 V           ; 0.167 V                              ; 0.096 V                              ; 2.95e-10 s                  ; 2.73e-10 s                  ; Yes                        ; Yes                        ; 2.32 V                      ; 2.67e-09 V                  ; 2.38 V             ; -0.0485 V          ; 0.167 V                             ; 0.096 V                             ; 2.95e-10 s                 ; 2.73e-10 s                 ; Yes                       ; Yes                       ;
; ~ALTERA_nCEO~ ; 2.5 V        ; 0 s                 ; 0 s                 ; 2.32 V                       ; 4.18e-09 V                   ; 2.38 V              ; -0.00483 V          ; 0.152 V                              ; 0.012 V                              ; 4.81e-10 s                  ; 6.29e-10 s                  ; Yes                        ; Yes                        ; 2.32 V                      ; 4.18e-09 V                  ; 2.38 V             ; -0.00483 V         ; 0.152 V                             ; 0.012 V                             ; 4.81e-10 s                 ; 6.29e-10 s                 ; Yes                       ; Yes                       ;
+---------------+--------------+---------------------+---------------------+------------------------------+------------------------------+---------------------+---------------------+--------------------------------------+--------------------------------------+-----------------------------+-----------------------------+----------------------------+----------------------------+-----------------------------+-----------------------------+--------------------+--------------------+-------------------------------------+-------------------------------------+----------------------------+----------------------------+---------------------------+---------------------------+


+--------------------------------------------------------------------------------------------------------------------------------------------------------------------------------------------------------------------------------------------------------------------------------------------------------------------------------------------------------------------------------------------------------------------------------------------------------------------------------------------------------------------------------------------------------------------------------------------------------------------------------------------------------------------------------------------+
; Signal Integrity Metrics (Slow 1200mv 85c Model)                                                                                                                                                                                                                                                                                                                                                                                                                                                                                                                                                                                                                                           ;
+---------------+--------------+---------------------+---------------------+------------------------------+------------------------------+---------------------+---------------------+--------------------------------------+--------------------------------------+-----------------------------+-----------------------------+----------------------------+----------------------------+-----------------------------+-----------------------------+--------------------+--------------------+-------------------------------------+-------------------------------------+----------------------------+----------------------------+---------------------------+---------------------------+
; Pin           ; I/O Standard ; Board Delay on Rise ; Board Delay on Fall ; Steady State Voh at FPGA Pin ; Steady State Vol at FPGA Pin ; Voh Max at FPGA Pin ; Vol Min at FPGA Pin ; Ringback Voltage on Rise at FPGA Pin ; Ringback Voltage on Fall at FPGA Pin ; 10-90 Rise Time at FPGA Pin ; 90-10 Fall Time at FPGA Pin ; Monotonic Rise at FPGA Pin ; Monotonic Fall at FPGA Pin ; Steady State Voh at Far-end ; Steady State Vol at Far-end ; Voh Max at Far-end ; Vol Min at Far-end ; Ringback Voltage on Rise at Far-end ; Ringback Voltage on Fall at Far-end ; 10-90 Rise Time at Far-end ; 90-10 Fall Time at Far-end ; Monotonic Rise at Far-end ; Monotonic Fall at Far-end ;
+---------------+--------------+---------------------+---------------------+------------------------------+------------------------------+---------------------+---------------------+--------------------------------------+--------------------------------------+-----------------------------+-----------------------------+----------------------------+----------------------------+-----------------------------+-----------------------------+--------------------+--------------------+-------------------------------------+-------------------------------------+----------------------------+----------------------------+---------------------------+---------------------------+
; LEDR[0]       ; 2.5 V        ; 0 s                 ; 0 s                 ; 2.32 V                       ; 6.92e-07 V                   ; 2.35 V              ; -0.00996 V          ; 0.121 V                              ; 0.03 V                               ; 4.64e-10 s                  ; 4.47e-10 s                  ; Yes                        ; Yes                        ; 2.32 V                      ; 6.92e-07 V                  ; 2.35 V             ; -0.00996 V         ; 0.121 V                             ; 0.03 V                              ; 4.64e-10 s                 ; 4.47e-10 s                 ; Yes                       ; Yes                       ;
; LEDR[1]       ; 2.5 V        ; 0 s                 ; 0 s                 ; 2.32 V                       ; 6.92e-07 V                   ; 2.35 V              ; -0.00996 V          ; 0.121 V                              ; 0.03 V                               ; 4.64e-10 s                  ; 4.47e-10 s                  ; Yes                        ; Yes                        ; 2.32 V                      ; 6.92e-07 V                  ; 2.35 V             ; -0.00996 V         ; 0.121 V                             ; 0.03 V                              ; 4.64e-10 s                 ; 4.47e-10 s                 ; Yes                       ; Yes                       ;
; LEDR[2]       ; 2.5 V        ; 0 s                 ; 0 s                 ; 2.32 V                       ; 6.92e-07 V                   ; 2.35 V              ; -0.00996 V          ; 0.121 V                              ; 0.03 V                               ; 4.64e-10 s                  ; 4.47e-10 s                  ; Yes                        ; Yes                        ; 2.32 V                      ; 6.92e-07 V                  ; 2.35 V             ; -0.00996 V         ; 0.121 V                             ; 0.03 V                              ; 4.64e-10 s                 ; 4.47e-10 s                 ; Yes                       ; Yes                       ;
; LEDR[3]       ; 2.5 V        ; 0 s                 ; 0 s                 ; 2.32 V                       ; 6.92e-07 V                   ; 2.35 V              ; -0.00996 V          ; 0.121 V                              ; 0.03 V                               ; 4.64e-10 s                  ; 4.47e-10 s                  ; Yes                        ; Yes                        ; 2.32 V                      ; 6.92e-07 V                  ; 2.35 V             ; -0.00996 V         ; 0.121 V                             ; 0.03 V                              ; 4.64e-10 s                 ; 4.47e-10 s                 ; Yes                       ; Yes                       ;
; LEDR[4]       ; 2.5 V        ; 0 s                 ; 0 s                 ; 2.32 V                       ; 6.92e-07 V                   ; 2.35 V              ; -0.00996 V          ; 0.121 V                              ; 0.03 V                               ; 4.64e-10 s                  ; 4.47e-10 s                  ; Yes                        ; Yes                        ; 2.32 V                      ; 6.92e-07 V                  ; 2.35 V             ; -0.00996 V         ; 0.121 V                             ; 0.03 V                              ; 4.64e-10 s                 ; 4.47e-10 s                 ; Yes                       ; Yes                       ;
; LEDR[5]       ; 2.5 V        ; 0 s                 ; 0 s                 ; 2.32 V                       ; 6.92e-07 V                   ; 2.35 V              ; -0.00996 V          ; 0.121 V                              ; 0.03 V                               ; 4.64e-10 s                  ; 4.47e-10 s                  ; Yes                        ; Yes                        ; 2.32 V                      ; 6.92e-07 V                  ; 2.35 V             ; -0.00996 V         ; 0.121 V                             ; 0.03 V                              ; 4.64e-10 s                 ; 4.47e-10 s                 ; Yes                       ; Yes                       ;
; LEDR[6]       ; 2.5 V        ; 0 s                 ; 0 s                 ; 2.32 V                       ; 6.92e-07 V                   ; 2.35 V              ; -0.00996 V          ; 0.121 V                              ; 0.03 V                               ; 4.64e-10 s                  ; 4.47e-10 s                  ; Yes                        ; Yes                        ; 2.32 V                      ; 6.92e-07 V                  ; 2.35 V             ; -0.00996 V         ; 0.121 V                             ; 0.03 V                              ; 4.64e-10 s                 ; 4.47e-10 s                 ; Yes                       ; Yes                       ;
; LEDR[7]       ; 2.5 V        ; 0 s                 ; 0 s                 ; 2.32 V                       ; 6.92e-07 V                   ; 2.35 V              ; -0.00996 V          ; 0.121 V                              ; 0.03 V                               ; 4.64e-10 s                  ; 4.47e-10 s                  ; Yes                        ; Yes                        ; 2.32 V                      ; 6.92e-07 V                  ; 2.35 V             ; -0.00996 V         ; 0.121 V                             ; 0.03 V                              ; 4.64e-10 s                 ; 4.47e-10 s                 ; Yes                       ; Yes                       ;
; LEDR[8]       ; 2.5 V        ; 0 s                 ; 0 s                 ; 2.32 V                       ; 6.92e-07 V                   ; 2.35 V              ; -0.00996 V          ; 0.121 V                              ; 0.03 V                               ; 4.64e-10 s                  ; 4.47e-10 s                  ; Yes                        ; Yes                        ; 2.32 V                      ; 6.92e-07 V                  ; 2.35 V             ; -0.00996 V         ; 0.121 V                             ; 0.03 V                              ; 4.64e-10 s                 ; 4.47e-10 s                 ; Yes                       ; Yes                       ;
; LEDR[9]       ; 2.5 V        ; 0 s                 ; 0 s                 ; 2.32 V                       ; 6.92e-07 V                   ; 2.33 V              ; -0.00265 V          ; 0.133 V                              ; 0.056 V                              ; 3.55e-09 s                  ; 3.31e-09 s                  ; Yes                        ; Yes                        ; 2.32 V                      ; 6.92e-07 V                  ; 2.33 V             ; -0.00265 V         ; 0.133 V                             ; 0.056 V                             ; 3.55e-09 s                 ; 3.31e-09 s                 ; Yes                       ; Yes                       ;
; LEDR[10]      ; 2.5 V        ; 0 s                 ; 0 s                 ; 2.32 V                       ; 6.92e-07 V                   ; 2.35 V              ; -0.00996 V          ; 0.121 V                              ; 0.03 V                               ; 4.64e-10 s                  ; 4.47e-10 s                  ; Yes                        ; Yes                        ; 2.32 V                      ; 6.92e-07 V                  ; 2.35 V             ; -0.00996 V         ; 0.121 V                             ; 0.03 V                              ; 4.64e-10 s                 ; 4.47e-10 s                 ; Yes                       ; Yes                       ;
; LEDR[11]      ; 2.5 V        ; 0 s                 ; 0 s                 ; 2.32 V                       ; 6.92e-07 V                   ; 2.35 V              ; -0.00996 V          ; 0.121 V                              ; 0.03 V                               ; 4.64e-10 s                  ; 4.47e-10 s                  ; Yes                        ; Yes                        ; 2.32 V                      ; 6.92e-07 V                  ; 2.35 V             ; -0.00996 V         ; 0.121 V                             ; 0.03 V                              ; 4.64e-10 s                 ; 4.47e-10 s                 ; Yes                       ; Yes                       ;
; LEDR[12]      ; 2.5 V        ; 0 s                 ; 0 s                 ; 2.32 V                       ; 6.92e-07 V                   ; 2.35 V              ; -0.00996 V          ; 0.121 V                              ; 0.03 V                               ; 4.64e-10 s                  ; 4.47e-10 s                  ; Yes                        ; Yes                        ; 2.32 V                      ; 6.92e-07 V                  ; 2.35 V             ; -0.00996 V         ; 0.121 V                             ; 0.03 V                              ; 4.64e-10 s                 ; 4.47e-10 s                 ; Yes                       ; Yes                       ;
; LEDR[13]      ; 2.5 V        ; 0 s                 ; 0 s                 ; 2.32 V                       ; 6.92e-07 V                   ; 2.35 V              ; -0.00996 V          ; 0.121 V                              ; 0.03 V                               ; 4.64e-10 s                  ; 4.47e-10 s                  ; Yes                        ; Yes                        ; 2.32 V                      ; 6.92e-07 V                  ; 2.35 V             ; -0.00996 V         ; 0.121 V                             ; 0.03 V                              ; 4.64e-10 s                 ; 4.47e-10 s                 ; Yes                       ; Yes                       ;
; LEDR[14]      ; 2.5 V        ; 0 s                 ; 0 s                 ; 2.32 V                       ; 6.92e-07 V                   ; 2.35 V              ; -0.00996 V          ; 0.121 V                              ; 0.03 V                               ; 4.64e-10 s                  ; 4.47e-10 s                  ; Yes                        ; Yes                        ; 2.32 V                      ; 6.92e-07 V                  ; 2.35 V             ; -0.00996 V         ; 0.121 V                             ; 0.03 V                              ; 4.64e-10 s                 ; 4.47e-10 s                 ; Yes                       ; Yes                       ;
; LEDR[15]      ; 2.5 V        ; 0 s                 ; 0 s                 ; 2.32 V                       ; 6.92e-07 V                   ; 2.33 V              ; -0.00265 V          ; 0.133 V                              ; 0.056 V                              ; 3.55e-09 s                  ; 3.31e-09 s                  ; Yes                        ; Yes                        ; 2.32 V                      ; 6.92e-07 V                  ; 2.33 V             ; -0.00265 V         ; 0.133 V                             ; 0.056 V                             ; 3.55e-09 s                 ; 3.31e-09 s                 ; Yes                       ; Yes                       ;
; LEDR[16]      ; 2.5 V        ; 0 s                 ; 0 s                 ; 2.32 V                       ; 6.92e-07 V                   ; 2.35 V              ; -0.00996 V          ; 0.121 V                              ; 0.03 V                               ; 4.64e-10 s                  ; 4.47e-10 s                  ; Yes                        ; Yes                        ; 2.32 V                      ; 6.92e-07 V                  ; 2.35 V             ; -0.00996 V         ; 0.121 V                             ; 0.03 V                              ; 4.64e-10 s                 ; 4.47e-10 s                 ; Yes                       ; Yes                       ;
; LEDR[17]      ; 2.5 V        ; 0 s                 ; 0 s                 ; 2.32 V                       ; 6.92e-07 V                   ; 2.35 V              ; -0.00996 V          ; 0.121 V                              ; 0.03 V                               ; 4.64e-10 s                  ; 4.47e-10 s                  ; Yes                        ; Yes                        ; 2.32 V                      ; 6.92e-07 V                  ; 2.35 V             ; -0.00996 V         ; 0.121 V                             ; 0.03 V                              ; 4.64e-10 s                 ; 4.47e-10 s                 ; Yes                       ; Yes                       ;
; LEDG[0]       ; 2.5 V        ; 0 s                 ; 0 s                 ; 2.32 V                       ; 6.92e-07 V                   ; 2.35 V              ; -0.00996 V          ; 0.121 V                              ; 0.03 V                               ; 4.64e-10 s                  ; 4.47e-10 s                  ; Yes                        ; Yes                        ; 2.32 V                      ; 6.92e-07 V                  ; 2.35 V             ; -0.00996 V         ; 0.121 V                             ; 0.03 V                              ; 4.64e-10 s                 ; 4.47e-10 s                 ; Yes                       ; Yes                       ;
; LEDG[1]       ; 2.5 V        ; 0 s                 ; 0 s                 ; 2.32 V                       ; 6.92e-07 V                   ; 2.35 V              ; -0.00996 V          ; 0.121 V                              ; 0.03 V                               ; 4.64e-10 s                  ; 4.47e-10 s                  ; Yes                        ; Yes                        ; 2.32 V                      ; 6.92e-07 V                  ; 2.35 V             ; -0.00996 V         ; 0.121 V                             ; 0.03 V                              ; 4.64e-10 s                 ; 4.47e-10 s                 ; Yes                       ; Yes                       ;
; LEDG[2]       ; 2.5 V        ; 0 s                 ; 0 s                 ; 2.32 V                       ; 6.92e-07 V                   ; 2.35 V              ; -0.00996 V          ; 0.121 V                              ; 0.03 V                               ; 4.64e-10 s                  ; 4.47e-10 s                  ; Yes                        ; Yes                        ; 2.32 V                      ; 6.92e-07 V                  ; 2.35 V             ; -0.00996 V         ; 0.121 V                             ; 0.03 V                              ; 4.64e-10 s                 ; 4.47e-10 s                 ; Yes                       ; Yes                       ;
; LEDG[3]       ; 2.5 V        ; 0 s                 ; 0 s                 ; 2.32 V                       ; 6.92e-07 V                   ; 2.35 V              ; -0.00996 V          ; 0.121 V                              ; 0.03 V                               ; 4.64e-10 s                  ; 4.47e-10 s                  ; Yes                        ; Yes                        ; 2.32 V                      ; 6.92e-07 V                  ; 2.35 V             ; -0.00996 V         ; 0.121 V                             ; 0.03 V                              ; 4.64e-10 s                 ; 4.47e-10 s                 ; Yes                       ; Yes                       ;
; LEDG[4]       ; 2.5 V        ; 0 s                 ; 0 s                 ; 2.32 V                       ; 6.92e-07 V                   ; 2.35 V              ; -0.00996 V          ; 0.121 V                              ; 0.03 V                               ; 4.64e-10 s                  ; 4.47e-10 s                  ; Yes                        ; Yes                        ; 2.32 V                      ; 6.92e-07 V                  ; 2.35 V             ; -0.00996 V         ; 0.121 V                             ; 0.03 V                              ; 4.64e-10 s                 ; 4.47e-10 s                 ; Yes                       ; Yes                       ;
; LEDG[5]       ; 2.5 V        ; 0 s                 ; 0 s                 ; 2.32 V                       ; 6.92e-07 V                   ; 2.35 V              ; -0.00996 V          ; 0.121 V                              ; 0.03 V                               ; 4.64e-10 s                  ; 4.47e-10 s                  ; Yes                        ; Yes                        ; 2.32 V                      ; 6.92e-07 V                  ; 2.35 V             ; -0.00996 V         ; 0.121 V                             ; 0.03 V                              ; 4.64e-10 s                 ; 4.47e-10 s                 ; Yes                       ; Yes                       ;
; LEDG[6]       ; 2.5 V        ; 0 s                 ; 0 s                 ; 2.32 V                       ; 6.92e-07 V                   ; 2.35 V              ; -0.00996 V          ; 0.121 V                              ; 0.03 V                               ; 4.64e-10 s                  ; 4.47e-10 s                  ; Yes                        ; Yes                        ; 2.32 V                      ; 6.92e-07 V                  ; 2.35 V             ; -0.00996 V         ; 0.121 V                             ; 0.03 V                              ; 4.64e-10 s                 ; 4.47e-10 s                 ; Yes                       ; Yes                       ;
; LEDG[7]       ; 2.5 V        ; 0 s                 ; 0 s                 ; 2.32 V                       ; 6.92e-07 V                   ; 2.35 V              ; -0.00996 V          ; 0.121 V                              ; 0.03 V                               ; 4.64e-10 s                  ; 4.47e-10 s                  ; Yes                        ; Yes                        ; 2.32 V                      ; 6.92e-07 V                  ; 2.35 V             ; -0.00996 V         ; 0.121 V                             ; 0.03 V                              ; 4.64e-10 s                 ; 4.47e-10 s                 ; Yes                       ; Yes                       ;
; LEDG[8]       ; 2.5 V        ; 0 s                 ; 0 s                 ; 2.32 V                       ; 6.92e-07 V                   ; 2.35 V              ; -0.00996 V          ; 0.121 V                              ; 0.03 V                               ; 4.64e-10 s                  ; 4.47e-10 s                  ; Yes                        ; Yes                        ; 2.32 V                      ; 6.92e-07 V                  ; 2.35 V             ; -0.00996 V         ; 0.121 V                             ; 0.03 V                              ; 4.64e-10 s                 ; 4.47e-10 s                 ; Yes                       ; Yes                       ;
; UART_TXD      ; 2.5 V        ; 0 s                 ; 0 s                 ; 2.32 V                       ; 6.92e-07 V                   ; 2.33 V              ; -0.00265 V          ; 0.133 V                              ; 0.056 V                              ; 3.55e-09 s                  ; 3.31e-09 s                  ; Yes                        ; Yes                        ; 2.32 V                      ; 6.92e-07 V                  ; 2.33 V             ; -0.00265 V         ; 0.133 V                             ; 0.056 V                             ; 3.55e-09 s                 ; 3.31e-09 s                 ; Yes                       ; Yes                       ;
; ~ALTERA_DCLK~ ; 2.5 V        ; 0 s                 ; 0 s                 ; 2.32 V                       ; 3.75e-07 V                   ; 2.35 V              ; -0.0109 V           ; 0.084 V                              ; 0.027 V                              ; 4.31e-10 s                  ; 3.61e-10 s                  ; Yes                        ; Yes                        ; 2.32 V                      ; 3.75e-07 V                  ; 2.35 V             ; -0.0109 V          ; 0.084 V                             ; 0.027 V                             ; 4.31e-10 s                 ; 3.61e-10 s                 ; Yes                       ; Yes                       ;
; ~ALTERA_nCEO~ ; 2.5 V        ; 0 s                 ; 0 s                 ; 2.32 V                       ; 6.15e-07 V                   ; 2.35 V              ; -0.00712 V          ; 0.093 V                              ; 0.02 V                               ; 6.21e-10 s                  ; 7.9e-10 s                   ; Yes                        ; Yes                        ; 2.32 V                      ; 6.15e-07 V                  ; 2.35 V             ; -0.00712 V         ; 0.093 V                             ; 0.02 V                              ; 6.21e-10 s                 ; 7.9e-10 s                  ; Yes                       ; Yes                       ;
+---------------+--------------+---------------------+---------------------+------------------------------+------------------------------+---------------------+---------------------+--------------------------------------+--------------------------------------+-----------------------------+-----------------------------+----------------------------+----------------------------+-----------------------------+-----------------------------+--------------------+--------------------+-------------------------------------+-------------------------------------+----------------------------+----------------------------+---------------------------+---------------------------+


+--------------------------------------------------------------------------------------------------------------------------------------------------------------------------------------------------------------------------------------------------------------------------------------------------------------------------------------------------------------------------------------------------------------------------------------------------------------------------------------------------------------------------------------------------------------------------------------------------------------------------------------------------------------------------------------------+
; Signal Integrity Metrics (Fast 1200mv 0c Model)                                                                                                                                                                                                                                                                                                                                                                                                                                                                                                                                                                                                                                            ;
+---------------+--------------+---------------------+---------------------+------------------------------+------------------------------+---------------------+---------------------+--------------------------------------+--------------------------------------+-----------------------------+-----------------------------+----------------------------+----------------------------+-----------------------------+-----------------------------+--------------------+--------------------+-------------------------------------+-------------------------------------+----------------------------+----------------------------+---------------------------+---------------------------+
; Pin           ; I/O Standard ; Board Delay on Rise ; Board Delay on Fall ; Steady State Voh at FPGA Pin ; Steady State Vol at FPGA Pin ; Voh Max at FPGA Pin ; Vol Min at FPGA Pin ; Ringback Voltage on Rise at FPGA Pin ; Ringback Voltage on Fall at FPGA Pin ; 10-90 Rise Time at FPGA Pin ; 90-10 Fall Time at FPGA Pin ; Monotonic Rise at FPGA Pin ; Monotonic Fall at FPGA Pin ; Steady State Voh at Far-end ; Steady State Vol at Far-end ; Voh Max at Far-end ; Vol Min at Far-end ; Ringback Voltage on Rise at Far-end ; Ringback Voltage on Fall at Far-end ; 10-90 Rise Time at Far-end ; 90-10 Fall Time at Far-end ; Monotonic Rise at Far-end ; Monotonic Fall at Far-end ;
+---------------+--------------+---------------------+---------------------+------------------------------+------------------------------+---------------------+---------------------+--------------------------------------+--------------------------------------+-----------------------------+-----------------------------+----------------------------+----------------------------+-----------------------------+-----------------------------+--------------------+--------------------+-------------------------------------+-------------------------------------+----------------------------+----------------------------+---------------------------+---------------------------+
; LEDR[0]       ; 2.5 V        ; 0 s                 ; 0 s                 ; 2.62 V                       ; 4.05e-08 V                   ; 2.72 V              ; -0.0349 V           ; 0.173 V                              ; 0.1 V                                ; 2.72e-10 s                  ; 2.69e-10 s                  ; Yes                        ; Yes                        ; 2.62 V                      ; 4.05e-08 V                  ; 2.72 V             ; -0.0349 V          ; 0.173 V                             ; 0.1 V                               ; 2.72e-10 s                 ; 2.69e-10 s                 ; Yes                       ; Yes                       ;
; LEDR[1]       ; 2.5 V        ; 0 s                 ; 0 s                 ; 2.62 V                       ; 4.05e-08 V                   ; 2.72 V              ; -0.0349 V           ; 0.173 V                              ; 0.1 V                                ; 2.72e-10 s                  ; 2.69e-10 s                  ; Yes                        ; Yes                        ; 2.62 V                      ; 4.05e-08 V                  ; 2.72 V             ; -0.0349 V          ; 0.173 V                             ; 0.1 V                               ; 2.72e-10 s                 ; 2.69e-10 s                 ; Yes                       ; Yes                       ;
; LEDR[2]       ; 2.5 V        ; 0 s                 ; 0 s                 ; 2.62 V                       ; 4.05e-08 V                   ; 2.72 V              ; -0.0349 V           ; 0.173 V                              ; 0.1 V                                ; 2.72e-10 s                  ; 2.69e-10 s                  ; Yes                        ; Yes                        ; 2.62 V                      ; 4.05e-08 V                  ; 2.72 V             ; -0.0349 V          ; 0.173 V                             ; 0.1 V                               ; 2.72e-10 s                 ; 2.69e-10 s                 ; Yes                       ; Yes                       ;
; LEDR[3]       ; 2.5 V        ; 0 s                 ; 0 s                 ; 2.62 V                       ; 4.05e-08 V                   ; 2.72 V              ; -0.0349 V           ; 0.173 V                              ; 0.1 V                                ; 2.72e-10 s                  ; 2.69e-10 s                  ; Yes                        ; Yes                        ; 2.62 V                      ; 4.05e-08 V                  ; 2.72 V             ; -0.0349 V          ; 0.173 V                             ; 0.1 V                               ; 2.72e-10 s                 ; 2.69e-10 s                 ; Yes                       ; Yes                       ;
; LEDR[4]       ; 2.5 V        ; 0 s                 ; 0 s                 ; 2.62 V                       ; 4.05e-08 V                   ; 2.72 V              ; -0.0349 V           ; 0.173 V                              ; 0.1 V                                ; 2.72e-10 s                  ; 2.69e-10 s                  ; Yes                        ; Yes                        ; 2.62 V                      ; 4.05e-08 V                  ; 2.72 V             ; -0.0349 V          ; 0.173 V                             ; 0.1 V                               ; 2.72e-10 s                 ; 2.69e-10 s                 ; Yes                       ; Yes                       ;
; LEDR[5]       ; 2.5 V        ; 0 s                 ; 0 s                 ; 2.62 V                       ; 4.05e-08 V                   ; 2.72 V              ; -0.0349 V           ; 0.173 V                              ; 0.1 V                                ; 2.72e-10 s                  ; 2.69e-10 s                  ; Yes                        ; Yes                        ; 2.62 V                      ; 4.05e-08 V                  ; 2.72 V             ; -0.0349 V          ; 0.173 V                             ; 0.1 V                               ; 2.72e-10 s                 ; 2.69e-10 s                 ; Yes                       ; Yes                       ;
; LEDR[6]       ; 2.5 V        ; 0 s                 ; 0 s                 ; 2.62 V                       ; 4.05e-08 V                   ; 2.72 V              ; -0.0349 V           ; 0.173 V                              ; 0.1 V                                ; 2.72e-10 s                  ; 2.69e-10 s                  ; Yes                        ; Yes                        ; 2.62 V                      ; 4.05e-08 V                  ; 2.72 V             ; -0.0349 V          ; 0.173 V                             ; 0.1 V                               ; 2.72e-10 s                 ; 2.69e-10 s                 ; Yes                       ; Yes                       ;
; LEDR[7]       ; 2.5 V        ; 0 s                 ; 0 s                 ; 2.62 V                       ; 4.05e-08 V                   ; 2.72 V              ; -0.0349 V           ; 0.173 V                              ; 0.1 V                                ; 2.72e-10 s                  ; 2.69e-10 s                  ; Yes                        ; Yes                        ; 2.62 V                      ; 4.05e-08 V                  ; 2.72 V             ; -0.0349 V          ; 0.173 V                             ; 0.1 V                               ; 2.72e-10 s                 ; 2.69e-10 s                 ; Yes                       ; Yes                       ;
; LEDR[8]       ; 2.5 V        ; 0 s                 ; 0 s                 ; 2.62 V                       ; 4.05e-08 V                   ; 2.72 V              ; -0.0349 V           ; 0.173 V                              ; 0.1 V                                ; 2.72e-10 s                  ; 2.69e-10 s                  ; Yes                        ; Yes                        ; 2.62 V                      ; 4.05e-08 V                  ; 2.72 V             ; -0.0349 V          ; 0.173 V                             ; 0.1 V                               ; 2.72e-10 s                 ; 2.69e-10 s                 ; Yes                       ; Yes                       ;
; LEDR[9]       ; 2.5 V        ; 0 s                 ; 0 s                 ; 2.62 V                       ; 4.05e-08 V                   ; 2.64 V              ; -0.0113 V           ; 0.208 V                              ; 0.179 V                              ; 2.38e-09 s                  ; 2.23e-09 s                  ; No                         ; Yes                        ; 2.62 V                      ; 4.05e-08 V                  ; 2.64 V             ; -0.0113 V          ; 0.208 V                             ; 0.179 V                             ; 2.38e-09 s                 ; 2.23e-09 s                 ; No                        ; Yes                       ;
; LEDR[10]      ; 2.5 V        ; 0 s                 ; 0 s                 ; 2.62 V                       ; 4.05e-08 V                   ; 2.72 V              ; -0.0349 V           ; 0.173 V                              ; 0.1 V                                ; 2.72e-10 s                  ; 2.69e-10 s                  ; Yes                        ; Yes                        ; 2.62 V                      ; 4.05e-08 V                  ; 2.72 V             ; -0.0349 V          ; 0.173 V                             ; 0.1 V                               ; 2.72e-10 s                 ; 2.69e-10 s                 ; Yes                       ; Yes                       ;
; LEDR[11]      ; 2.5 V        ; 0 s                 ; 0 s                 ; 2.62 V                       ; 4.05e-08 V                   ; 2.72 V              ; -0.0349 V           ; 0.173 V                              ; 0.1 V                                ; 2.72e-10 s                  ; 2.69e-10 s                  ; Yes                        ; Yes                        ; 2.62 V                      ; 4.05e-08 V                  ; 2.72 V             ; -0.0349 V          ; 0.173 V                             ; 0.1 V                               ; 2.72e-10 s                 ; 2.69e-10 s                 ; Yes                       ; Yes                       ;
; LEDR[12]      ; 2.5 V        ; 0 s                 ; 0 s                 ; 2.62 V                       ; 4.05e-08 V                   ; 2.72 V              ; -0.0349 V           ; 0.173 V                              ; 0.1 V                                ; 2.72e-10 s                  ; 2.69e-10 s                  ; Yes                        ; Yes                        ; 2.62 V                      ; 4.05e-08 V                  ; 2.72 V             ; -0.0349 V          ; 0.173 V                             ; 0.1 V                               ; 2.72e-10 s                 ; 2.69e-10 s                 ; Yes                       ; Yes                       ;
; LEDR[13]      ; 2.5 V        ; 0 s                 ; 0 s                 ; 2.62 V                       ; 4.05e-08 V                   ; 2.72 V              ; -0.0349 V           ; 0.173 V                              ; 0.1 V                                ; 2.72e-10 s                  ; 2.69e-10 s                  ; Yes                        ; Yes                        ; 2.62 V                      ; 4.05e-08 V                  ; 2.72 V             ; -0.0349 V          ; 0.173 V                             ; 0.1 V                               ; 2.72e-10 s                 ; 2.69e-10 s                 ; Yes                       ; Yes                       ;
; LEDR[14]      ; 2.5 V        ; 0 s                 ; 0 s                 ; 2.62 V                       ; 4.05e-08 V                   ; 2.72 V              ; -0.0349 V           ; 0.173 V                              ; 0.1 V                                ; 2.72e-10 s                  ; 2.69e-10 s                  ; Yes                        ; Yes                        ; 2.62 V                      ; 4.05e-08 V                  ; 2.72 V             ; -0.0349 V          ; 0.173 V                             ; 0.1 V                               ; 2.72e-10 s                 ; 2.69e-10 s                 ; Yes                       ; Yes                       ;
; LEDR[15]      ; 2.5 V        ; 0 s                 ; 0 s                 ; 2.62 V                       ; 4.05e-08 V                   ; 2.64 V              ; -0.0113 V           ; 0.208 V                              ; 0.179 V                              ; 2.38e-09 s                  ; 2.23e-09 s                  ; No                         ; Yes                        ; 2.62 V                      ; 4.05e-08 V                  ; 2.64 V             ; -0.0113 V          ; 0.208 V                             ; 0.179 V                             ; 2.38e-09 s                 ; 2.23e-09 s                 ; No                        ; Yes                       ;
; LEDR[16]      ; 2.5 V        ; 0 s                 ; 0 s                 ; 2.62 V                       ; 4.05e-08 V                   ; 2.72 V              ; -0.0349 V           ; 0.173 V                              ; 0.1 V                                ; 2.72e-10 s                  ; 2.69e-10 s                  ; Yes                        ; Yes                        ; 2.62 V                      ; 4.05e-08 V                  ; 2.72 V             ; -0.0349 V          ; 0.173 V                             ; 0.1 V                               ; 2.72e-10 s                 ; 2.69e-10 s                 ; Yes                       ; Yes                       ;
; LEDR[17]      ; 2.5 V        ; 0 s                 ; 0 s                 ; 2.62 V                       ; 4.05e-08 V                   ; 2.72 V              ; -0.0349 V           ; 0.173 V                              ; 0.1 V                                ; 2.72e-10 s                  ; 2.69e-10 s                  ; Yes                        ; Yes                        ; 2.62 V                      ; 4.05e-08 V                  ; 2.72 V             ; -0.0349 V          ; 0.173 V                             ; 0.1 V                               ; 2.72e-10 s                 ; 2.69e-10 s                 ; Yes                       ; Yes                       ;
; LEDG[0]       ; 2.5 V        ; 0 s                 ; 0 s                 ; 2.62 V                       ; 4.05e-08 V                   ; 2.72 V              ; -0.0349 V           ; 0.173 V                              ; 0.1 V                                ; 2.72e-10 s                  ; 2.69e-10 s                  ; Yes                        ; Yes                        ; 2.62 V                      ; 4.05e-08 V                  ; 2.72 V             ; -0.0349 V          ; 0.173 V                             ; 0.1 V                               ; 2.72e-10 s                 ; 2.69e-10 s                 ; Yes                       ; Yes                       ;
; LEDG[1]       ; 2.5 V        ; 0 s                 ; 0 s                 ; 2.62 V                       ; 4.05e-08 V                   ; 2.72 V              ; -0.0349 V           ; 0.173 V                              ; 0.1 V                                ; 2.72e-10 s                  ; 2.69e-10 s                  ; Yes                        ; Yes                        ; 2.62 V                      ; 4.05e-08 V                  ; 2.72 V             ; -0.0349 V          ; 0.173 V                             ; 0.1 V                               ; 2.72e-10 s                 ; 2.69e-10 s                 ; Yes                       ; Yes                       ;
; LEDG[2]       ; 2.5 V        ; 0 s                 ; 0 s                 ; 2.62 V                       ; 4.05e-08 V                   ; 2.72 V              ; -0.0349 V           ; 0.173 V                              ; 0.1 V                                ; 2.72e-10 s                  ; 2.69e-10 s                  ; Yes                        ; Yes                        ; 2.62 V                      ; 4.05e-08 V                  ; 2.72 V             ; -0.0349 V          ; 0.173 V                             ; 0.1 V                               ; 2.72e-10 s                 ; 2.69e-10 s                 ; Yes                       ; Yes                       ;
; LEDG[3]       ; 2.5 V        ; 0 s                 ; 0 s                 ; 2.62 V                       ; 4.05e-08 V                   ; 2.72 V              ; -0.0349 V           ; 0.173 V                              ; 0.1 V                                ; 2.72e-10 s                  ; 2.69e-10 s                  ; Yes                        ; Yes                        ; 2.62 V                      ; 4.05e-08 V                  ; 2.72 V             ; -0.0349 V          ; 0.173 V                             ; 0.1 V                               ; 2.72e-10 s                 ; 2.69e-10 s                 ; Yes                       ; Yes                       ;
; LEDG[4]       ; 2.5 V        ; 0 s                 ; 0 s                 ; 2.62 V                       ; 4.05e-08 V                   ; 2.72 V              ; -0.0349 V           ; 0.173 V                              ; 0.1 V                                ; 2.72e-10 s                  ; 2.69e-10 s                  ; Yes                        ; Yes                        ; 2.62 V                      ; 4.05e-08 V                  ; 2.72 V             ; -0.0349 V          ; 0.173 V                             ; 0.1 V                               ; 2.72e-10 s                 ; 2.69e-10 s                 ; Yes                       ; Yes                       ;
; LEDG[5]       ; 2.5 V        ; 0 s                 ; 0 s                 ; 2.62 V                       ; 4.05e-08 V                   ; 2.72 V              ; -0.0349 V           ; 0.173 V                              ; 0.1 V                                ; 2.72e-10 s                  ; 2.69e-10 s                  ; Yes                        ; Yes                        ; 2.62 V                      ; 4.05e-08 V                  ; 2.72 V             ; -0.0349 V          ; 0.173 V                             ; 0.1 V                               ; 2.72e-10 s                 ; 2.69e-10 s                 ; Yes                       ; Yes                       ;
; LEDG[6]       ; 2.5 V        ; 0 s                 ; 0 s                 ; 2.62 V                       ; 4.05e-08 V                   ; 2.72 V              ; -0.0349 V           ; 0.173 V                              ; 0.1 V                                ; 2.72e-10 s                  ; 2.69e-10 s                  ; Yes                        ; Yes                        ; 2.62 V                      ; 4.05e-08 V                  ; 2.72 V             ; -0.0349 V          ; 0.173 V                             ; 0.1 V                               ; 2.72e-10 s                 ; 2.69e-10 s                 ; Yes                       ; Yes                       ;
; LEDG[7]       ; 2.5 V        ; 0 s                 ; 0 s                 ; 2.62 V                       ; 4.05e-08 V                   ; 2.72 V              ; -0.0349 V           ; 0.173 V                              ; 0.1 V                                ; 2.72e-10 s                  ; 2.69e-10 s                  ; Yes                        ; Yes                        ; 2.62 V                      ; 4.05e-08 V                  ; 2.72 V             ; -0.0349 V          ; 0.173 V                             ; 0.1 V                               ; 2.72e-10 s                 ; 2.69e-10 s                 ; Yes                       ; Yes                       ;
; LEDG[8]       ; 2.5 V        ; 0 s                 ; 0 s                 ; 2.62 V                       ; 4.05e-08 V                   ; 2.72 V              ; -0.0349 V           ; 0.173 V                              ; 0.1 V                                ; 2.72e-10 s                  ; 2.69e-10 s                  ; Yes                        ; Yes                        ; 2.62 V                      ; 4.05e-08 V                  ; 2.72 V             ; -0.0349 V          ; 0.173 V                             ; 0.1 V                               ; 2.72e-10 s                 ; 2.69e-10 s                 ; Yes                       ; Yes                       ;
; UART_TXD      ; 2.5 V        ; 0 s                 ; 0 s                 ; 2.62 V                       ; 4.05e-08 V                   ; 2.64 V              ; -0.0113 V           ; 0.208 V                              ; 0.179 V                              ; 2.38e-09 s                  ; 2.23e-09 s                  ; No                         ; Yes                        ; 2.62 V                      ; 4.05e-08 V                  ; 2.64 V             ; -0.0113 V          ; 0.208 V                             ; 0.179 V                             ; 2.38e-09 s                 ; 2.23e-09 s                 ; No                        ; Yes                       ;
; ~ALTERA_DCLK~ ; 2.5 V        ; 0 s                 ; 0 s                 ; 2.62 V                       ; 2.22e-08 V                   ; 2.74 V              ; -0.06 V             ; 0.158 V                              ; 0.08 V                               ; 2.68e-10 s                  ; 2.19e-10 s                  ; Yes                        ; Yes                        ; 2.62 V                      ; 2.22e-08 V                  ; 2.74 V             ; -0.06 V            ; 0.158 V                             ; 0.08 V                              ; 2.68e-10 s                 ; 2.19e-10 s                 ; Yes                       ; Yes                       ;
; ~ALTERA_nCEO~ ; 2.5 V        ; 0 s                 ; 0 s                 ; 2.62 V                       ; 3.54e-08 V                   ; 2.7 V               ; -0.00943 V          ; 0.276 V                              ; 0.035 V                              ; 3.19e-10 s                  ; 4.99e-10 s                  ; No                         ; Yes                        ; 2.62 V                      ; 3.54e-08 V                  ; 2.7 V              ; -0.00943 V         ; 0.276 V                             ; 0.035 V                             ; 3.19e-10 s                 ; 4.99e-10 s                 ; No                        ; Yes                       ;
+---------------+--------------+---------------------+---------------------+------------------------------+------------------------------+---------------------+---------------------+--------------------------------------+--------------------------------------+-----------------------------+-----------------------------+----------------------------+----------------------------+-----------------------------+-----------------------------+--------------------+--------------------+-------------------------------------+-------------------------------------+----------------------------+----------------------------+---------------------------+---------------------------+


+-------------------------------------------------------------------+
; Setup Transfers                                                   ;
+------------+----------+----------+----------+----------+----------+
; From Clock ; To Clock ; RR Paths ; FR Paths ; RF Paths ; FF Paths ;
+------------+----------+----------+----------+----------+----------+
; CLOCK_50   ; CLOCK_50 ; 83069181 ; 1024     ; 11901    ; 0        ;
+------------+----------+----------+----------+----------+----------+
Entries labeled "false path" only account for clock-to-clock false paths and not path-based false paths. As a result, actual path counts may be lower than reported.


+-------------------------------------------------------------------+
; Hold Transfers                                                    ;
+------------+----------+----------+----------+----------+----------+
; From Clock ; To Clock ; RR Paths ; FR Paths ; RF Paths ; FF Paths ;
+------------+----------+----------+----------+----------+----------+
; CLOCK_50   ; CLOCK_50 ; 83069181 ; 1024     ; 11901    ; 0        ;
+------------+----------+----------+----------+----------+----------+
Entries labeled "false path" only account for clock-to-clock false paths and not path-based false paths. As a result, actual path counts may be lower than reported.


---------------
; Report TCCS ;
---------------
No dedicated SERDES Transmitter circuitry present in device or used in design


---------------
; Report RSKM ;
---------------
No non-DPA dedicated SERDES Receiver circuitry present in device or used in design


+------------------------------------------------+
; Unconstrained Paths Summary                    ;
+---------------------------------+-------+------+
; Property                        ; Setup ; Hold ;
+---------------------------------+-------+------+
; Illegal Clocks                  ; 0     ; 0    ;
; Unconstrained Clocks            ; 0     ; 0    ;
; Unconstrained Input Ports       ; 0     ; 0    ;
; Unconstrained Input Port Paths  ; 0     ; 0    ;
; Unconstrained Output Ports      ; 0     ; 0    ;
; Unconstrained Output Port Paths ; 0     ; 0    ;
+---------------------------------+-------+------+


+------------------------------------------+
; Clock Status Summary                     ;
+----------+----------+------+-------------+
; Target   ; Clock    ; Type ; Status      ;
+----------+----------+------+-------------+
; CLOCK_50 ; CLOCK_50 ; Base ; Constrained ;
+----------+----------+------+-------------+


+--------------------------+
; Timing Analyzer Messages ;
+--------------------------+
Info: *******************************************************************
Info: Running Quartus Prime Timing Analyzer
    Info: Version 21.1.1 Build 850 06/23/2022 SJ Lite Edition
    Info: Processing started: Wed Jun  3 15:34:15 2026
Info: Command: quartus_sta ProjetoOAC -c ProjetoOAC
Info: qsta_default_script.tcl version: #1
Warning (18236): Number of processors has not been specified which may cause overloading on shared machines.  Set the global assignment NUM_PARALLEL_PROCESSORS in your QSF to an appropriate value for best performance.
Info (20030): Parallel compilation is enabled and will use 16 of the 16 processors detected
Info (21077): Low junction temperature is 0 degrees C
Info (21077): High junction temperature is 85 degrees C
Info (332104): Reading SDC File: 'pl_top_no_pll.sdc'
Info (332151): Clock uncertainty is not calculated until you update the timing netlist.
Info (332123): Deriving Clock Uncertainty. Please refer to report_sdc in the Timing Analyzer to see clock uncertainties.
Info: Found TIMING_ANALYZER_REPORT_SCRIPT_INCLUDE_DEFAULT_ANALYSIS = ON
Info: Analyzing Slow 1200mV 85C Model
Info (332146): Worst-case setup slack is 1.698
    Info (332119):     Slack       End Point TNS Clock 
    Info (332119): ========= =================== =====================
    Info (332119):     1.698               0.000 CLOCK_50 
Info (332146): Worst-case hold slack is 0.402
    Info (332119):     Slack       End Point TNS Clock 
    Info (332119): ========= =================== =====================
    Info (332119):     0.402               0.000 CLOCK_50 
Info (332140): No Recovery paths to report
Info (332140): No Removal paths to report
Info (332146): Worst-case minimum pulse width slack is 9.642
    Info (332119):     Slack       End Point TNS Clock 
    Info (332119): ========= =================== =====================
    Info (332119):     9.642               0.000 CLOCK_50 
Info (332114): Report Metastability: Found 1 synchronizer chains.
    Info (332114): The design MTBF is not calculated because there are no specified synchronizers in the design.
    Info (332114): Number of Synchronizer Chains Found: 1
    Info (332114): Shortest Synchronizer Chain: 2 Registers
    Info (332114): Fraction of Chains for which MTBFs Could Not be Calculated: 1.000
    Info (332114): Worst Case Available Settling Time: 30.685 ns
    Info (332114): 
Info: Analyzing Slow 1200mV 0C Model
Info (334003): Started post-fitting delay annotation
Info (334004): Delay annotation completed successfully
Info (332123): Deriving Clock Uncertainty. Please refer to report_sdc in the Timing Analyzer to see clock uncertainties.
Info (332146): Worst-case setup slack is 2.906
    Info (332119):     Slack       End Point TNS Clock 
    Info (332119): ========= =================== =====================
    Info (332119):     2.906               0.000 CLOCK_50 
Info (332146): Worst-case hold slack is 0.353
    Info (332119):     Slack       End Point TNS Clock 
    Info (332119): ========= =================== =====================
    Info (332119):     0.353               0.000 CLOCK_50 
Info (332140): No Recovery paths to report
Info (332140): No Removal paths to report
Info (332146): Worst-case minimum pulse width slack is 9.656
    Info (332119):     Slack       End Point TNS Clock 
    Info (332119): ========= =================== =====================
    Info (332119):     9.656               0.000 CLOCK_50 
Info (332114): Report Metastability: Found 1 synchronizer chains.
    Info (332114): The design MTBF is not calculated because there are no specified synchronizers in the design.
    Info (332114): Number of Synchronizer Chains Found: 1
    Info (332114): Shortest Synchronizer Chain: 2 Registers
    Info (332114): Fraction of Chains for which MTBFs Could Not be Calculated: 1.000
    Info (332114): Worst Case Available Settling Time: 31.389 ns
    Info (332114): 
Info: Analyzing Fast 1200mV 0C Model
Info (332123): Deriving Clock Uncertainty. Please refer to report_sdc in the Timing Analyzer to see clock uncertainties.
Info (332146): Worst-case setup slack is 5.652
    Info (332119):     Slack       End Point TNS Clock 
    Info (332119): ========= =================== =====================
    Info (332119):     5.652               0.000 CLOCK_50 
Info (332146): Worst-case hold slack is 0.181
    Info (332119):     Slack       End Point TNS Clock 
    Info (332119): ========= =================== =====================
    Info (332119):     0.181               0.000 CLOCK_50 
Info (332140): No Recovery paths to report
Info (332140): No Removal paths to report
Info (332146): Worst-case minimum pulse width slack is 9.375
    Info (332119):     Slack       End Point TNS Clock 
    Info (332119): ========= =================== =====================
    Info (332119):     9.375               0.000 CLOCK_50 
Info (332114): Report Metastability: Found 1 synchronizer chains.
    Info (332114): The design MTBF is not calculated because there are no specified synchronizers in the design.
    Info (332114): Number of Synchronizer Chains Found: 1
    Info (332114): Shortest Synchronizer Chain: 2 Registers
    Info (332114): Fraction of Chains for which MTBFs Could Not be Calculated: 1.000
    Info (332114): Worst Case Available Settling Time: 35.156 ns
    Info (332114): 
Info (332101): Design is fully constrained for setup requirements
Info (332101): Design is fully constrained for hold requirements
Info: Quartus Prime Timing Analyzer was successful. 0 errors, 1 warning
    Info: Peak virtual memory: 5173 megabytes
    Info: Processing ended: Wed Jun  3 15:34:20 2026
    Info: Elapsed time: 00:00:05
    Info: Total CPU time (on all processors): 00:00:08


